data_period,city_admin,subdistrict,ward,water_height_cm,people_affected,max_evacuees,deaths,max_water_cm
201603,JAKARTA TIMUR,Pasar Rebo,GEDONG,30 - 40,0,0.0,0.0,40.0
201603,JAKARTA TIMUR,Pasar Rebo,PEKAYON,50 - 60,0,0.0,0.0,60.0
201603,JAKARTA UTARA,Pademangan,PADEMANGAN BARAT,30 - 40,0,0.0,0.0,40.0
201603,JAKARTA PUSAT,Gambir,GAMBIR,30,0,0.0,0.0,30.0
201607,JAKARTA BARAT,Cengkareng,RAWA BUAYA,30 - 50,50,0.0,0.0,50.0
201607,JAKARTA SELATAN,Grogol Petamburan,JELAMBAR,30,0,0.0,0.0,30.0
201607,JAKARTA SELATAN,Kebon Jeruk,KEDOYA SELATAN,30 - 60,0,0.0,0.0,60.0
201607,JAKARTA SELATAN,Kembangan,KEMBANGAN SELATAN,20 - 50,336,0.0,0.0,50.0
201607,JAKARTA SELATAN,Cilandak,CILANDAK BARAT,20 - 30,0,0.0,0.0,30.0
201607,JAKARTA SELATAN,Cilandak,LEBAK BULUS,70 - 100,2493,75.0,0.0,100.0
201607,JAKARTA SELATAN,Cilandak,PONDOK LABU,70 - 100,647,18.0,0.0,100.0
201607,JAKARTA SELATAN,Jagakarsa,JAGAKARSA,15 - 20,0,0.0,0.0,20.0
201607,JAKARTA SELATAN,Kebayoran Lama,CIPULIR,30 - 100,0,0.0,0.0,100.0
201607,JAKARTA SELATAN,Kebayoran Lama,KEBAYORAN LAMA UTARA,10 - 25,0,0.0,0.0,25.0
201607,JAKARTA SELATAN,Kebayoran Lama,PONDOK PINANG,30 - 190,713,16.0,0.0,190.0
201607,JAKARTA SELATAN,Pasar Minggu,JATI PADANG,20 - 40,0,0.0,0.0,40.0
201607,JAKARTA SELATAN,Pesanggrahan,BINTARO,20 - 50,673,0.0,0.0,50.0
201607,JAKARTA SELATAN,Pesanggrahan,ULUJAMI,50 - 120,239,60.0,0.0,120.0
201607,JAKARTA SELATAN,Tebet,BUKIT DURI,30 - 50,0,0.0,0.0,50.0
201607,JAKARTA SELATAN,Kebayoran Baru,PETOGOGAN,20 - 50,0,0.0,0.0,50.0
201607,JAKARTA TIMUR,Cipayung,BAMBU APUS,20,0,0.0,0.0,20.0
201607,JAKARTA TIMUR,Ciracas,CIRACAS,20 - 40,0,0.0,0.0,40.0
201607,JAKARTA TIMUR,Ciracas,KELAPA DUA WETAN,30 - 50,2217,0.0,0.0,50.0
201607,JAKARTA TIMUR,Ciracas,RAMBUTAN,30 - 150,550,0.0,0.0,150.0
201607,JAKARTA TIMUR,Makasar,CIPINANG MELAYU,20 - 80,150,14.0,0.0,80.0
201607,JAKARTA TIMUR,Makasar,HALIM PERDANA KUSUMA,10 - 50,0,0.0,0.0,50.0
201607,JAKARTA TIMUR,Pasar Rebo,BARU,50 - 160,0,0.0,0.0,160.0
201607,JAKARTA TIMUR,Pasar Rebo,CIJANTUNG,20 - 70,0,0.0,0.0,70.0
201607,JAKARTA TIMUR,Pasar Rebo,KALISARI,40 - 100,0,0.0,0.0,100.0
201607,JAKARTA TIMUR,Pasar Rebo,PEKAYON,30 - 50,0,0.0,0.0,50.0
201609,JAKARTA BARAT,Cengkareng,RAWA BUAYA,60 -150,0,0.0,0.0,150.0
201609,JAKARTA BARAT,Kebon Jeruk,KEDOYA SELATAN,10 - 40,0,0.0,0.0,40.0
201609,JAKARTA BARAT,Kebon Jeruk,KEDOYA UTARA,10 - 40,0,0.0,0.0,40.0
201609,JAKARTA BARAT,Kembangan,KEMBANGAN SELATAN,10 - 20,0,0.0,0.0,20.0
201609,JAKARTA BARAT,Kembangan,KEMBANGAN UTARA,20 - 60,0,0.0,0.0,60.0
201609,JAKARTA SELATAN,Pasar Minggu,CILANDAK TIMUR,20 - 60,0,0.0,0.0,60.0
201609,JAKARTA SELATAN,Pasar Minggu,PASAR MINGGU,10 - 40,0,0.0,0.0,40.0
201609,JAKARTA SELATAN,Kebayoran Baru,CIPETE UTARA,10 - 100,829,0.0,0.0,100.0
201609,JAKARTA SELATAN,Kebayoran Baru,PETOGOGAN,5 - 70,7362,0.0,0.0,70.0
201601,JAKARTA SELATAN,Kebayoran Baru,CIPETE UTARA,30 - 40,0,0.0,0.0,40.0
201601,JAKARTA SELATAN,Kebayoran Baru,PETOGOGAN,20 - 60,1685,0.0,0.0,60.0
201601,JAKARTA SELATAN,Kebayoran Baru,RAWA BARAT,15 - 20,0,0.0,0.0,20.0
201601,JAKARTA SELATAN,Kebayoran Lama,CIPULIR,10 - 80,0,0.0,0.0,80.0
201601,JAKARTA SELATAN,Kebayoran Lama,PONDOK PINANG,20 - 25,0,0.0,0.0,25.0
201601,JAKARTA SELATAN,Pancoran,RAWAJATI,10 - 20,0,0.0,0.0,20.0
201601,JAKARTA SELATAN,Pasar Minggu,PEJATEN TIMUR,10 - 15,0,0.0,0.0,15.0
201601,JAKARTA SELATAN,Pesanggrahan,ULUJAMI,10 - 40,152,0.0,0.0,40.0
201601,JAKARTA SELATAN,Tebet,BUKIT DURI,10 - 15,378,0.0,0.0,15.0
201601,JAKARTA SELATAN,Tebet,KEBON BARU,10 - 20,0,0.0,0.0,20.0
201601,JAKARTA TIMUR,Jatinegara,BIDARA CINA,10 - 20,0,0.0,0.0,20.0
201601,JAKARTA TIMUR,Jatinegara,KAMPUNG MELAYU,40 - 70,1636,0.0,0.0,70.0
201601,JAKARTA TIMUR,Kramat Jati,CAWANG,10 - 20,0,0.0,0.0,20.0
201602,JAKARTA BARAT,Cengkareng,CENGKARENG BARAT,40 - 80,21711,243.0,0.0,80.0
201602,JAKARTA BARAT,Cengkareng,CENGKARENG TIMUR,10 - 100,0,0.0,0.0,100.0
201602,JAKARTA BARAT,Cengkareng,DURI KOSAMBI,30 - 100,1019,150.0,0.0,100.0
201602,JAKARTA BARAT,Cengkareng,KAPUK,5 - 30,0,0.0,0.0,30.0
201602,JAKARTA BARAT,Cengkareng,KEDAUNG KALI ANGKE,10 - 50,1225,50.0,0.0,50.0
201602,JAKARTA BARAT,Cengkareng,RAWA BUAYA,30 - 100,443,443.0,0.0,100.0
201602,JAKARTA BARAT,Grogol Petamburan,WIJAYA KESUMA,30 - 50,0,0.0,0.0,50.0
201602,JAKARTA BARAT,Kalideres,KALIDERES,20 - 60,0,0.0,0.0,60.0
201602,JAKARTA BARAT,Kalideres,KAMAL,25 - 30,500,0.0,0.0,30.0
201602,JAKARTA BARAT,Kalideres,PEGADUNGAN,20 - 30,0,0.0,0.0,30.0
201602,JAKARTA BARAT,Kalideres,TEGAL ALUR,80 - 100,280,69.0,0.0,100.0
201602,JAKARTA BARAT,Kebon Jeruk,KEDOYA UTARA,20 - 40,0,0.0,0.0,40.0
201602,JAKARTA BARAT,Kebon Jeruk,KELAPA DUA,10 - 30,0,0.0,0.0,30.0
201602,JAKARTA BARAT,Kembangan,JOGLO,5 - 30,0,0.0,0.0,30.0
201602,JAKARTA BARAT,Kembangan,KEMBANGAN UTARA,20 - 70,40,40.0,0.0,70.0
201602,JAKARTA BARAT,Kembangan,MERUYA UTARA,15 - 25,0,0.0,0.0,25.0
201602,JAKARTA BARAT,Kembangan,SRENGSENG,15 - 30,0,0.0,0.0,30.0
201602,JAKARTA SELATAN,Cilandak,CILANDAK BARAT,40 - 70,0,0.0,0.0,70.0
201602,JAKARTA SELATAN,Cilandak,LEBAK BULUS,20 - 40,0,0.0,0.0,40.0
201602,JAKARTA SELATAN,Cilandak,PONDOK LABU,20 - 200,0,0.0,0.0,200.0
201602,JAKARTA SELATAN,Jagakarsa,CIGANJUR,20 - 60,168,72.0,0.0,60.0
201602,JAKARTA SELATAN,Jagakarsa,JAGAKARSA,15 - 30,0,0.0,0.0,30.0
201602,JAKARTA SELATAN,Jagakarsa,LENTENG AGUNG,50,0,0.0,0.0,50.0
201602,JAKARTA SELATAN,Jagakarsa,SRENGSENG SAWAH,10 - 30,362,0.0,0.0,30.0
201602,JAKARTA SELATAN,Kebayoran Baru,CIPETE UTARA,20 - 60,0,0.0,0.0,60.0
201602,JAKARTA SELATAN,Kebayoran Baru,PETOGOGAN,50,0,0.0,0.0,50.0
201602,JAKARTA SELATAN,Kebayoran Lama,GROGOL UTARA,5 - 10,0,0.0,0.0,10.0
201602,JAKARTA SELATAN,Mampang Prapatan,BANGKA,30 - 50,2062,0.0,0.0,50.0
201602,JAKARTA SELATAN,Mampang Prapatan,PELA MAMPANG,10 - 30,0,0.0,0.0,30.0
201602,JAKARTA SELATAN,Pancoran,KALIBATA,0 - 20,0,0.0,0.0,20.0
201602,JAKARTA SELATAN,Pancoran,PENGADEGAN,30 - 50,0,0.0,0.0,50.0
201602,JAKARTA SELATAN,Pancoran,RAWAJATI,10 - 70,0,0.0,0.0,70.0
201602,JAKARTA SELATAN,Pasar Minggu,KEBAGUSAN,30,0,0.0,0.0,30.0
201602,JAKARTA SELATAN,Pasar Minggu,PEJATEN TIMUR,80,443,0.0,0.0,80.0
201602,JAKARTA SELATAN,Tebet,BUKIT DURI,10 - 50,0,0.0,0.0,50.0
201602,JAKARTA SELATAN,Tebet,KEBON BARU,10 - 20,0,0.0,0.0,20.0
201602,JAKARTA TIMUR,Cakung,CAKUNG BARAT,30 - 70,0,0.0,0.0,70.0
201602,JAKARTA TIMUR,Cakung,CAKUNG TIMUR,0 - 30,0,0.0,0.0,30.0
201602,JAKARTA TIMUR,Cakung,JATINEGARA,10 - 20,0,0.0,0.0,20.0
201602,JAKARTA TIMUR,Cakung,RAWA TERATE,10 - 90,0,0.0,0.0,90.0
201602,JAKARTA TIMUR,Cipayung,CILANGKAP,10 - 20,0,0.0,0.0,20.0
201602,JAKARTA TIMUR,Cipayung,PONDOK RANGGON,30 - 40,0,0.0,0.0,40.0
201602,JAKARTA TIMUR,Ciracas,CIBUBUR,40 - 100,1500,0.0,0.0,100.0
201602,JAKARTA TIMUR,Ciracas,CIRACAS,30 - 80,300,0.0,0.0,80.0
201602,JAKARTA TIMUR,Ciracas,KELAPA DUA WETAN,20 - 90,0,0.0,0.0,90.0
201602,JAKARTA TIMUR,Ciracas,RAMBUTAN,30 - 80,60,30.0,0.0,80.0
201602,JAKARTA TIMUR,Jatinegara,BIDARA CINA,50 - 80,330,0.0,0.0,80.0
201602,JAKARTA TIMUR,Jatinegara,CIPINANG MUARA,0 - 30,780,0.0,0.0,30.0
201602,JAKARTA TIMUR,Jatinegara,KAMPUNG MELAYU,60 - 120,6687,0.0,0.0,120.0
201602,JAKARTA TIMUR,Kramat Jati,BALE KAMBANG,30 - 40,0,0.0,0.0,40.0
201602,JAKARTA TIMUR,Kramat Jati,BATU AMPAR,0 - 30,0,0.0,0.0,30.0
201602,JAKARTA TIMUR,Kramat Jati,CAWANG,10 - 120,6197,0.0,0.0,120.0
201602,JAKARTA TIMUR,Kramat Jati,CILILITAN,150 - 200,387,0.0,0.0,200.0
201602,JAKARTA TIMUR,Kramat Jati,DUKUH,20 - 40,0,0.0,0.0,40.0
201602,JAKARTA TIMUR,Makasar,CIPINANG MELAYU,40 - 100,40,40.0,0.0,100.0
201602,JAKARTA TIMUR,Makasar,HALIM PERDANA KUSUMA,20 - 50,3200,0.0,0.0,50.0
201602,JAKARTA TIMUR,Makasar,KEBON PALA,30,0,0.0,0.0,30.0
201602,JAKARTA TIMUR,Pasar Rebo,BARU,20 - 50,0,0.0,0.0,50.0
201602,JAKARTA TIMUR,Pasar Rebo,CIJANTUNG,0 - 30,15,0.0,0.0,30.0
201602,JAKARTA TIMUR,Pasar Rebo,GEDONG,0 - 50,0,0.0,0.0,50.0
201602,JAKARTA TIMUR,Pasar Rebo,KALISARI,50 - 70,1305,0.0,0.0,70.0
201602,JAKARTA TIMUR,Pasar Rebo,PEKAYON,50 - 100,0,0.0,0.0,100.0
201602,JAKARTA TIMUR,Pulo Gadung,RAWAMANGUN,30 - 40,0,0.0,0.0,40.0
201602,JAKARTA UTARA,Cilincing,KALI BARU,5 - 10,0,0.0,0.0,10.0
201602,JAKARTA UTARA,Cilincing,SEMPER BARAT,0 - 20,0,0.0,0.0,20.0
201602,JAKARTA UTARA,Cilincing,SEMPER TIMUR,10 - 25,0,0.0,0.0,25.0
201602,JAKARTA UTARA,Cilincing,SUKAPURA,10 - 20,0,0.0,0.0,20.0
201602,JAKARTA UTARA,Kelapa Gading,KELAPA GADING TIMUR,15 - 20,0,0.0,0.0,20.0
201602,JAKARTA UTARA,Koja,TUGU SELATAN,20,0,0.0,0.0,20.0
201602,JAKARTA UTARA,Penjaringan,KAPUK MUARA,20,0,0.0,0.0,20.0
201602,KOSONG,Kosong,KOSONG,KOSONG,KOSONG,0.0,0.0,
201602,KOSONG,Kosong,KOSONG,KOSONG,KOSONG,0.0,0.0,
201605,JAKARTA BARAT,Kebon Jeruk,DURI KEPA,60,0,0.0,0.0,60.0
201605,JAKARTA BARAT,Kebon Jeruk,KEDOYA SELATAN,60 - 80,0,0.0,0.0,80.0
201605,JAKARTA BARAT,Kedoya Selatan,KEMBANGAN SELATAN,10 - 30,0,0.0,0.0,30.0
201605,JAKARTA SELATAN,Cilandak,PONDOK LABU,30 - 70,0,0.0,0.0,70.0
201605,JAKARTA SELATAN,Kebayoran Lama,CIPULIR,40 - 100,0,0.0,0.0,100.0
201605,JAKARTA SELATAN,Pesanggrahan,ULUJAMI,15 - 20,0,0.0,0.0,20.0
201605,JAKARTA SELATAN,Pancoran,PENGADENGAN,10 - 20,0,0.0,0.0,20.0
201605,JAKARTA SELATAN,Pancoran,RAWAJATI,50 -70,0,0.0,0.0,70.0
201605,JAKARTA SELATAN,Pasar Minggu,PEJATEN TIMUR,30 - 60,0,0.0,0.0,60.0
201605,JAKARTA TIMUR,Jatinegara,BIDARA CINA,5 - 20,0,0.0,0.0,20.0
201605,JAKARTA TIMUR,Duren Sawit,PONDOK KELAPA,30 - 50,100,0.0,0.0,50.0
201605,JAKARTA TIMUR,Kramat Jati,CAWANG,30 - 80,5899,0.0,0.0,80.0
201605,JAKARTA TIMUR,Kramat Jati,CILILITAN,20 - 200,272,0.0,0.0,200.0
201605,JAKARTA TIMUR,Kramat Jati,DUKUH,30,0,0.0,0.0,30.0
201603,JAKARTA BARAT,Cengkareng,RAWA BUAYA,5 - 25,0,0.0,0.0,25.0
201603,JAKARTA BARAT,Taman Sari,PINANGSIA,10 - 50,0,0.0,0.0,50.0
201603,JAKARTA SELATAN,Cilandak,CILANDAK BARAT,50 - 60,0,0.0,0.0,60.0
201603,JAKARTA SELATAN,Cilandak,CIPETE SELATAN,80 - 85,225,200.0,0.0,85.0
201603,JAKARTA SELATAN,Cilandak,PONDOK LABU,20 - 100,425,0.0,0.0,100.0
201603,JAKARTA SELATAN,Jagakarsa,LENTENG AGUNG,20 - 70,0,0.0,0.0,70.0
201603,JAKARTA SELATAN,Jagakarsa,SRENGSENG SAWAH,30 - 100,8,0.0,0.0,100.0
201603,JAKARTA SELATAN,Jagakarsa,TANJUNG BARAT,100,0,0.0,0.0,100.0
201603,JAKARTA SELATAN,Kebayoran Baru,CIPETE UTARA,40 - 50,0,0.0,0.0,50.0
201603,JAKARTA SELATAN,Kebayoran Baru,PETOGOGAN,80,0,0.0,0.0,80.0
201603,JAKARTA SELATAN,Kebayoran Lama,CIPULIR,5 - 40,0,0.0,0.0,40.0
201603,JAKARTA SELATAN,Kebayoran Lama,KEBAYORAN LAMA UTARA,20 - 30,0,0.0,0.0,30.0
201603,JAKARTA SELATAN,Kebayoran Lama,PONDOK PINANG,80,0,0.0,0.0,80.0
201603,JAKARTA SELATAN,Mampang Prapatan,BANGKA,20 - 30,0,0.0,0.0,30.0
201603,JAKARTA SELATAN,Pancoran,KALIBATA,30 - 100,0,0.0,0.0,100.0
201603,JAKARTA SELATAN,Pancoran,PENGADENGAN,20 - 70,521,0.0,0.0,70.0
201603,JAKARTA SELATAN,Pancoran,RAWAJATI,20 - 100,675,0.0,0.0,100.0
201603,JAKARTA SELATAN,Pasar Minggu,CILANDAK TIMUR,30 - 80,85,30.0,0.0,80.0
201603,JAKARTA SELATAN,Pasar Minggu,JATIPADANG,30 - 150,700,365.0,0.0,150.0
201603,JAKARTA SELATAN,Pasar Minggu,KEBAGUSAN,50 - 130,1452,0.0,0.0,130.0
201603,JAKARTA SELATAN,Pasar Minggu,PEJATEN BARAT,30 - 120,1252,1222.0,0.0,120.0
201603,JAKARTA SELATAN,Pasar Minggu,PEJATEN TIMUR,100 - 250,1584,0.0,0.0,250.0
201603,JAKARTA SELATAN,Tebet,BUKIT DURI,20 - 80,4362,0.0,0.0,80.0
201603,JAKARTA SELATAN,Tebet,KEBON BARU,30 - 60,500,0.0,0.0,60.0
201603,JAKARTA TIMUR,Cipayung,BAMBU APUS,50 - 90,0,0.0,0.0,90.0
201603,JAKARTA TIMUR,Cipayung,CILANGKAP,10 - 70,0,0.0,0.0,70.0
201603,JAKARTA TIMUR,Cipayung,LUBANG BUAYA,40 - 50,340,0.0,0.0,50.0
201603,JAKARTA TIMUR,Cipayung,SETU,30 - 40,0,0.0,0.0,40.0
201603,JAKARTA TIMUR,Ciracas,CIBUBUR,30 - 80,0,0.0,0.0,80.0
201603,JAKARTA TIMUR,Ciracas,RAMBUTAN,20 - 120,1755,238.0,0.0,120.0
201603,JAKARTA TIMUR,Jatinegara,BIDARA CINA,20 - 100,2256,36.0,0.0,100.0
201603,JAKARTA TIMUR,Jatinegara,KAMPUNG MELAYU,100 - 125,2066,0.0,0.0,125.0
201603,JAKARTA TIMUR,Kramat Jati,BALE KAMBANG,20 - 100,934,0.0,0.0,100.0
201603,JAKARTA TIMUR,Kramat Jati,BATU AMPAR,50,0,0.0,0.0,50.0
201603,JAKARTA TIMUR,Kramat Jati,CAWANG,80 - 360,5899,85.0,0.0,360.0
201603,JAKARTA TIMUR,Kramat Jati,CILILITAN,20 - 200,1067,129.0,0.0,200.0
201603,JAKARTA TIMUR,Kramat Jati,DUKUH,30 - 150,861,0.0,0.0,150.0
201603,JAKARTA TIMUR,Kramat Jati,KAMPUNG TENGAH,100,0,0.0,0.0,100.0
201603,JAKARTA TIMUR,Kramat Jati,KRAMAT JATI,20,40,40.0,0.0,20.0
201603,JAKARTA TIMUR,Makasar,CIPINANG MELAYU,20 - 180,600,600.0,0.0,180.0
201603,JAKARTA TIMUR,Makasar,HALIM PERDANA KUSUMA,50 - 100,0,0.0,0.0,100.0
201610,JAKARTA BARAT,Kembangan,KEMBANGAN SELATAN,50,0,0.0,0.0,50.0
201610,JAKARTA BARAT,Kembangan,KEMBANGAN UTARA,50 - 80,10,0.0,0.0,80.0
201610,JAKARTA SELATAN,Cilandak,PONDOK LABU,10 - 40,0,0.0,0.0,40.0
201610,JAKARTA SELATAN,Cilandak,CIPETE SELATAN,20 - 40,0,0.0,0.0,40.0
201610,JAKARTA SELATAN,Jagakarsa,CIPEDAK,10 - 30,0,0.0,0.0,30.0
201610,JAKARTA SELATAN,Kebayoran Baru,GANDARIA UTARA,10 - 30,0,0.0,0.0,30.0
201610,JAKARTA SELATAN,Kebayoran Baru,PETOGOGAN,90,0,0.0,0.0,90.0
201610,JAKARTA SELATAN,Kebayoran Lama,CIPULIR,60,0,0.0,0.0,60.0
201610,JAKARTA SELATAN,Kebayoran Lama,KEBAYORAN LAMA UTARA,30 - 40,0,0.0,0.0,40.0
201610,JAKARTA SELATAN,Kebayoran Lama,PONDOK PINANG,10 - 40,0,0.0,0.0,40.0
201610,JAKARTA SELATAN,Mampang Prapatan,BANGKA,80,0,0.0,0.0,80.0
201610,JAKARTA SELATAN,Mampang Prapatan,PELA MAMPANG,20 - 40,0,0.0,0.0,40.0
201610,JAKARTA SELATAN,Pancoran,KALIBATA,50,0,0.0,0.0,50.0
201610,JAKARTA SELATAN,Pasar Minggu,CILANDAK TIMUR,20 - 40,0,0.0,0.0,40.0
201610,JAKARTA SELATAN,Pasar Minggu,PEJATEN TIMUR,10 - 90,270,0.0,0.0,90.0
201610,JAKARTA SELATAN,Tebet,BUKIT DURI,10 - 20,0,0.0,0.0,20.0
201610,JAKARTA TIMUR,Jatinegara,BIDARA CINA,20,0,0.0,0.0,20.0
201610,JAKARTA TIMUR,Jatinegara,KAMPUNG MELAYU,50 - 100,80,0.0,0.0,100.0
201610,JAKARTA TIMUR,Kramat Jati,CAWANG,30 - 100,3234,0.0,0.0,100.0
201610,JAKARTA TIMUR,Kramat Jati,CILILITAN,50 - 90,246,0.0,0.0,90.0
201609,JAKARTA SELATAN,Kebayoran Lama,CIPULIR,170,135,20.0,0.0,170.0
201609,JAKARTA SELATAN,Kebayoran Lama,PONDOK PINANG,10 - 95,780,9.0,0.0,95.0
201609,JAKARTA SELATAN,Kebayoran Lama,KEBAYORAN LAMA UTARA,10 - 30,0,0.0,0.0,30.0
201609,JAKARTA SELATAN,Mampang Prapatan,BANGKA,20 - 150,270,270.0,0.0,150.0
201609,JAKARTA SELATAN,Pancoran,RAWAJATI,10 - 20,0,0.0,0.0,20.0
201609,JAKARTA SELATAN,Pancoran,KALIBATA,30 - 50,0,0.0,0.0,50.0
201609,JAKARTA SELATAN,Pancoran,DUREN TIGA,50 - 60,0,0.0,0.0,60.0
201609,JAKARTA SELATAN,Pancoran,PANCORAN,10 - 30,0,0.0,0.0,30.0
201609,JAKARTA SELATAN,Tebet,BUKIT DURI,10 - 40,0,0.0,0.0,40.0
201609,JAKARTA SELATAN,Cilandak,PONDOK LABU,30 - 50,0,0.0,0.0,50.0
201609,JAKARTA SELATAN,Pesanggrahan,ULUJAMI,20 - 60,468,0.0,0.0,60.0
201609,JAKARTA TIMUR,Jatinegara,BIDARA CINA,10 - 50,0,0.0,0.0,50.0
201609,JAKARTA TIMUR,Jatinegara,KAMPUNG MELAYU,5 - 60,951,141.0,0.0,60.0
201609,JAKARTA TIMUR,Jatinegara,CIPINANG BESAR SELATAN,10 - 50,0,0.0,0.0,50.0
201609,JAKARTA TIMUR,Kramat Jati,CAWANG,10 -70,3886,0.0,0.0,70.0
201609,JAKARTA TIMUR,Kramat Jati,CILILITAN,20 - 50,50,0.0,0.0,50.0
201609,JAKARTA TIMUR,Kramat Jati,BATU AMPAR,20 - 40,0,0.0,0.0,40.0
201609,JAKARTA TIMUR,Kramat Jati,TENGAH,20 - 60,0,0.0,0.0,60.0
201609,JAKARTA TIMUR,Makasar,CIPINANG MELAYU,20 - 170,0,311.0,0.0,170.0
201609,JAKARTA TIMUR,Makasar,HALIM PERDANA KUSUMA,20 - 90,600,0.0,0.0,90.0
201609,JAKARTA TIMUR,Duren Sawit,PONDOK KELAPA,10 - 35,0,0.0,0.0,35.0
201609,JAKARTA UTARA,Tanjung Priok,SUNGAI BAMBU,10 - 20,0,0.0,0.0,20.0
201606,JAKARTA SELATAN,Cilandak,PONDOK LABU,30 - 60,0,0.0,0.0,60.0
201606,JAKARTA SELATAN,Jagakarta,LENTENG AGUNG,10,0,0.0,0.0,10.0
201606,JAKARTA SELATAN,Kebayoran Lama,CIPULIR,70,0,0.0,0.0,70.0
201606,JAKARTA SELATAN,Kebayoran Lama,PONDOK PINANG,15 - 65,0,0.0,0.0,65.0
201606,JAKARTA SELATAN,Pancoran,DUREN TIGA,20 - 30,0,0.0,0.0,30.0
201606,JAKARTA SELATAN,Pasar Minggu,PEJATEN TIMUR,20 - 30,0,0.0,0.0,30.0
201606,JAKARTA TIMUR,Ciracas,CIBUBUR,15,0,0.0,0.0,15.0
201606,JAKARTA TIMUR,Ciracas,CIRACAS,0 - 30,0,0.0,0.0,30.0
201606,JAKARTA TIMUR,Ciracas,KELAPA DUA WETAN,20 - 25,0,0.0,0.0,25.0
201606,JAKARTA TIMUR,Ciracas,RAMBUTA,0 - 30,0,0.0,0.0,30.0
201606,JAKARTA TIMUR,Ciracas,SUSUKAN,15,0,0.0,0.0,15.0
201606,JAKARTA TIMUR,Duren Sawit,PONDOK BAMBU,20 - 30,0,0.0,0.0,30.0
201606,JAKARTA TIMUR,Kramat Jati,BATU AMPAR,20 - 30,0,0.0,0.0,30.0
201606,JAKARTA TIMUR,Kramat Jati,CAWANG,10 - 50,5899,0.0,0.0,50.0
201606,JAKARTA TIMUR,Kramat Jati,CILILITAN,40 - 90,126,0.0,0.0,90.0
201606,JAKARTA TIMUR,Kramat Jati,DUKUH,15 - 30,0,0.0,0.0,30.0
201606,JAKARTA TIMUR,Kramat Jati,KRAMAT JATI,20 - 30,0,0.0,0.0,30.0
201606,JAKARTA TIMUR,Makasar,CIPINANG MELAYU,30 - 70,0,2.0,0.0,70.0
201606,JAKARTA TIMUR,Makasar,HALIM PERDANA KUSUMA,20 - 30,0,0.0,0.0,30.0
201606,JAKARTA TIMUR,Makasar,KEBON PALA,20 - 30,0,0.0,0.0,30.0
201606,JAKARTA UTARA,Cilincing,CILINCING,5 - 15,0,0.0,0.0,15.0
201606,JAKARTA UTARA,Cilincing,MARUNDA,10 - 15,0,0.0,0.0,15.0
201606,JAKARTA UTARA,Penjaringan,PENJARINGAN,10 - 30,0,0.0,0.0,30.0
201606,JAKARTA UTARA,Penjaringan,PLUIT,30 - 50,0,0.0,0.0,50.0
201604,JAKARTA BARAT,Cengkareng,RAWA BUAYA,5 - 25,0,0.0,0.0,25.0
201604,JAKARTA BARAT,Taman Sari,PINANGSIA,10 - 50,0,0.0,0.0,50.0
201604,JAKARTA SELATAN,Cilandak,CILANDAK BARAT,50 - 60,0,0.0,0.0,60.0
201604,JAKARTA SELATAN,Cilandak,CIPETE SELATAN,80 - 85,225,200.0,0.0,85.0
201604,JAKARTA SELATAN,Cilandak,PONDOK LABU,20 - 100,425,0.0,0.0,100.0
201604,JAKARTA SELATAN,Jagakarsa,LENTENG AGUNG,20 - 70,0,0.0,0.0,70.0
201604,JAKARTA SELATAN,Jagakarsa,SRENGSENG SAWAH,30 - 100,8,0.0,0.0,100.0
201604,JAKARTA SELATAN,Jagakarsa,TANJUNG BARAT,100,0,0.0,0.0,100.0
201604,JAKARTA SELATAN,Kebayoran Baru,CIPETE UTARA,40 - 50,0,0.0,0.0,50.0
201604,JAKARTA SELATAN,Kebayoran Baru,PETOGOGAN,80,0,0.0,0.0,80.0
201604,JAKARTA SELATAN,Kebayoran Lama,CIPULIR,5 - 40,0,0.0,0.0,40.0
201604,JAKARTA SELATAN,Kebayoran Lama,KEBAYORAN LAMA UTARA,20 - 30,0,0.0,0.0,30.0
201604,JAKARTA SELATAN,Kebayoran Lama,PONDOK PINANG,80,0,0.0,0.0,80.0
201604,JAKARTA SELATAN,Mampang Prapatan,BANGKA,20 - 30,0,0.0,0.0,30.0
201604,JAKARTA SELATAN,Pancoran,KALIBATA,30 - 100,0,0.0,0.0,100.0
201604,JAKARTA SELATAN,Pancoran,PENGADENGAN,20 - 70,521,0.0,0.0,70.0
201604,JAKARTA SELATAN,Pancoran,RAWAJATI,20 - 100,675,0.0,0.0,100.0
201604,JAKARTA SELATAN,Pasar Minggu,CILANDAK TIMUR,30 - 80,85,30.0,0.0,80.0
201604,JAKARTA SELATAN,Pasar Minggu,JATIPADANG,30 - 150,700,365.0,0.0,150.0
201604,JAKARTA SELATAN,Pasar Minggu,KEBAGUSAN,50 - 130,1452,0.0,0.0,130.0
201604,JAKARTA SELATAN,Pasar Minggu,PEJATEN BARAT,30 - 120,1252,1222.0,0.0,120.0
201604,JAKARTA SELATAN,Pasar Minggu,PEJATEN TIMUR,100 - 250,1584,0.0,0.0,250.0
201604,JAKARTA SELATAN,Tebet,BUKIT DURI,20 - 80,4362,0.0,0.0,80.0
201604,JAKARTA SELATAN,Tebet,KEBON BARU,30 - 60,500,0.0,0.0,60.0
201604,JAKARTA TIMUR,Cipayung,BAMBU APUS,50 - 90,0,0.0,0.0,90.0
201604,JAKARTA TIMUR,Cipayung,CILANGKAP,10 - 70,0,0.0,0.0,70.0
201604,JAKARTA TIMUR,Cipayung,LUBANG BUAYA,40 - 50,340,0.0,0.0,50.0
201604,JAKARTA TIMUR,Cipayung,SETU,30 - 40,0,0.0,0.0,40.0
201604,JAKARTA TIMUR,Ciracas,CIBUBUR,30 - 80,0,0.0,0.0,80.0
201604,JAKARTA TIMUR,Ciracas,RAMBUTAN,20 - 120,1755,238.0,0.0,120.0
201604,JAKARTA TIMUR,Jatinegara,BIDARA CINA,20 - 100,2256,36.0,0.0,100.0
201604,JAKARTA TIMUR,Jatinegara,KAMPUNG MELAYU,100 - 125,2066,0.0,0.0,125.0
201604,JAKARTA TIMUR,Kramat Jati,BALE KAMBANG,20 - 100,934,0.0,0.0,100.0
201604,JAKARTA TIMUR,Kramat Jati,BATU AMPAR,50,0,0.0,0.0,50.0
201604,JAKARTA TIMUR,Kramat Jati,CAWANG,80 - 360,5899,85.0,0.0,360.0
201604,JAKARTA TIMUR,Kramat Jati,CILILITAN,20 - 200,1067,129.0,0.0,200.0
201604,JAKARTA TIMUR,Kramat Jati,DUKUH,30 - 150,861,0.0,0.0,150.0
201604,JAKARTA TIMUR,Kramat Jati,KAMPUNG TENGAH,100,0,0.0,0.0,100.0
201604,JAKARTA TIMUR,Kramat Jati,KRAMAT JATI,20,40,40.0,0.0,20.0
201604,JAKARTA TIMUR,Makasar,CIPINANG MELAYU,20 - 180,600,600.0,0.0,180.0
201604,JAKARTA TIMUR,Makasar,HALIM PERDANA KUSUMA,50 - 100,0,0.0,0.0,100.0
201604,JAKARTA TIMUR,Pasar Rebo,GEDONG,30 - 40,0,0.0,0.0,40.0
201604,JAKARTA TIMUR,Pasar Rebo,PEKAYON,50 - 60,0,0.0,0.0,60.0
201604,JAKARTA UTARA,Pademangan,PADEMANGAN BARAT,30 - 40,0,0.0,0.0,40.0
201604,JAKARTA PUSAT,Gambir,GAMBIR,30,0,0.0,0.0,30.0
201608,JAKARTA BARAT,Grogol Petamburan,WIJAYA KESUMA,10 - 100,0,0.0,0.0,100.0
201608,JAKARTA BARAT,Kebon Jeruk,KEDOYA SELATAN,30,0,0.0,0.0,30.0
201608,JAKARTA BARAT,Kembangan,KEMBANGAN UTARA,50 - 60,94,0.0,0.0,60.0
201608,JAKARTA SELATAN,Cilandak,CIPETE SELATAN,10 - 60,0,0.0,0.0,60.0
201608,JAKARTA SELATAN,Cilandak,GANDARIA SELATAN,10 - 100,0,0.0,0.0,100.0
201608,JAKARTA SELATAN,Cilandak,PONDOK LABU,20 - 80,21514,0.0,0.0,80.0
201608,JAKARTA SELATAN,Kebayoran Baru,KRAMAT PELA,10 - 30,0,0.0,0.0,30.0
201608,JAKARTA SELATAN,Kebayoran Baru,PETOGOGAN,30 - 100,10108,8.0,0.0,100.0
201608,JAKARTA SELATAN,Kebayoran Lama,PONDOK PINANG,10 - 100,5,5.0,0.0,100.0
201608,JAKARTA SELATAN,Mampang Prapatan,BANGKA,50 - 100,0,0.0,0.0,100.0
201608,JAKARTA SELATAN,Mampang Prapatan,MAMPANG PRAPATAN,10 - 30,0,0.0,0.0,30.0
201608,JAKARTA SELATAN,Mampang Prapatan,PELA MAMPANG,30 - 50,0,0.0,0.0,50.0
201608,JAKARTA SELATAN,Pasar Minggu,JATI PADANG,10 - 70,140,140.0,0.0,70.0
201608,JAKARTA SELATAN,Pasar Minggu,RAGUNAN,20 - 120,0,0.0,0.0,120.0
201608,JAKARTA SELATAN,Pesanggrahan,PESANGGRAHAN,50,0,0.0,0.0,50.0
201608,JAKARTA SELATAN,Pesanggrahan,ULUJAMI,10 - 50,0,0.0,0.0,50.0
201608,JAKARTA TIMUR,Ciracas,CIBUBUR,10 - 75,0,0.0,0.0,75.0
201608,JAKARTA TIMUR,Ciracas,CIRACAS,20 - 70,0,0.0,0.0,70.0
201608,JAKARTA TIMUR,Ciracas,KELAPA DUA WETAN,20 - 80,60,0.0,0.0,80.0
201608,JAKARTA TIMUR,Ciracas,RAMBUTAN,10 - 100,0,45.0,0.0,100.0
201608,JAKARTA TIMUR,Kramat Jati,DUKUH,30 - 50,0,0.0,0.0,50.0
201608,JAKARTA TIMUR,Makasar,HALIM PERDANA KUSUMA,10 - 50,0,0.0,0.0,50.0
201608,JAKARTA TIMUR,Makasar,KEBON PALA,10,0,0.0,0.0,10.0
201608,JAKARTA TIMUR,Pasar Rebo,CIJANTUNG,20 - 80,0,0.0,0.0,80.0
201608,JAKARTA TIMUR,Pasar Rebo,KALISARI,30 - 100,0,0.0,0.0,100.0
201608,JAKARTA TIMUR,Pasar Rebo,PEKAYON,50 - 100,0,0.0,0.0,100.0
201710,JAKARTA BARAT,Kec. Kebon Jeruk,KEL. SUKABUMI SELATAN,10 S/D 70 CM,0,0.0,0.0,70.0
201710,JAKARTA SELATAN,Kec. Mampang Prapatan,KEL. BANGKA,20 S/D 80 CM,0,0.0,0.0,80.0
201710,JAKARTA SELATAN,Kec. Pancoran,KEL. PANCORAN,70 S/D 100 CM,0,0.0,0.0,100.0
201710,JAKARTA SELATAN,Kec. Cilandak,KEL. PONDOK LABU,40 S/D 70 CM,0,0.0,0.0,70.0
201710,JAKARTA SELATAN,Kec. Pasar Minggu,KEL. JATI PADANG,10 S/D 60 CM,0,0.0,0.0,60.0
201710,JAKARTA SELATAN,Kec. Pasar Minggu,KEL.CILANDAK TIMUR,20 S/D 105 CM,0,0.0,0.0,105.0
201710,JAKARTA SELATAN,Kec. Kebayoran Baru,KEL. CIPETE UTARA,50 CM,0,0.0,0.0,50.0
201710,JAKARTA SELATAN,Kec. Kebayoran Baru,KEL. PETOGOGAN,20 S/D 70 CM,0,0.0,0.0,70.0
201710,JAKARTA TIMUR,Kec. Jatinegara,KEL. KAMPUNG MELAYU,30 S/D 50 CM,0,0.0,0.0,50.0
201710,JAKARTA TIMUR,Kec. Jatinegara,KEL. CIPINANG MUARA,20 S/D 40 CM,0,0.0,0.0,40.0
201710,JAKARTA TIMUR,Kec. Makasar,KEL. CIPINANG MELAYU,20 S/D 45 CM,0,0.0,0.0,45.0
201712,JAKARTA BARAT,Kalideres,KAMAL,20 S/D 30 CM,0,0.0,0.0,30.0
201712,JAKARTA BARAT,Grogol Petamburan,JELAMBAR BARU,10 S/D 20 CM,0,0.0,0.0,20.0
201712,JAKARTA SELATAN,Pasar Minggu,JATI PADANG,5 - 50 CM,35,1.0,0.0,50.0
201712,JAKARTA SELATAN,Pancoran,KALIBATA,20 S/D 30 CM,0,0.0,0.0,30.0
201712,JAKARTA SELATAN,Setiabudi,KUNINGAN TIMUR,20 S/D 25 CM,0,0.0,0.0,25.0
201712,JAKARTA SELATAN,Tebet,KEBON BARU,40 CM,0,0.0,0.0,40.0
201712,JAKARTA SELATAN,Tebet,BUKIT DURI,20 S/D 30 CM,0,0.0,0.0,30.0
201712,JAKARTA SELATAN,Tebet,MANGGARAI,20 CM,0,0.0,0.0,20.0
201712,JAKARTA SELATAN,Jagakarsa,JAGAKARSA,10 S/D 20 CM,0,0.0,0.0,20.0
201712,JAKARTA SELATAN,Cilandak,PONDOK LABU,50 S/D 70 CM,0,0.0,0.0,70.0
201712,JAKARTA TIMUR,Makasar,CIPINANG MELAYU,20 S/D 50 CM,0,0.0,0.0,50.0
201712,JAKARTA TIMUR,Jatinegara,CIPINANG MUARA,20 S/D 40 CM,0,0.0,0.0,40.0
201712,JAKARTA TIMUR,Cakung,RAWA TERATE,20 S/D 40 CM,0,0.0,0.0,40.0
201712,JAKARTA TIMUR,Pasar Rebo,KALISARI,20 S/D 40 CM,0,0.0,0.0,40.0
201712,JAKARTA TIMUR,Kramat Jati,CILILITAN,10 S/D 50 CM,0,0.0,0.0,50.0
201712,JAKARTA UTARA,Penjaringan,KAPUK MUARA,5 S/D 15 CM,0,0.0,0.0,15.0
201712,JAKARTA UTARA,Penjaringan,KAMAL MUARA,10 S/D 50 CM,0,0.0,0.0,50.0
201712,JAKARTA UTARA,Penjaringan,PENJARINGAN,5 S/D 30 CM,0,0.0,0.0,30.0
201712,JAKARTA UTARA,Penjaringan,PLUIT,10 S/D 30 CM,0,0.0,0.0,30.0
201712,JAKARTA UTARA,Penjaringan,PEJAGALAN,10 S/D 20 CM,0,0.0,0.0,20.0
201712,JAKARTA UTARA,Cilincing,MARUNDA,5 S/D 30 CM,369,0.0,0.0,30.0
201712,JAKARTA UTARA,Cilincing,CILINCING,5 S/D 15 CM,0,0.0,0.0,15.0
201712,JAKARTA UTARA,Pademangan,ANCOL,10 S/D 15 CM,0,0.0,0.0,15.0
201712,JAKARTA UTARA,Tanjung Priok,SUNTER AGUNG,05 S/D 15 CM,0,0.0,0.0,15.0
201712,JAKARTA UTARA,Koja,KOJA,10 S/D 15 CM,0,0.0,0.0,15.0
201712,KEPULAUAN SERIBU,Kepulauan Seribu Selatan,PULAU TIDUNG,10 S/D 20 CM,0,0.0,0.0,20.0
201702,JAKARTA BARAT,Cengkareng,CENGKARENG BARAT,21 - 24,80 CM,0.0,0.0,24.0
201702,JAKARTA BARAT,Cengkareng,CENGKARENG TIMUR,21 - 22,30 - 40 CM,0.0,0.0,22.0
201702,JAKARTA BARAT,Cengkareng,KAPUK,21 - 23,80 - 90 CM,0.0,0.0,23.0
201703,JAKARTA BARAT,Cengkareng,DURI KOSAMBI,0 - 50 CM,0,0.0,0.0,50.0
201703,JAKARTA BARAT,Cengkareng,RAWA BUAYA,30 - 50 CM,0,0.0,0.0,50.0
201703,JAKARTA BARAT,Kali Deres,SEMANAN,10 - 20 CM,0,0.0,0.0,20.0
201703,JAKARTA BARAT,Kebon Jeruk,KEBON JERUK,20 - 120 CM,0,0.0,0.0,120.0
201703,JAKARTA BARAT,Kembangan,KEMBANGAN UTARA,5 - 10 CM,0,0.0,0.0,10.0
201703,JAKARTA PUSAT,Kemayoran,KEBON KOSONG,5 - 10 CM,0,0.0,0.0,10.0
201703,JAKARTA SELATAN,Cilandak,CILANDAK BARAT,100 CM,0,0.0,0.0,100.0
201703,JAKARTA SELATAN,Cilandak,PONDOK LABU,140 - 160 CM,0,0.0,0.0,160.0
201703,JAKARTA SELATAN,Kebayoran Baru,CIPETE UTARA,60 - 80 CM,0,0.0,0.0,80.0
201703,JAKARTA SELATAN,Kebayoran Baru,PETOGOGAN,20 - 40 CM,0,0.0,0.0,40.0
201703,JAKARTA SELATAN,Kebayoran Lama,CIPULIR,10 - 100 CM,0,0.0,0.0,100.0
201703,JAKARTA SELATAN,Kebayoran Lama,PONDOK PINANG,30 - 80 CM,0,0.0,0.0,80.0
201703,JAKARTA SELATAN,Mampang Prapatan,BANGKA,70 - 100 CM,0,0.0,0.0,100.0
201703,JAKARTA SELATAN,Pancoran,KALIBATA,50 - 100 CM,0,0.0,0.0,100.0
201703,JAKARTA SELATAN,Pancoran,PENGADEGAN,50 - 100 CM,0,0.0,0.0,100.0
201703,JAKARTA SELATAN,Pancoran,RAWAJATI,50 CM,0,0.0,0.0,50.0
201703,JAKARTA SELATAN,Pasar Minggu,CILANDAK TIMUR,100 - 120 CM,65,2.0,0.0,120.0
201703,JAKARTA SELATAN,Pasar Minggu,JATI PADANG,60 - 100 CM,0,6.0,0.0,100.0
201703,JAKARTA SELATAN,Pasar Minggu,KEBAGUSAN,80 CM,120,3.0,0.0,80.0
201703,JAKARTA SELATAN,Pasar Minggu,PEJATEN BARAT,60 CM,0,0.0,0.0,60.0
201703,JAKARTA SELATAN,Pasar Minggu,PEJATEN TIMUR,40 CM,232,0.0,0.0,40.0
201703,JAKARTA SELATAN,Pesanggrahan,ULUJAMI,75 CM,3266,1.0,0.0,75.0
201703,JAKARTA SELATAN,Tebet,BUKIT DURI,30 - 40 CM,0,0.0,0.0,40.0
201703,JAKARTA SELATAN,Tebet,KEBON BARU,5 - 10 CM,0,0.0,0.0,10.0
201703,JAKARTA TIMUR,Cakung,CAKUNG TIMUR,50 - 70 CM,0,0.0,0.0,70.0
201703,JAKARTA TIMUR,Cakung,RAWA TERATE,0 - 50 CM,0,0.0,0.0,50.0
201703,JAKARTA TIMUR,Ciracas,CIBUBUR,20 - 80 CM,0,0.0,0.0,80.0
201703,JAKARTA TIMUR,Ciracas,RAMBUTAN,40 CM,0,0.0,0.0,40.0
201703,JAKARTA TIMUR,Duren Sawit,DUREN SAWIT,20 - 30 CM,0,0.0,0.0,30.0
201703,JAKARTA TIMUR,Jatinegara,BIDARA CINA,75 - 120 CM,1823,0.0,0.0,120.0
201703,JAKARTA TIMUR,Jatinegara,CIPINANG BESAR SELATAN,30 CM,0,0.0,0.0,30.0
201703,JAKARTA TIMUR,Jatinegara,CIPINANG MUARA,50 CM,0,0.0,0.0,50.0
201703,JAKARTA TIMUR,Jatinegara,KAMPUNG MELAYU,20 - 90 CM,828,0.0,0.0,90.0
201703,JAKARTA TIMUR,Kramat Jati,CAWANG,30 - 100 CM,3832,0.0,0.0,100.0
201703,JAKARTA TIMUR,Kramat Jati,CILILITAN,40 - 100 CM,0,0.0,0.0,100.0
201703,JAKARTA TIMUR,Makasar,CIPINANG MELAYU,25 - 70 CM,0,0.0,0.0,70.0
201703,JAKARTA TIMUR,Makasar,HALIM PERDANA KUSUMA,5 - 15 CM,0,0.0,0.0,15.0
201703,JAKARTA TIMUR,Makasar,MAKASAR,5 - 15 CM,0,0.0,0.0,15.0
201703,JAKARTA TIMUR,Pasar Rebo,CIJANTUNG,40 CM,0,0.0,0.0,40.0
201703,JAKARTA TIMUR,Pasar Rebo,PEKAYON,90 CM,0,0.0,0.0,90.0
201705,JAKARTA BARAT,Kec. Cengkareng,KEL. DURI KOSAMBI,10 - 30 CM,0,0.0,0.0,30.0
201705,JAKARTA BARAT,Kec. Cengkareng,KEL. RAWA BUAYA,25 S/D 40 CM,0,0.0,0.0,40.0
201705,JAKARTA BARAT,Kec. Kembangan,KEL. JOGLO,10 S/D 30 CM,0,0.0,0.0,30.0
201705,JAKARTA BARAT,Kec. Kembangan,KEL. KEMBANGAN UTARA,10 S/D 80 CM,20,1.0,0.0,80.0
201705,JAKARTA BARAT,Kec. Kembangan,KEL. KEMBANGAN SELATAN,10 S/D 50 CM,0,0.0,0.0,50.0
201705,JAKARTA BARAT,Kec. Kembangan,KEL. MERUYA SELATAN,10 S/D 30 CM,0,0.0,0.0,30.0
201705,JAKARTA BARAT,Kec. Palmerah,KEL. SLIPI,10 S/D 30 CM,0,0.0,0.0,30.0
201705,JAKARTA BARAT,Kec. Kebon Jeruk,KEL. KEDOYA SELATAN,50 S/D 70 CM,0,1.0,0.0,70.0
201705,JAKARTA SELATAN,Kec. Cilandak,KEL. LEBAK BULUS,10 - 50 CM,0,0.0,0.0,50.0
201705,JAKARTA SELATAN,Kec. Cilandak,KEL. PONDOK LABU,5 S/D 120 CM,0,0.0,0.0,120.0
201705,JAKARTA SELATAN,Kec. Mampang Prapatan,KEL. BANGKA,80 CM,0,0.0,0.0,80.0
201705,JAKARTA SELATAN,Kec. Jagakarsa,KEL. SRENGSENG SAWAH,10 S/D 30 CM,0,0.0,0.0,30.0
201705,JAKARTA SELATAN,Kec. Jagakarsa,KEL. CIPEDAK,30 CM,0,0.0,0.0,30.0
201705,JAKARTA SELATAN,Kec. Pasar Minggu,KEL. CILANDAK TIMUR,20 S/D 65 CM,0,0.0,0.0,65.0
201705,JAKARTA SELATAN,Kec. Pasar Minggu,KEL. PEJATEN TIMUR,10 S/D 20 CM,0,0.0,0.0,20.0
201705,JAKARTA SELATAN,Kec. Pasar Minggu,KEL. JATIPADANG,20 S/D 40 CM,0,0.0,0.0,40.0
201705,JAKARTA SELATAN,Kec. Kebayoran Lama,KEL. PONDOK PINANG,20 S/D 40 CM,0,0.0,0.0,40.0
201705,JAKARTA TIMUR,Kec. Cakung,KEL. CAKUNG TIMUR,10 S/D 40 CM,0,0.0,0.0,40.0
201705,JAKARTA TIMUR,Kec. Pasar Rebo,KEL. CIJANTUNG,20 S/D 60 CM,0,0.0,0.0,60.0
201705,JAKARTA TIMUR,Kec. Jatinegara,KEL. KAMPUNG MELAYU,5 S/D 110 CM,835,0.0,0.0,110.0
201705,JAKARTA TIMUR,Kec. Ciracas,KEL. RAMBUTAN,20 S/D 30 CM,0,0.0,0.0,30.0
201705,JAKARTA TIMUR,Kec. Ciracas,KEL. SUSUKAN,30 S/D 40 CM,0,0.0,0.0,40.0
201705,JAKARTA TIMUR,Kec. Ciracas,KEL. CIRACAS,10 S/D 30 CM,0,0.0,0.0,30.0
201705,JAKARTA TIMUR,Kec. Makasar,KEL. HALIM PERDANA KUSUMA,5 CM,0,0.0,0.0,5.0
201705,JAKARTA TIMUR,Kec. Kramat Jati,KEL. CAWANG,5 S/D 60 CM,2565,0.0,0.0,60.0
201711,JAKARTA BARAT,Cengkareng,KAPUK,20 - 40 CM,0,0.0,0.0,40.0
201711,JAKARTA BARAT,Cengkareng,CENGKARENG TIMUR,30 - 40 CM,0,0.0,0.0,40.0
201711,JAKARTA BARAT,Cengkareng,RAWA BUAYA,10 - 50 CM,0,0.0,0.0,50.0
201711,JAKARTA BARAT,Kembangan,KEMBANGAN SELATAN,10 - 30 CM,0,0.0,0.0,30.0
201711,JAKARTA BARAT,Kembangan,SRENGSENG,20 - 50 CM,0,0.0,0.0,50.0
201711,JAKARTA BARAT,Kebon Jeruk,KEDOYA SELATAN,30 - 70 CM,0,0.0,0.0,70.0
201711,JAKARTA BARAT,Kebon Jeruk,KEDOYA UTARA,25 CM,0,0.0,0.0,25.0
201711,JAKARTA BARAT,Kebon Jeruk,DURI KEPA,10 - 40 CM,0,0.0,0.0,40.0
201711,JAKARTA BARAT,Grogol Petamburan,TANJUNG DUREN UTARA,10 - 30 CM,0,0.0,0.0,30.0
201711,JAKARTA BARAT,Grogol Petamburan,WIJAYA KUSUMA,20 - 25 CM,0,0.0,0.0,25.0
201711,JAKARTA PUSAT,Cempaka Putih,CEMPAKA PUTIH TIMUR,10 - 20 CM,0,0.0,0.0,20.0
201711,JAKARTA SELATAN,Pasar Minggu,JATI PADANG,10 - 60 CM,40,1.0,0.0,60.0
201711,JAKARTA SELATAN,Pasar Minggu,RAGUNAN,10 - 70 CM,0,0.0,0.0,70.0
201711,JAKARTA SELATAN,Pasar Minggu,CILANDAK TIMUR,70 CM,34,2.0,0.0,70.0
201711,JAKARTA SELATAN,Pasar Minggu,PEJATEN TIMUR,20 - 50 CM,0,0.0,0.0,50.0
201711,JAKARTA SELATAN,Pancoran,PENGADEGAN,30 CM,0,0.0,0.0,30.0
201711,JAKARTA SELATAN,Pesanggrahan,ULUJAMI,10 - 150 CM,3186,6.0,0.0,150.0
201711,JAKARTA SELATAN,Pesanggrahan,BINTARO,10 - 80 CM,60,1.0,0.0,80.0
201711,JAKARTA SELATAN,Pesanggrahan,PETUKANGAN UTARA,30 - 40 CM,0,0.0,0.0,40.0
201711,JAKARTA SELATAN,Pesanggrahan,PETUKANGAN SELATAN,30 - 90 CM,788,0.0,0.0,90.0
201711,JAKARTA SELATAN,Kebayoran Lama,CIPULIR,30 - 50 CM,0,0.0,0.0,50.0
201711,JAKARTA SELATAN,Kebayoran Lama,PONDOK PINANG,10 - 50 CM,0,0.0,0.0,50.0
201711,JAKARTA SELATAN,Kebayoran Lama,KEBAYORAN LAMA UTARA,10 - 50 CM,0,0.0,0.0,50.0
201711,JAKARTA SELATAN,Kebayoran Baru,CIPETE UTARA,25 CM,0,0.0,0.0,25.0
201711,JAKARTA SELATAN,Kebayoran Baru,PETOGOGAN,10 - 20 CM,0,0.0,0.0,20.0
201711,JAKARTA SELATAN,Cilandak,CILANDAK BARAT,10 - 40 CM,0,0.0,0.0,40.0
201711,JAKARTA SELATAN,Cilandak,LEBAK BULUS,10 - 40 CM,0,0.0,0.0,40.0
201711,JAKARTA SELATAN,Mampang Prapatan,BANGKA,20 - 100 CM,0,0.0,0.0,100.0
201711,JAKARTA TIMUR,Jatinegara,KAMPUNG MELAYU,5 - 80 CM,724,0.0,0.0,80.0
201711,JAKARTA TIMUR,Jatinegara,BIDARA CINA,10 - 60 CM,1673,0.0,0.0,60.0
201711,JAKARTA TIMUR,Kramat Jati,CAWANG,10 - 50 CM,0,0.0,0.0,50.0
201711,JAKARTA TIMUR,Kramat Jati,CILILITAN,20 - 50 CM,0,0.0,0.0,50.0
201711,JAKARTA TIMUR,Makasar,CIPINANG MELAYU,10 CM,0,0.0,0.0,10.0
201711,JAKARTA UTARA,Tanjung Priok,SUNTER JAYA,10 - 30 CM,0,0.0,0.0,30.0
201711,JAKARTA UTARA,Penjaringan,PENJARINGAN,10 - 15 CM,0,0.0,0.0,15.0
201711,JAKARTA UTARA,Penjaringan,PLUIT,20 - 40 CM,0,0.0,0.0,40.0
201711,JAKARTA UTARA,Penjaringan,KAMAL MUARA,20 - 40 CM,0,0.0,0.0,40.0
201701,JAKARTA BARAT,Kebon Jeruk,KELAPA DUA,20 - 30 CM,0,0.0,0.0,30.0
201701,JAKARTA SELATAN,Kebayoran Baru,PETOGOGAN,10 - 70 CM,0,0.0,0.0,70.0
201701,JAKARTA SELATAN,Kebayoran Lama,CIPULIR,30 - 40 CM,0,0.0,0.0,40.0
201701,JAKARTA SELATAN,Kebayoran Lama,KEBAYORAN LAMA SELATAN,10 - 40 CM,0,0.0,0.0,40.0
201701,JAKARTA TIMUR,Duren Sawit,KLENDER,20 - 30 CM,0,0.0,0.0,30.0
201702,JAKARTA BARAT,Cengkareng,KEDAUNG KALI ANGKE,21 - 22,40 - 100 CM,0.0,0.0,22.0
201702,JAKARTA BARAT,Cengkareng,RAWA BUAYA,20 - 24,100 CM,0.0,0.0,24.0
201702,JAKARTA BARAT,Grogol Petamburan,WIJAYA KESUMA,16,10 CM,0.0,0.0,16.0
201702,JAKARTA BARAT,Kali Deres,SEMANAN,21,40 CM,0.0,0.0,21.0
201702,JAKARTA BARAT,Kali Deres,TEGAL ALUR,21 - 23,50 - 80 CM,0.0,0.0,23.0
201702,JAKARTA BARAT,Kebon Jeruk,KEDOYA SELATAN,26,20 - 70 CM,0.0,0.0,26.0
201702,JAKARTA BARAT,Kebon Jeruk,KEDOYA UTARA,21 - 22,30 - 60 CM,0.0,0.0,22.0
201702,JAKARTA BARAT,Kembangan,KEMBANGAN SELATAN,24,40 CM,0.0,0.0,24.0
201702,JAKARTA BARAT,Kembangan,KEMBANGAN UTARA,21 - 22,60 CM,0.0,0.0,22.0
201702,JAKARTA BARAT,Taman Sari,GLODOK,21,50 CM,0.0,0.0,21.0
201702,JAKARTA PUSAT,Cempaka Putih,CEMPAKA PUTIH BARAT,21 - 22,30 - 70 CM,0.0,0.0,22.0
201702,JAKARTA PUSAT,Kemayoran,SERDANG,21 - 22,30 - 70 CM,0.0,0.0,22.0
201702,JAKARTA PUSAT,Tanah Abang,PETAMBURAN,"14, 21",10 - 40 CM,0.0,0.0,21.0
201702,JAKARTA SELATAN,Cilandak,CIPETE SELATAN,26,30 - 60 CM,0.0,0.0,26.0
201702,JAKARTA SELATAN,Cilandak,PONDOK LABU,"24, 26",25 - 50 CM,0.0,0.0,26.0
201702,JAKARTA SELATAN,Kebayoran Baru,PETOGOGAN,"12, 21 - 22, 24",20 - 50 CM,0.0,0.0,24.0
201702,JAKARTA SELATAN,Kebayoran Lama,CIPULIR,"16, 24 - 26",40 - 50 CM,0.0,0.0,26.0
201702,JAKARTA SELATAN,Kebayoran Lama,KEBAYORAN LAMA SELATAN,"19, 25 - 26",10 - 20 CM,0.0,0.0,26.0
201702,JAKARTA SELATAN,Kebayoran Lama,KEBAYORAN LAMA UTARA,24,10 CM,0.0,0.0,24.0
201702,JAKARTA SELATAN,Kebayoran Lama,PONDOK PINANG,24,80 CM,0.0,0.0,24.0
201702,JAKARTA SELATAN,Mampang Prapatan,BANGKA,"19, 21 - 22, 26",30 - 50 CM,0.0,0.0,26.0
201702,JAKARTA SELATAN,Mampang Prapatan,KUNINGAN BARAT,21 - 22,100 CM,0.0,0.0,22.0
201702,JAKARTA SELATAN,Pancoran,KALIBATA,21,60 - 120 CM,0.0,0.0,21.0
201702,JAKARTA SELATAN,Pancoran,PENGADEGAN,"16, 21 - 22",20 - 80 CM,0.0,0.0,22.0
201702,JAKARTA SELATAN,Pancoran,RAWAJATI,"12 - 13, 15 - 17, 25 - 26",20 - 40 CM,0.0,0.0,26.0
201702,JAKARTA SELATAN,Pasar Minggu,CILANDAK TIMUR,"12 - 13, 26",20 - 50 CM,0.0,0.0,26.0
201702,JAKARTA SELATAN,Pasar Minggu,JATI PADANG,"19, 21 - 22",10 - 20 CM,0.0,0.0,22.0
201702,JAKARTA SELATAN,Pasar Minggu,PEJATEN BARAT,19,10 - 20 CM,0.0,0.0,19.0
201702,JAKARTA SELATAN,Pasar Minggu,PEJATEN TIMUR,"16, 19, 25 - 28",40 - 150 CM,0.0,0.0,28.0
201702,JAKARTA SELATAN,Pesanggrahan,ULUJAMI,24 - 26,20 - 60 CM,0.0,0.0,26.0
201702,JAKARTA SELATAN,Tebet,BUKIT DURI,"12 - 13, 15 - 16, 21 - 22",30 - 160 CM,0.0,0.0,22.0
201702,JAKARTA SELATAN,Tebet,KEBON BARU,16,20 - 120 CM,0.0,0.0,16.0
201702,JAKARTA TIMUR,Cakung,CAKUNG TIMUR,19,30 - 90 CM,0.0,0.0,19.0
201702,JAKARTA TIMUR,Cakung,PENGGILINGAN,21 - 22,50 - 100 CM,0.0,0.0,22.0
201702,JAKARTA TIMUR,Cakung,PULO GEBANG,11,10 - 30 CM,0.0,0.0,11.0
201702,JAKARTA TIMUR,Cakung,RAWA TERATE,"19, 21 - 25",100 - 200 CM,0.0,0.0,25.0
201702,JAKARTA TIMUR,Cipayung,CEGER,21,50 - 70 CM,0.0,0.0,21.0
201702,JAKARTA TIMUR,Ciracas,CIBUBUR,"15 - 16, 25 - 26",10 - 50 CM,0.0,0.0,26.0
201702,JAKARTA TIMUR,Ciracas,RAMBUTAN,"16, 19, 21 - 22",10 - 30 CM,0.0,0.0,22.0
201702,JAKARTA TIMUR,Duren Sawit,KLENDER,21,60 - 100 CM,0.0,0.0,21.0
201702,JAKARTA TIMUR,Duren Sawit,PONDOK BAMBU,21 - 22,100 CM,0.0,0.0,22.0
201702,JAKARTA TIMUR,Duren Sawit,PONDOK KELAPA,21 - 22,50 - 150 CM,0.0,0.0,22.0
201702,JAKARTA TIMUR,Jatinegara,BALI MESTER,15,40 CM,0.0,0.0,15.0
201702,JAKARTA TIMUR,Jatinegara,BIDARA CINA,"12 - 13, 15 - 16, 21 - 22, 26 - 27",20 - 30 CM,0.0,0.0,27.0
201702,JAKARTA TIMUR,Jatinegara,CIPINANG MUARA,19 - 22,250 CM,0.0,0.0,22.0
201702,JAKARTA TIMUR,Jatinegara,KAMPUNG MELAYU,"11 - 17, 21 - 22, 25 - 28",30 - 100 CM,0.0,0.0,28.0
201702,JAKARTA TIMUR,Kramat Jati,CAWANG,"12 - 13, 15 - 16, 21 - 22, 25 - 28",70 - 100 CM,0.0,0.0,28.0
201702,JAKARTA TIMUR,Kramat Jati,CILILITAN,15 - 16,15 - 25 CM,0.0,0.0,16.0
201702,JAKARTA TIMUR,Kramat Jati,KRAMAT JATI,21,20 CM,0.0,0.0,21.0
201702,JAKARTA TIMUR,Makasar,CIPINANG MELAYU,"14, 16, 19 - 24, 26",50 - 200 CM,0.0,0.0,26.0
201702,JAKARTA TIMUR,Makasar,HALIM PERDANA KUSUMA,"19, 21 - 22",50 - 70 CM,0.0,0.0,22.0
201702,JAKARTA TIMUR,Makasar,KEBON PALA,21 - 22,10 - 50 CM,0.0,0.0,22.0
201702,JAKARTA TIMUR,Makasar,MAKASAR,"19, 21 - 22",40 - 47 CM,0.0,0.0,22.0
201702,JAKARTA TIMUR,Matraman,UTAN KAYU SELATAN,21 - 22,30 - 40 CM,0.0,0.0,22.0
201702,JAKARTA TIMUR,Pasar Rebo,PEKAYON,"21, 25 - 26",60 CM,0.0,0.0,26.0
201709,JAKARTA SELATAN,Kec.Kebayoran Baru,KEL. PETOGOGAN,10 S/D 50 CM,0,0.0,0.0,50.0
201704,JAKARTA BARAT,Cengkareng,RAWA BUAYA,20 - 25 CM,0,0.0,0.0,25.0
201704,JAKARTA BARAT,Kebon Jeruk,KEDOYA SELATAN,30 - 60 CM,0,0.0,0.0,60.0
201704,JAKARTA BARAT,Kembangan,KEMBANGAN UTARA,20 - 70 CM,96,0.0,0.0,70.0
201704,JAKARTA SELATAN,Cilandak,CIPETE SELATAN,70 - 80 CM,0,0.0,0.0,80.0
201704,JAKARTA SELATAN,Cilandak,PONDOK LABU,80 - 100 CM,0,0.0,0.0,100.0
201704,JAKARTA SELATAN,Kebayoran Baru,CIPETE UTARA,50 - 60 CM,0,0.0,0.0,60.0
201704,JAKARTA SELATAN,Kebayoran Baru,PETOGOGAN,70 CM,0,0.0,0.0,70.0
201704,JAKARTA SELATAN,Kebayoran Lama,CIPULIR,20 - 50 CM,0,0.0,0.0,50.0
201704,JAKARTA SELATAN,Mampang Prapatan,BANGKA,30 - 60 CM,0,0.0,0.0,60.0
201704,JAKARTA SELATAN,Pancoran,RAWAJATI,30 - 50 CM,0,0.0,0.0,50.0
201704,JAKARTA SELATAN,Pasar Minggu,CILANDAK TIMUR,30 - 100 CM,1200,1.0,0.0,100.0
201704,JAKARTA SELATAN,Pasar Minggu,PEJATEN TIMUR,60 CM,0,1.0,0.0,60.0
201704,JAKARTA SELATAN,Pasar Minggu,RAGUNAN,50 - 60 CM,0,0.0,0.0,60.0
201704,JAKARTA SELATAN,Pesanggrahan,ULUJAMI,15 - 40 CM,0,0.0,0.0,40.0
201704,JAKARTA SELATAN,Setiabudi,KARET SEMANGGI,30 - 60 CM,0,0.0,0.0,60.0
201704,JAKARTA SELATAN,Tebet,KEBON BARU,20 CM,0,0.0,0.0,20.0
201704,JAKARTA SELATAN,Tebet,BUKIT DURI,10 - 40 CM,0,0.0,0.0,40.0
201704,JAKARTA TIMUR,Cakung,CAKUNG TIMUR,30 - 45 CM,0,0.0,0.0,45.0
201704,JAKARTA TIMUR,Cakung,PULO GEBANG,40 - 60 CM,0,0.0,0.0,60.0
201704,JAKARTA TIMUR,Ciracas,CIBUBUR,30 - 80 CM,0,0.0,0.0,80.0
201704,JAKARTA TIMUR,Ciracas,KELAPA DUA WETAN,10 - 30 CM,0,0.0,0.0,30.0
201704,JAKARTA TIMUR,Ciracas,RAMBUTAN,25 - 80 CM,0,0.0,0.0,80.0
201704,JAKARTA TIMUR,Duren Sawit,PONDOK BAMBU,10 - 30 CM,0,0.0,0.0,30.0
201704,JAKARTA TIMUR,Jatinegara,BIDARA CINA,20 - 40 CM,0,0.0,0.0,40.0
201704,JAKARTA TIMUR,Jatinegara,CIPINANG MUARA,30 - 40 CM,0,0.0,0.0,40.0
201704,JAKARTA TIMUR,Jatinegara,KAMPUNG MELAYU,40 - 100 CM,835,0.0,0.0,100.0
201704,JAKARTA TIMUR,Kramat Jati,CAWANG,50 - 120 CM,0,0.0,0.0,120.0
201704,JAKARTA TIMUR,Kramat Jati,CILILITAN,20 - 50 CM,0,0.0,0.0,50.0
201704,JAKARTA TIMUR,Makasar,CIPINANG MELAYU,70 - 200 CM,0,4.0,0.0,200.0
201704,JAKARTA TIMUR,Makasar,KEBON PALA,10 - 20 CM,0,0.0,0.0,20.0
201704,JAKARTA TIMUR,Makasar,MAKASAR,20 - 30 CM,0,0.0,0.0,30.0
201704,JAKARTA TIMUR,Pasar Rebo,KALISARI,10 - 50 CM,0,0.0,0.0,50.0
201704,JAKARTA TIMUR,Pasar Rebo,PEKAYON,50 - 80 CM,0,0.0,0.0,80.0
201706,JAKARTA SELATAN,Pasar Minggu,PEJATEN TIMUR,10 - 40 CM,0,0.0,0.0,40.0
201706,JAKARTA SELATAN,Tebet,KEBON BARU,10 CM,0,0.0,0.0,10.0
201706,JAKARTA TIMUR,Jatinegara,BIDARA CINA,10 - 15 CM,0,0.0,0.0,15.0
201706,JAKARTA TIMUR,Jatinegara,KAMPUNG MELAYU,10 - 110 CM,856,0.0,0.0,110.0
201706,JAKARTA TIMUR,Kramat Jati,CAWANG,10 - 60 CM,3691,0.0,0.0,60.0
201708,JAKARTA BARAT,Kec.Kembangan,KEL. KEMBANGAN SELATAN,15 CM,0,0.0,0.0,15.0
201708,JAKARTA SELATAN,Kec.Kebayoran Lama,KEL. CIPULIR,20 S/D 50 CM,0,0.0,0.0,50.0
201708,JAKARTA SELATAN,Kec.Kebayoran Lama,KEL. PONDOK PINANG,10 S/D 40 CM,0,0.0,0.0,40.0
201708,JAKARTA SELATAN,Kec.Cilandak,KEL. PONDOK LABU,10 S/D 80 CM,0,0.0,0.0,80.0
201708,JAKARTA SELATAN,Kec.Kebayoran Baru,KEL. PETOGOGAN,10 S/D 20 CM,0,0.0,0.0,20.0
201708,JAKARTA TIMUR,Kec. Ciracas,KEL. RAMBUTAN,20 S/D 30 CM,0,0.0,0.0,30.0
201702,JAKARTA TIMUR,Pulo Gadung,KAYU PUTIH,21 - 22,30 - 50 CM,0.0,0.0,22.0
201702,JAKARTA UTARA,Cilincing,CILINCING,17,20 - 30 CM,0.0,0.0,17.0
201702,JAKARTA UTARA,Cilincing,SEMPER BARAT,17,20 - 30 CM,0.0,0.0,17.0
201702,JAKARTA UTARA,Cilincing,SEMPER TIMUR,"17, 19 - 21",15 - 20 CM,0.0,0.0,21.0
201702,JAKARTA UTARA,Cilincing,SUKAPURA,21,40 - 50 CM,0.0,0.0,21.0
201702,JAKARTA UTARA,Koja,TUGU SELATAN,"16, 21 - 22",10 - 20 CM,0.0,0.0,22.0
201702,JAKARTA UTARA,Penjaringan,PEJAGALAN,19,30 CM,0.0,0.0,19.0
201702,JAKARTA UTARA,Penjaringan,PENJARINGAN,21 - 22,30 - 40 CM,0.0,0.0,22.0
201702,JAKARTA UTARA,Tanjung Priok,TANJUNG PRIUK,17,30 CM,0.0,0.0,17.0
201707,JAKARTA SELATAN,Pasar Minggu,PEJATEN TIMUR,10 - 50 CM,0,0.0,0.0,50.0
201707,JAKARTA SELATAN,Kebayoran Lama,PONDOK PINANG,05 - 10 CM,0,0.0,0.0,10.0
201707,JAKARTA TIMUR,Jatinegara,BIDARA CINA,10 - 20 CM,0,0.0,0.0,20.0
201707,JAKARTA TIMUR,Jatinegara,KAMPUNG MELAYU,5 - 50 CM,705,0.0,0.0,50.0
201707,JAKARTA TIMUR,Kramat Jati,CAWANG,10 - 80 CM,0,0.0,0.0,80.0
201707,JAKARTA TIMUR,Makassar,CIPINANG MELAYU,10 - 30 CM,0,0.0,0.0,30.0
201707,JAKARTA TIMUR,Ciracas,CIBUBUR,10 - 50 CM,0,0.0,0.0,50.0
201707,JAKARTA TIMUR,Ciracas,CIRACAS,20 - 30 CM,0,0.0,0.0,30.0
201806,JAKARTA UTARA,Penjaringan,KAMAL MUARA,20 S/D 30,0,0.0,0.0,30.0
201806,JAKARTA BARAT,Kalideres,KAMAL,10 S/D 25,0,0.0,0.0,25.0
201806,JAKARTA BARAT,Grogol Petamburan,JELAMBAR BARU,15,0,0.0,0.0,15.0
201806,JAKARTA BARAT,Grogol Petamburan,JELAMBAR,20,0,0.0,0.0,20.0
201806,JAKARTA BARAT,Kembangan,KEMBANGAN UTARA,5 S/D 20,0,0.0,0.0,20.0
201806,JAKARTA BARAT,Cengkareng,KAPUK,5 S/D 30,0,0.0,0.0,30.0
201806,JAKARTA BARAT,Cengkareng,RAWA BUAYA,15 S/D 20,0,0.0,0.0,20.0
201806,JAKARTA BARAT,Cengkareng,CENGKARENG TIMUR,10 S/D 40,0,0.0,0.0,40.0
201806,JAKARTA PUSAT,Cempaka Putih,CEMPAKA PUTIH TIMUR,10 S/D 35,0,0.0,0.0,35.0
201806,JAKARTA PUSAT,Kemayoran,SERDANG,10 S/D 50,0,0.0,0.0,50.0
201806,JAKARTA UTARA,Penjaringan,KAMAL MUARA,5 S/D 10,0,0.0,0.0,10.0
201806,JAKARTA UTARA,Penjaringan,PENJARINGAN,10 S/D 35,0,0.0,0.0,35.0
201806,JAKARTA UTARA,Penjaringan,KAPUK MUARA,5 S/D 15,0,0.0,0.0,15.0
201806,JAKARTA UTARA,Cilincing,SUKAPURA,10 S/D 50,30,30.0,0.0,50.0
201806,JAKARTA UTARA,Kelapa Gading,PEGANGSAAN DUA,60 S/D 70,100,100.0,0.0,70.0
201806,JAKARTA UTARA,Koja,TUGU SELATAN,40,140,140.0,0.0,40.0
201806,JAKARTA BARAT,Kalideres,TEGAL ALUR,20 S/D 30,0,0.0,0.0,30.0
201806,JAKARTA BARAT,Kalideres,KAMAL,30 S/D 50,0,0.0,0.0,50.0
201806,JAKARTA BARAT,Cengkareng,KAPUK,5 S/D 60,0,0.0,0.0,60.0
201806,JAKARTA BARAT,Cengkareng,RAWA BUAYA,5 S/D 30,0,0.0,0.0,30.0
201806,JAKARTA BARAT,Cengkareng,DURI KOSAMBI,10 S/D 50,0,0.0,0.0,50.0
201806,JAKARTA BARAT,Cengkareng,CENGKARENG BARAT,10 S/D 80,0,0.0,0.0,80.0
201806,JAKARTA BARAT,Cengkareng,CENGKARENG TIMUR,10 S/D 80,0,0.0,0.0,80.0
201806,JAKARTA BARAT,Kembangan,KEMBANGAN UTARA,15 S/D 30,0,0.0,0.0,30.0
201806,JAKARTA BARAT,Kebon Jeruk,DURI KEPA,15 S/D 60,0,0.0,0.0,60.0
201806,JAKARTA BARAT,Grogol Petamburan,WIJAYA KUSUMA,10 S/D 50,0,0.0,0.0,50.0
201806,JAKARTA BARAT,Grogol Petamburan,JELAMBAR BARU,10 S/D 30,0,0.0,0.0,30.0
201806,JAKARTA BARAT,Palmerah,JATI PULO,30 S/D 50,0,0.0,0.0,50.0
201806,JAKARTA SELATAN,Cilandak,PONDOK LABU,40 S/D 50,480,0.0,0.0,50.0
201806,JAKARTA SELATAN,Pancoran,PANGADEGAN,10 S/D 300,2993,3200.0,0.0,300.0
201806,JAKARTA SELATAN,Pancoran,RAWA JATI,10 S/D 250,159,208.0,0.0,250.0
201806,JAKARTA SELATAN,Pasar Minggu,PEJATEN TIMUR,30 S/D 200,962,1811.0,0.0,200.0
201806,JAKARTA SELATAN,Tebet,KEBON BARU,20 S/D 80,0,1278.0,0.0,80.0
201806,JAKARTA SELATAN,Tebet,MANGGARAI,30 S/D 200,2347,2119.0,0.0,200.0
201806,JAKARTA SELATAN,Tebet,BUKIT DURI,10 S/D 40,0,0.0,0.0,40.0
201806,JAKARTA SELATAN,Jagakarsa,LENTENG AGUNG,50 S/D 200,0,0.0,0.0,200.0
201806,JAKARTA SELATAN,Jagakarsa,SRENGSENG SAWAH,100 S/D 300,265,0.0,0.0,300.0
201806,JAKARTA SELATAN,Mampang Prapatan,BANGKA,30 S/D 40,0,0.0,0.0,40.0
201806,JAKARTA TIMUR,Cakung,RAWA TERATE,10 S/D 120,0,0.0,0.0,120.0
201806,JAKARTA TIMUR,Cakung,CAKUNG BARAT,30 S/D 70,56,46.0,1.0,70.0
201806,JAKARTA TIMUR,Cakung,JATINEGARA,10 S/D 30,KOSONG,0.0,0.0,30.0
201806,JAKARTA TIMUR,Jatinegara,KAMPUNG MELAYU,10 S/D 220,374,1392.0,0.0,220.0
201806,JAKARTA TIMUR,Jatinegara,BIDARA CINA,10 S/D 250,2642,553.0,0.0,250.0
201806,JAKARTA TIMUR,Jatinegara,CIPINANG MUARA,10 S/D 120,0,0.0,0.0,120.0
201806,JAKARTA TIMUR,Makasar,CIPINANG MELAYU,20 S/D 90,0,0.0,0.0,90.0
201806,JAKARTA TIMUR,Makasar,MAKASAR,20 S/D 50,0,0.0,0.0,50.0
201806,JAKARTA TIMUR,Kramat Jati,CAWANG,20 S/D 270,3584,557.0,0.0,270.0
201806,JAKARTA TIMUR,Kramat Jati,CILILITAN,30 S/D 250,86,350.0,0.0,250.0
201806,JAKARTA TIMUR,Kramat Jati,BALE KAMBANG,60 S/D 300,54,1560.0,0.0,300.0
201806,JAKARTA TIMUR,Pasar Rebo,GEDONG,50 S/D 150,0,0.0,0.0,150.0
201806,JAKARTA TIMUR,Matraman,KEBON MANGGIS,20 S/D 80,414,414.0,0.0,80.0
201806,JAKARTA SELATAN,Pancoran,RAWAJATI,30 - 80,0,0.0,0.0,80.0
201806,JAKARTA SELATAN,Pasar Minggu,PEJATEN TIMUR,OCT-50,0,0.0,0.0,50.0
201806,JAKARTA SELATAN,Tebet,KEBON BARU,30,0,0.0,0.0,30.0
201806,JAKARTA TIMUR,Jatinegara,BIDARA CINA,OCT-50,0,0.0,0.0,50.0
201806,JAKARTA TIMUR,Jatinegara,KAMPUNG MELAYU,10 - 100,1000,0.0,0.0,100.0
201806,JAKARTA TIMUR,Kramat Jati,CAWANG,OCT-50,0,0.0,0.0,50.0
201806,JAKARTA TIMUR,Kramat Jati,CILILITAN,50 - 100,0,0.0,0.0,100.0
201806,JAKARTA TIMUR,Makasar,CIPINANG MELAYU,10,0,0.0,0.0,10.0
201806,JAKARTA SELATAN,Pesanggrahan,ULUJAMI,20 - 30,0,0.0,0.0,30.0
201806,JAKARTA TIMUR,Cakung,JATINEGARA,50 - 90,0,0.0,0.0,90.0
201806,JAKARTA TIMUR,Cakung,PENGGILINGAN,20 - 30,0,0.0,0.0,30.0
201806,JAKARTA TIMUR,Makasar,CIPINANG MELAYU,10-MAY,0,0.0,0.0,10.0
201806,JAKARTA TIMUR,Pulogadung,RAWAMANGUN,20 - 50,0,0.0,0.0,50.0
201806,JAKARTA TIMUR,Jatinegara,KAMPUNG MELAYU,MAY-60,988,0.0,0.0,60.0
201806,JAKARTA TIMUR,Jatinegara,BIDARA CINA,OCT-35,0,0.0,0.0,35.0
201806,JAKARTA TIMUR,Kramat Jati,CAWANG,OCT-60,0,0.0,0.0,60.0
201806,JAKARTA BARAT,Kalideres,KAMAL,20,0,0.0,0.0,20.0
201806,JAKARTA SELATAN,Pasar Minggu,JATI PADANG,10 S/D 40,0,0.0,0.0,40.0
201806,JAKARTA SELATAN,Pasar Minggu,RAGUNAN,10 S/D 30,0,0.0,0.0,30.0
201806,JAKARTA SELATAN,Pasar Minggu,CILANDAK TIMUR,10 S/D 120,20,9.0,0.0,120.0
201806,JAKARTA SELATAN,Pasar Minggu,PEJATEN TIMUR,10 S/D 50,0,0.0,0.0,50.0
201806,JAKARTA SELATAN,Mampang Prapatan,BANGKA,100 S/D 150,60,60.0,0.0,150.0
201806,JAKARTA SELATAN,Pancoran,DUREN TIGA,10 S/D 60,0,0.0,0.0,60.0
201806,JAKARTA SELATAN,Pancoran,RAWAJATI,30 S/D 60,0,0.0,0.0,60.0
201806,JAKARTA SELATAN,Pancoran,PENGADEGAN,10 S/D 50,0,0.0,0.0,50.0
201806,JAKARTA SELATAN,Cilandak,PONDOK LABU,10 S/D 80,0,0.0,0.0,80.0
201806,JAKARTA SELATAN,Cilandak,CIPETE SELATAN,20 S/D 40,0,0.0,0.0,40.0
201806,JAKARTA SELATAN,Kebayoran Baru,PETOGOGAN,40,0,0.0,0.0,40.0
201806,JAKARTA SELATAN,Tebet,KEBON BARU,10 S/D 20,0,0.0,0.0,20.0
201806,JAKARTA TIMUR,Jatinegara,KAMPUNG MELAYU,10 S/D 100,636,0.0,0.0,100.0
201806,JAKARTA TIMUR,Jatinegara,BIDARA CINA,70 S/D 110,0,0.0,0.0,110.0
201806,JAKARTA TIMUR,Kramat Jati,CAWANG,10 S/D 70,0,0.0,0.0,70.0
201806,JAKARTA TIMUR,Kramat Jati,CILILITAN,10 S/D 30,0,0.0,0.0,30.0
201806,JAKARTA SELATAN,Pasar Minggu,PEJATEN TIMUR,10 S/D 30,0,0.0,0.0,30.0
201806,JAKARTA SELATAN,Pancoran,PENGADEGAN,10 S/D 15,0,0.0,0.0,15.0
201806,JAKARTA SELATAN,Kebayoran Lama,PONDOK PINANG,30 S/D 60,0,0.0,0.0,60.0
201806,JAKARTA SELATAN,Kebayoran Lama,CIPULIR,10 S/D 30,0,0.0,0.0,30.0
201806,JAKARTA TIMUR,Jatinegara,KAMPUNG MELAYU,10 S/D 100,165,0.0,0.0,100.0
201806,JAKARTA TIMUR,Jatinegara,BIDARA CINA,50 S/D 75,0,0.0,0.0,75.0
201806,JAKARTA TIMUR,Kramat Jati,CAWANG,10 S/D 20,0,0.0,0.0,20.0
201806,JAKARTA TIMUR,Kramat Jati,CILILITAN,10 S/D 30,3,0.0,0.0,30.0
201812,JAKARTA PUSAT,Sawah Besar,GUNUNG SAHARI UTARA,10 S/D 40,0,0.0,0.0,40.0
201812,JAKARTA BARAT,Cengkareng,RAWA BUAYA,20 S/D 30,0,0.0,0.0,30.0
201812,JAKARTA TIMUR,Jatinegara,KAMPUNG MELAYU,30 S/D 80,810,0.0,0.0,80.0
201812,JAKARTA TIMUR,Jatinegara,BIDARA CINA,50 S/D 60,290,0.0,0.0,60.0
201812,JAKARTA TIMUR,Kramat Jati,CAWANG,10 S/D 50,0,0.0,0.0,50.0
201812,JAKARTA UTARA,Penjaringan,PLUIT,2 S/D 15,0,0.0,0.0,15.0
201812,JAKARTA UTARA,Penjaringan,KAMAL MUARA,5 S/D 10,0,0.0,0.0,10.0
201812,JAKARTA BARAT,Kalideres,KAMAL,5 S/D 30,0,0.0,0.0,30.0
201812,JAKARTA SELATAN,Kebayoran Lama,PONDOK PINANG,10 S/D 20,0,0.0,0.0,20.0
201812,JAKARTA SELATAN,Pasar Minggu,PEJATEN TIMUR,10 S/D 30,0,0.0,0.0,30.0
201812,JAKARTA SELATAN,Pasar Minggu,CILANDAK TIMUR,10 S/D 30,0,0.0,0.0,30.0
201812,JAKARTA SELATAN,Cilandak,GANDARIA SELATAN,60 S/D 70,0,0.0,0.0,70.0
201812,JAKARTA SELATAN,Pesanggrahan,ULUJAMI,40 S/D 70,4000,0.0,0.0,70.0
201812,JAKARTA TIMUR,Makasar,CIPINANG MELAYU,30 S/D 50,1858,0.0,0.0,50.0
201812,JAKARTA TIMUR,Jatinegara,CIPINANG MUARA,60 S/D 80,240,0.0,0.0,80.0
201812,JAKARTA TIMUR,Jatinegara,KAMPUNG MELAYU,10 S/D 100,789,0.0,0.0,100.0
201812,JAKARTA TIMUR,Jatinegara,BIDARA CINA,20 S/D 60,710,0.0,0.0,60.0
201812,JAKARTA TIMUR,Ciracas,RAMBUTAN,10 S/D 30,0,0.0,0.0,30.0
201812,JAKARTA TIMUR,Kramat Jati,CAWANG,10 S/D 50,0,0.0,0.0,50.0
201812,JAKARTA TIMUR,Cakung,JATINEGARA,10 S/D 15,0,0.0,0.0,15.0
201812,JAKARTA TIMUR,Cakung,RAWA TERATE,5 S/D 20,0,0.0,0.0,20.0
201812,JAKARTA UTARA,Penjaringan,PLUIT,5 S/D 10,0,0.0,0.0,10.0
201812,JAKARTA UTARA,Penjaringan,KAMAL MUARA,3 S/D 10,0,0.0,0.0,10.0
201812,JAKARTA UTARA,Penjaringan,PENJARINGAN,5 S/D 10,0,0.0,0.0,10.0
201812,JAKARTA BARAT,Kalideres,KAMAL,6 S/D 10,0,0.0,0.0,10.0
201812,JAKARTA BARAT,Cengkareng,RAWA BUAYA,15 S/D 60,0,0.0,0.0,60.0
201812,JAKARTA BARAT,Cengkareng,CENGKARENG TIMUR,20 S/D 30,0,0.0,0.0,30.0
201812,JAKARTA BARAT,Cengkareng,DURI KOSAMBI,10 S/D 40,77,0.0,0.0,40.0
201812,JAKARTA BARAT,Kembangan,KEMBANGAN UTARA,50,0,0.0,0.0,50.0
201812,JAKARTA SELATAN,Cilandak,CILANDAK BARAT,20 S/D 60,0,0.0,0.0,60.0
201812,JAKARTA SELATAN,Cilandak,PONDOK LABU,20 S/D 60,0,0.0,0.0,60.0
201812,JAKARTA SELATAN,Pancoran,KALIBATA,30,0,0.0,0.0,30.0
201812,JAKARTA SELATAN,Pancoran,DUREN TIGA,70,0,0.0,0.0,70.0
201812,JAKARTA SELATAN,Mampang Prapatan,BANGKA,50 S/D 80,0,0.0,0.0,80.0
201812,JAKARTA SELATAN,Kebayoran Baru,PETOGOGAN,10 S/D 40,0,0.0,0.0,40.0
201812,JAKARTA SELATAN,Kebayoran Baru,CIPETE UTARA,20 S/D 40,0,0.0,0.0,40.0
201812,JAKARTA SELATAN,Pasar Minggu,CILANDAK TIMUR,10 S/D 100,0,0.0,0.0,100.0
201812,JAKARTA SELATAN,Kebayoran Lama,CIPULIR,30 S/D 80,0,0.0,0.0,80.0
201812,JAKARTA SELATAN,Pesanggrahan,ULUJAMI,20 S/D 40,0,0.0,0.0,40.0
201812,JAKARTA TIMUR,Cakung,RAWA TERATE,10 S/D 100,0,0.0,0.0,100.0
201812,JAKARTA TIMUR,Cakung,CAKUNG TIMUR,20,800,0.0,0.0,20.0
201812,JAKARTA TIMUR,Makasar,CIPINANG MELAYU,10 S/D 30,0,0.0,0.0,30.0
201812,JAKARTA TIMUR,Ciracas,RAMBUTAN,10 S/D 50,0,0.0,0.0,50.0
201903,JAKARTA TIMUR,Kec. Kramat Jati,KEL.CAWANG,10 S/D 80 CM,0,0.0,0.0,80.0
201903,JAKARTA TIMUR,Kec. Makasar,KEL. CIPINANG MELAYU,5 S/D 10 CM,0,0.0,0.0,10.0
201903,JAKARTA TIMUR,Kec. Cakung,KEL. RAWA TERATE,10 CM S/D 20 CM,0,0.0,0.0,20.0
201903,JAKARTA TIMUR,Kec. Cakung,KEL. JATINEGARA,20 CM,0,0.0,0.0,20.0
201903,JAKARTA TIMUR,Kec. Pasar Rebo,KEL. KALISARI,50 CM,0,0.0,0.0,50.0
201903,JAKARTA TIMUR,Kec. Ciracas,KEL. CIRACAS,50 CM,0,0.0,0.0,50.0
201902,JAKARTA UTARA,Kec. Penjaringan,KEL. KAMAL MUARA,5 CM,0,0.0,0.0,5.0
201902,JAKARTA BARAT,Kec. Kembangan,KEL. KEMBANGAN UTARA,50 S/D 60 CM,0,0.0,0.0,60.0
201902,JAKARTA BARAT,Kec. Kalideres,KEL. KAMAL,5 CM,0,0.0,0.0,5.0
201902,JAKARTA SELATAN,Kec. Kebayoran Lama,KEL. GROGOL SELATAN,10 S/D 50 CM,0,0.0,0.0,50.0
201902,JAKARTA SELATAN,Kec. Kebayoran Lama,KEL. CIPULIR,40 CM,0,0.0,0.0,40.0
201902,JAKARTA SELATAN,"Kec, Pasar Minggu",KEL. PEJATEN TIMUR,40 S/D 80 CM,171,0.0,0.0,80.0
201902,JAKARTA SELATAN,"Kec, Pasar Minggu",KEL. CILANDAK TIMUR,60 CM,0,0.0,0.0,60.0
201902,JAKARTA SELATAN,Kec. Pancoran,KEL. PENGEDEGAN,80 CM,12,0.0,0.0,80.0
201902,JAKARTA SELATAN,Kec. Pancoran,KEL. RAWAJATI,20 S/D 70 CM,0,0.0,0.0,70.0
201902,JAKARTA SELATAN,Kec. Pancoran,KEL. DUREN TIGA,40 S/D 70 CM,0,0.0,0.0,70.0
201902,JAKARTA SELATAN,Kec. Pancoran,KEL. KALIBATA,30 S/D 40 CM,0,0.0,0.0,40.0
201902,JAKARTA SELATAN,Kec. Tebet,KEL. KEBON BARU,5 S/D 10 CM,0,0.0,0.0,10.0
201902,JAKARTA SELATAN,Kec. Tebet,KEL. MANGGARAI,15 CM,0,0.0,0.0,15.0
201902,JAKARTA SELATAN,Kec. Kebayoran Baru,KEL PETOGOGAN,30 S/D 50 CM,0,0.0,0.0,50.0
201902,JAKARTA SELATAN,Kec. Mampang,KEL. KUNINGAN BARAT,20 S/D 40 CM,0,0.0,0.0,40.0
201902,JAKARTA SELATAN,Kec. Jagakarsa,KEL. CIPEDAK,50 S/D 70 CM,0,0.0,0.0,70.0
201902,JAKARTA SELATAN,Kec. Cilandak,KEL. CILANDAK BARAT,40 S/D 50 CM,0,0.0,0.0,50.0
201902,JAKARTA TIMUR,Kec. Makasar,KEL. CIPINANG MELAYU,40 S/D 60 CM,0,0.0,0.0,60.0
201902,JAKARTA TIMUR,Kec. Pasar Rebo,KEL. PEKAYON,20 S/D 60 CM,0,0.0,0.0,60.0
201902,JAKARTA TIMUR,Kec. Jatinegara,KEL. CIPINANG MUARA,20 S/D 40 CM,0,0.0,0.0,40.0
201902,JAKARTA TIMUR,Kec. Jatinegara,KEL. KAMPUNG MELAYU,10 S/D 100 CM,1003,0.0,0.0,100.0
201902,JAKARTA TIMUR,Kec. Jatinegara,KEL. BIDARA CINA,40 S/D 135,0,0.0,0.0,135.0
201902,JAKARTA TIMUR,Kec.Kramat Jati,KEL BALEKAMBANG,15 S/D 120 CM,0,0.0,0.0,120.0
201902,JAKARTA TIMUR,Kec.Kramat Jati,KEL. CAWANG,20 S/D 80 CM,0,0.0,0.0,80.0
201902,JAKARTA TIMUR,Kec.Kramat Jati,KEL. CILILITAN,20 S/D 90 CM,0,0.0,0.0,90.0
201905,JAKARTA SELATAN,Kec. Jagakarsa,KEL. JAGAKARSA,10 S/D 30 CM,0,0.0,0.0,30.0
201905,JAKARTA SELATAN,Kec. Pasar Minggu,KEL. PEJATEN TIMUR,20 S/D 40 CM,355,0.0,0.0,40.0
201905,JAKARTA SELATAN,Kec. Kebayoran Lama,KEL. CIPULIR,10 S/D 20 CM,0,0.0,0.0,20.0
201905,JAKARTA SELATAN,Kec. Kebayoran Lama,KEL. PONDOK PINANG,10 S/D 30 CM,0,0.0,0.0,30.0
201905,JAKARTA TIMUR,Kec. Jatinegara,KEL. KAMPUNG MELAYU,5 S/D 20 CM,0,0.0,0.0,20.0
201905,JAKARTA TIMUR,Kec. Jatinegara,KEL. BIDARA CINA,20 S/D 30 CM,0,0.0,0.0,30.0
201905,JAKARTA TIMUR,Kec. Makasar,KEL. CIPINANG MELAYU,20 S/D 100 CM,0,0.0,0.0,100.0
201912,JAKARTA BARAT,Kec. Cengkareng,KEL. RAWA BUAYA,15 CM,0,0.0,0.0,15.0
201912,JAKARTA BARAT,Kec. Kebon Jeruk,KEL. SUKABUMI SELATAN,20-100 CM,0,0.0,0.0,100.0
201912,JAKARTA BARAT,Kec. Palmerah,KEL. KOTA BAMBU UTARA,20-30 CM,0,0.0,0.0,30.0
201912,JAKARTA BARAT,Kec. Palmerah,KEL. PALMERAH,40CM,0,0.0,0.0,40.0
201912,JAKARTA BARAT,Kec. Kali Deres,KEL. TEGAL ALUR,30-70 CM,1264,0.0,0.0,70.0
201912,JAKARTA BARAT,Kec. Kali Deres,KEL. KAMAL,30 CM,0,0.0,0.0,30.0
201912,JAKARTA SELATAN,Kec. Pasar Minggu,KEL. JATI PADANG,20 S/D 60 CM,0,0.0,0.0,60.0
201912,JAKARTA SELATAN,Kec. Kebayoran Lama,KEL. PONDOK PINANG,25 S/D 75 CM,0,0.0,0.0,75.0
201912,JAKARTA SELATAN,Kec. Kebayoran Lama,KEL. CIPULIR,25 S/D 40 CM,0,0.0,0.0,40.0
201912,JAKARTA SELATAN,Kec. Kebayoran Lama,KEL. KEBAYORAN LAMA SELATAN,50 CM,0,0.0,0.0,50.0
201912,JAKARTA SELATAN,Kec. Cilandak,KEL CILANDAK BARAT,60 CM,0,0.0,0.0,60.0
201912,JAKARTA SELATAN,Kec. Cilandak,KEL PONDOK LABU,30 S/D 70 CM,0,0.0,0.0,70.0
201912,JAKARTA SELATAN,Kec. Kebayoran Baru,KEL. CIPETE UTARA,20 S/D 75 CM,0,0.0,0.0,75.0
201912,JAKARTA SELATAN,Kec. Kebayoran Baru,KEL. PETOGOGAN,45 CM,0,0.0,0.0,45.0
201912,JAKARTA SELATAN,Kec. Kebayoran Baru,KEL. GUNUNG,50 S/D 80 CM,0,0.0,0.0,80.0
201912,JAKARTA TIMUR,Kec. Makasar,KEL. KEBON PALA,30 S/D 50 CM,0,0.0,0.0,50.0
201912,JAKARTA TIMUR,Kec. Kramat Jati,KEL. BATU AMPAR,40 CM,0,0.0,0.0,40.0
201912,JAKARTA TIMUR,Kec. Kramat Jati,KEL. CAWANG,50 CM,0,0.0,0.0,50.0
201912,JAKARTA TIMUR,Kec. Jatinegara,KEL. KAMPUNG MELAYU,20 S/D 40 CM,337,0.0,0.0,40.0
201912,JAKARTA TIMUR,Kec. Jatinegara,KEL. BIDARA CINA,20 S/D 50 CM,0,0.0,0.0,50.0
201904,JAKARTA UTARA,Kec. Penjaringan,KEL. KAMAL MUARA,3 S/D 10 CM,0,0.0,0.0,10.0
201904,JAKARTA BARAT,Kec. Cengkareng,KEL. CENGKARENG BARAT,30 S/D 50 CM,0,0.0,0.0,50.0
201904,JAKARTA BARAT,Kec. Cengkareng,KEL. RAWA BUAYA,20 S/D 80 CM,0,0.0,0.0,80.0
201904,JAKARTA BARAT,Kec. Kebon Jeruk,KEL. KEDOYA SELATAN,10 S/D 30 CM,0,0.0,0.0,30.0
201904,JAKARTA BARAT,Kec. Kembangan,KEL. KEMBANGAN UTARA,40 S/D 110 CM,138,1.0,0.0,110.0
201904,JAKARTA BARAT,Kec. Kembangan,KEL. KEMBANGAN SELATAN,20 CM,0,0.0,0.0,20.0
201904,JAKARTA SELATAN,Kec. Kebayoran Baru,KEL. PETOGOGAN,10 S/D 40 CM,0,0.0,0.0,40.0
201901,JAKARTA UTARA,Kec. Penjaringan,KEL. KAMAL MUARA,3 S/D 20 CM,0,0.0,0.0,20.0
201901,JAKARTA UTARA,Kec. Penjaringan,KEL. PLUIT,3 S/D 40 CM,0,0.0,0.0,40.0
201901,JAKARTA UTARA,Kec. Penjaringan,KEL. PEJAGALAN,10 S/D 15 CM,0,0.0,0.0,15.0
201901,JAKARTA UTARA,Kec. Penjaringan,KEL. PENJARINGAN,5 S/D 10 CM,0,0.0,0.0,10.0
201901,JAKARTA UTARA,Kec. Cilincing,KEL. ROROTAN,10 S/D 20 CM,0,0.0,0.0,20.0
201901,JAKARTA UTARA,Kec. Cilincing,KEL. SUKAPURA,10 S/D 20 CM,0,0.0,0.0,20.0
201901,JAKARTA UTARA,Kec. Cilincing,KEL. CILINCING,10 S/D 20 CM,0,0.0,0.0,20.0
201901,JAKARTA UTARA,Kec. Cilincing,KEL. SEMPER TIMUR,5 S/D 30 CM,0,0.0,0.0,30.0
201901,JAKARTA UTARA,Kec. Cilincing,KEL. MARUNDA,10 S/D 20 CM,0,0.0,0.0,20.0
201901,JAKARTA UTARA,Kec. Kelapa Gading,KEL. PEGANGSAAN DUA,10 S/D 30 CM,0,0.0,0.0,30.0
201901,JAKARTA UTARA,Kec. Kelapa Gading,KEL. KELAPA GADING BARAT,10 S/D 20 CM,0,0.0,0.0,20.0
201901,JAKARTA UTARA,Kec. Koja,KEL. KEL. TUGU SELATAN,10 S/D 30 CM,0,0.0,0.0,30.0
201901,JAKARTA UTARA,Kec. Tanjung Priok,KEL. TANJUNG PRIOK,10 S/D 25 CM,0,0.0,0.0,25.0
201901,JAKARTA BARAT,Kec. Kalideres,KEL. KAMAL,3 S/D 10 CM,0,0.0,0.0,10.0
201901,JAKARTA BARAT,Kec. Kalideres,KEL. TEGAL ALUR,40 S/D 50 CM,0,0.0,0.0,50.0
201901,JAKARTA BARAT,Kec. Kalideres,KEL. PEGADUNGAN,40 S/D 60 CM,0,0.0,0.0,60.0
201901,JAKARTA BARAT,Kec. Kebon Jeruk,KEL. DURI KEPA,25 CM,0,0.0,0.0,25.0
201901,JAKARTA BARAT,Kec. Kebon Jeruk,KEL. KEDOYA SELATAN,30 S/D 40 CM,0,0.0,0.0,40.0
201901,JAKARTA BARAT,Kec. Kebon Jeruk,KEL. KEDOYA UTARA,20 S/D 30 CM,0,0.0,0.0,30.0
201901,JAKARTA BARAT,Kec. Cengkareng,KEL. CENGKARENG TIMUR,10 S/D 70 CM,0,0.0,0.0,70.0
201901,JAKARTA BARAT,Kec. Cengkareng,KEL. RAWA BUAYA,10 S/D 60 CM,0,0.0,0.0,60.0
201901,JAKARTA BARAT,Kec. Cengkareng,KEL. DURI KOSAMBI,30 S/D 40 CM,0,0.0,0.0,40.0
201901,JAKARTA BARAT,Kec. Cengkareng,KEL. KEDAUNG KALI ANGKE,15 S/D 20 CM,0,0.0,0.0,20.0
201901,JAKARTA BARAT,Kec. Grogol Petamburan,KEL. WIJAYA KUSUMA,10 S/D 20 CM,0,0.0,0.0,20.0
201901,JAKARTA BARAT,Kec. Grogol Petamburan,KEL. JELAMBAR BARU,10 S/D 30 CM,0,0.0,0.0,30.0
201901,JAKARTA BARAT,Kec. Kembangan,KEL. KEMBANGAN UTARA,15 S/D 20 CM,0,0.0,0.0,20.0
201901,JAKARTA BARAT,Kec. Palmerah,KEL. JATI PULO,40 CM,0,0.0,0.0,40.0
201901,JAKARTA BARAT,Kec. Palmerah,KEL. KOTA BAMBU UTARA,20 CM,0,0.0,0.0,20.0
201901,JAKARTA SELATAN,Kec. Pasar Minggu,KEL. JATIPADANG,30 S/D 60 CM,240,0.0,0.0,60.0
201901,JAKARTA TIMUR,Kec. Jatinegara,KEL. KAMPUNG MELAYU,10 S/D 30 CM,213,0.0,0.0,30.0
201901,JAKARTA TIMUR,Kec. Cakung,KEL. RAWA TERATE,15 S/D 30 CM,0,0.0,0.0,30.0
201910,JAKARTA SELATAN,Kec. Tebet,KEL. KEBON BARU,10 S/D 30 CM,0,0.0,0.0,30.0
201910,JAKARTA SELATAN,Kec. Pasar Minggu,KEL. PEJATEN TIMUR,60 S/D 100 CM,0,0.0,0.0,100.0
201910,JAKARTA SELATAN,Kec. Pancoran,KEL. PENGADEGAN,30 CM,0,0.0,0.0,30.0
201910,JAKARTA TIMUR,Kec. Jatinegara,KEL. KAMPUNG MELAYU,10 S/D 60 CM,1034,0.0,0.0,60.0
201910,JAKARTA TIMUR,Kec. Jatinegara,KEL. BIDARA CINA,20 S/D 40 CM,169,0.0,0.0,40.0
201910,JAKARTA TIMUR,Kec. Makasar,KEL. BALEKAMBANG,10 S/D 40 CM,0,0.0,0.0,40.0
201910,JAKARTA TIMUR,Kec. Makasar,KEL. CAWANG,30 S/D 100 CM,0,0.0,0.0,100.0
201904,JAKARTA SELATAN,Kec. Kebayoran Baru,KEL. CIPETE UTARA,30 S/D 90 CM,0,0.0,0.0,90.0
201904,JAKARTA SELATAN,Kec. Pasar Minggu,KEL. JATI PADANG,20 S/D 50 CM,0,0.0,0.0,50.0
201904,JAKARTA SELATAN,Kec. Pasar Minggu,KEL. PEJATEN TIMUR,100 S/D 220 CM,875,0.0,0.0,220.0
201904,JAKARTA SELATAN,Kec. Pancoran,KEL. PENGADEGAN,10 S/D 250 CM,639,3.0,0.0,250.0
201904,JAKARTA SELATAN,Kec. Pancoran,KEL. RAWAJATI,30 S/D 100 CM,0,0.0,0.0,100.0
201904,JAKARTA SELATAN,Kec. Pancoran,KEL. CIKOKO,20 S/D 30 CM,0,0.0,0.0,30.0
201904,JAKARTA SELATAN,Kec. Tebet,KEL. KEBON BARU,10 S/D 50 CM,7,1.0,0.0,50.0
201904,JAKARTA SELATAN,Kec. Tebet,KEL. MANGGARAI,50 S/D 100,0,0.0,0.0,100.0
201904,JAKARTA SELATAN,Kec. Jagakarsa,KEL. LENTENG AGUNG,30 S/D 50 CM,0,0.0,0.0,50.0
201904,JAKARTA SELATAN,Kec. Jagakarsa,KEL. SRENGSENG SAWAH,30 CM,0,0.0,0.0,30.0
201904,JAKARTA SELATAN,Kec. Jagakarsa,KEL. JAGAKARSA,10 S/D 20 CM,0,0.0,0.0,20.0
201904,JAKARTA SELATAN,Kec. Mampang Prapatan,KEL. BANGKA,35 S/D 70 CM,0,0.0,0.0,70.0
201904,JAKARTA SELATAN,Kec. Kebayoran Lama,KEL. PONDOK PINANG,10 S/D 60 CM,0,0.0,0.0,60.0
201904,JAKARTA SELATAN,Kec. Kebayoran Lama,KEL. CIPULIR,10 S/D 20 CM,0,0.0,0.0,20.0
201904,JAKARTA SELATAN,Kec. Cilandak,KEL. PONDOK LABU,10 S/D 50 CM,0,0.0,0.0,50.0
201904,JAKARTA TIMUR,Kec. Makasar,KEL. CIPINANG MELAYU,20 S/D 60 CM,0,0.0,0.0,60.0
201904,JAKARTA TIMUR,Kec. Makasar,KEL. KEBON PALA,10 S/D 50 CM,0,0.0,0.0,50.0
201904,JAKARTA TIMUR,Kec. Makasar,KEL. MAKASAR,10 S/D 100 CM,0,1.0,0.0,100.0
201904,JAKARTA TIMUR,Kec. Jatinegara,KEL. KAMPUNG MELAYU,10 S/D 250 CM,2312,5.0,0.0,250.0
201904,JAKARTA TIMUR,Kec. Jatinegara,KEL. BIDARA CINA,20 S/D 220 CM,3496,4.0,0.0,220.0
201904,JAKARTA TIMUR,Kec. Kramat Jati,KEL. CAWANG,10 S/D 150 CM,1384,4.0,0.0,150.0
201904,JAKARTA TIMUR,Kec. Kramat Jati,KEL. BALEKAMBANG,30 S/D 70 CM,0,0.0,0.0,70.0
201904,JAKARTA TIMUR,Kec. Kramat Jati,KEL. CILILITAN,20 S/D 170 CM,0,1.0,0.0,170.0
201904,JAKARTA TIMUR,Kec. Matraman,KEL. KEBON MANGGIS,10 S/D 20 CM,0,0.0,0.0,20.0
201904,JAKARTA TIMUR,Kec. Ciracas,KEL. CIBUBUR,10 S/D 20 CM,0,0.0,0.0,20.0
201904,JAKARTA TIMUR,Kec. Ciracas,KEL. KELAPA DUA WETAN,10 S/D 30 CM,0,0.0,0.0,30.0
201904,JAKARTA TIMUR,Kec. Ciracas,KEL. RAMBUTAN,20 S/D 40 CM,0,3.0,0.0,40.0
201903,JAKARTA PUSAT,Kec. Senen,KEL. KRAMAT,20 CM,0,0.0,0.0,20.0
201903,JAKARTA UTARA,Kec. Cilincing,KEL. SEMPER TIMUR,10 CM S/D 50 CM,0,0.0,0.0,50.0
201903,JAKARTA UTARA,Kec. Cilincing,KEL. KALIBARU,30 CM,0,0.0,0.0,30.0
201903,JAKARTA UTARA,Kec. Cilincing,KEL. CILINCING,30 CM,0,0.0,0.0,30.0
201903,JAKARTA UTARA,Kec. Cilincing,KEL. ROROTAN,50 CM,0,0.0,0.0,50.0
201903,JAKARTA UTARA,Kec. Kelapa Gading,KEL. PEGANGSAAN DUA,30 CM,0,0.0,0.0,30.0
201903,JAKARTA UTARA,Kec. Koja,KEL. RAWA BADAK SELATAN,10 CM S/D 20 CM,0,0.0,0.0,20.0
201903,JAKARTA UTARA,Kec. Pademangan,KEL. ANCOL,25 CM S/D 30 CM,0,0.0,0.0,30.0
201903,JAKARTA UTARA,Kec. Penjaringan,KEL. PLUIT,40 CM,0,0.0,0.0,40.0
201903,JAKARTA UTARA,Kec. Penjaringan,KEL. PEJAGALAN,15 CM S/D 30 CM,0,0.0,0.0,30.0
201903,JAKARTA UTARA,Kec. Penjaringan,KEL. PENJARINGAN,30 CM,0,0.0,0.0,30.0
201903,JAKARTA UTARA,Kec. Penjaringan,KEL. KAMAL MUARA,50 CM,0,0.0,0.0,50.0
201903,JAKARTA UTARA,Kec. Tanjung Priok,KEL. WARAKAS,50 CM,0,0.0,0.0,50.0
201903,JAKARTA UTARA,Kec. Tanjung Priok,KEL. KEBON BAWANG,10 CM,0,0.0,0.0,10.0
201903,JAKARTA UTARA,Kec. Tanjung Priok,KEL. SUNGAI BAMBU,15 CM,0,0.0,0.0,15.0
201903,JAKARTA UTARA,Kec. Tanjung Priok,KEL. TANJUNG PRIOK,20 CM S/D 30 CM,0,0.0,0.0,30.0
201903,JAKARTA BARAT,Kec. Kebon Jeruk,KEL. KEDOYA UTARA,15 CM S/D 50 CM,0,0.0,0.0,50.0
201903,JAKARTA BARAT,Kec. Kebon Jeruk,KEL. KEDOYA SELATAN,25 CM,0,0.0,0.0,25.0
201903,JAKARTA BARAT,Kec. Kebon Jeruk,KEL. DURI KEPA,20 CM S/D 40 CM,0,0.0,0.0,40.0
201903,JAKARTA BARAT,Kec. Cengkareng,KEL. KEDAUNG KALI ANGKE,40 CM S/D 75 CM,85,2.0,0.0,75.0
201903,JAKARTA BARAT,Kec. Cengkareng,KEL. RAWA BUAYA,20 CM S/D 70 CM,0,0.0,0.0,70.0
201903,JAKARTA BARAT,Kec. Cengkareng,KEL. CENGKARENG TIMUR,10 CM S/D 50 CM,0,0.0,0.0,50.0
201903,JAKARTA BARAT,Kec. Cengkareng,KEL. CENGKARENG BARAT,50 CM,0,0.0,0.0,50.0
201903,JAKARTA BARAT,Kec. Cengkareng,KEL. KAPUK,15 CM S/D 50 CM,0,0.0,0.0,50.0
201903,JAKARTA BARAT,Kec. Grogol Petamburan,KEL. JELAMBAR BARU,20 CM S/D 60 CM,0,0.0,0.0,60.0
201903,JAKARTA BARAT,Kec. Grogol Petamburan,KEL. JELAMBAR,30 CM S/D 40 CM,0,0.0,0.0,40.0
201903,JAKARTA BARAT,Kec. Kalideres,KEL. TEGAL ALUR,15 CM S/D 80 CM,0,0.0,0.0,80.0
201903,JAKARTA BARAT,Kec. Kembangan,KEL. JOGLO,15 CM,0,0.0,0.0,15.0
201903,JAKARTA BARAT,Kec. Kembangan,KEL. KEMBANGAN UTARA,30 CM S/D 40 CM,0,0.0,0.0,40.0
201903,JAKARTA BARAT,Kec. Kembangan,KEL. KEMBANGAN SELATAN,20 CM,0,0.0,0.0,20.0
201903,JAKARTA BARAT,Kec. Tambora,KEL. JEMBATAN LIMA,40 CM,0,0.0,0.0,40.0
201903,JAKARTA SELATAN,Kec. Pancoran,KEL. RAWAJATI,10 S/D 30 CM,0,0.0,0.0,30.0
201903,JAKARTA SELATAN,Kec. Pasar Minggu,KEL. CILANDAK TIMUR,80 CM,0,0.0,0.0,80.0
201903,JAKARTA SELATAN,Kec. Pasar Minggu,KEL. JATI PADANG,10 S/D 60 CM,0,0.0,0.0,60.0
201903,JAKARTA SELATAN,Kec. Kebayoran Baru,KEL. PETOGOGAN,60 CM,0,0.0,0.0,60.0
201903,JAKARTA SELATAN,Kec. Cilandak,KEL. PONDOK LABU,10 S/D 30 CM,0,0.0,0.0,30.0
201903,JAKARTA TIMUR,Kec. Jatinegara,KEL. KAMPUNG MELAYU,10 S/D 100 CM,925,0.0,0.0,100.0
202001,JAKARTA BARAT,Kalideres,TEGAL ALUR,31 S/D 150 CM,1208,10.0,0.0,150.0
202001,JAKARTA BARAT,Kebon Jeruk,DURI KEPA,31 S/D 70 CM,130,4.0,0.0,70.0
202001,JAKARTA BARAT,Kebon Jeruk,KEDOYA SELATAN,10 S/D 150 CM,36,1.0,0.0,150.0
202001,JAKARTA BARAT,Kebon Jeruk,KEDOYA UTARA,31 S/D 100 CM,1238,15.0,0.0,100.0
202001,JAKARTA BARAT,Kebon Jeruk,SUKABUMI UTARA,10 S/D 140 CM,0,0.0,0.0,140.0
202001,JAKARTA BARAT,Kebon Jeruk,SUKABUMI SELATAN,30 S/D 100 CM,0,0.0,0.0,100.0
202001,JAKARTA BARAT,Kebon Jeruk,KELAPA DUA,60 CM,0,0.0,0.0,60.0
202001,JAKARTA BARAT,Kembangan,JOGLO,31 S/D 150 CM,0,0.0,0.0,150.0
202001,JAKARTA BARAT,Kembangan,KEMBANGAN SELATAN,31 S/D 120 CM,710,6.0,0.0,120.0
202001,JAKARTA BARAT,Kembangan,KEMBANGAN UTARA,30 S/D 90 CM,961,7.0,0.0,90.0
202001,JAKARTA BARAT,Kembangan,MERUYA SELATAN,80 CM,0,0.0,0.0,80.0
202001,JAKARTA BARAT,Kembangan,MERUYA UTARA,31 S/D 70 CM,0,0.0,0.0,70.0
202001,JAKARTA BARAT,Kembangan,SRENGSENG,71 S/D 150 CM,15,1.0,0.0,150.0
202001,JAKARTA BARAT,Palmerah,JATI PULO,10 S/D 30 CM,0,0.0,0.0,30.0
202001,JAKARTA BARAT,Palmerah,KEMANGGISAN,31 S/D 150 CM,0,0.0,0.0,150.0
202001,JAKARTA BARAT,Palmerah,KOTA BAMBU SELATAN,31 S/D 150 CM,0,0.0,0.0,150.0
202001,JAKARTA BARAT,Palmerah,KOTA BAMBU UTARA,10 S/D 70 CM,0,0.0,0.0,70.0
202001,JAKARTA BARAT,Palmerah,PALMERAH,31 S/D 70 CM,0,0.0,0.0,70.0
202001,JAKARTA BARAT,Palmerah,SLIPI,31 S/D 70 CM,0,0.0,0.0,70.0
202001,JAKARTA SELATAN,Cilandak,CILANDAK BARAT,71 S/D180 CM,300,2.0,0.0,180.0
202001,JAKARTA SELATAN,Cilandak,CIPETE SELATAN,10 S/D 30 CM,65,2.0,0.0,30.0
202001,JAKARTA SELATAN,Cilandak,LEBAK BULUS,31 S/D 70 CM,91,1.0,0.0,70.0
202001,JAKARTA SELATAN,Cilandak,PONDOK LABU,31 S/D 70 CM,134,5.0,0.0,70.0
202001,JAKARTA SELATAN,Jagakarsa,JAGAKARSA,31 S/D 70 CM,235,1.0,0.0,70.0
202001,JAKARTA SELATAN,Jagakarsa,TANJUNG BARAT,31 S/D 70 CM,0,0.0,0.0,70.0
202001,JAKARTA SELATAN,Jagakarsa,CIGANJUR,30 S/D 100 CM,150,3.0,0.0,100.0
202001,JAKARTA SELATAN,Jagakarsa,SRENGSENG SAWAH,10 S/D 30 CM,372,8.0,0.0,30.0
202001,JAKARTA SELATAN,Jagakarsa,LENTENG AGUNG,10 S/D 30 CM,507,4.0,0.0,30.0
202001,JAKARTA SELATAN,Jagakarsa,CIPEDAK,10 S/D 30 CM,175,1.0,0.0,30.0
202001,JAKARTA SELATAN,Kebayoran Baru,GUNUNG,71 S/D 150 CM,40,1.0,0.0,150.0
202001,JAKARTA SELATAN,Kebayoran Baru,KRAMAT PELA,71 S/D 150 CM,52,1.0,0.0,150.0
202001,JAKARTA SELATAN,Kebayoran Baru,PETOGOGAN,71 S/D 150 CM,0,0.0,0.0,150.0
202001,JAKARTA SELATAN,Kebayoran Baru,PULO,30 S/D 150 CM,16,1.0,0.0,150.0
202001,JAKARTA SELATAN,Kebayoran Baru,RAWA BARAT,71 S/D 150 CM,99,1.0,0.0,150.0
202001,JAKARTA SELATAN,Kebayoran Baru,CIPETE UTARA,10 S/D 70 CM,231,3.0,0.0,70.0
202001,JAKARTA SELATAN,Kebayoran Lama,CIPULIR,30 S/D 150 CM,675,5.0,0.0,150.0
202001,JAKARTA SELATAN,Kebayoran Lama,GROGOL SELATAN,31 S/D 70 CM,250,1.0,0.0,70.0
202001,JAKARTA SELATAN,Kebayoran Lama,GROGOL UTARA,20 S/D 60 CM,0,0.0,0.0,60.0
202001,JAKARTA SELATAN,Kebayoran Lama,KEBAYORAN LAMA SELATAN,71 S/D 150 CM,55,2.0,0.0,150.0
202001,JAKARTA SELATAN,Kebayoran Lama,KEBAYORAN LAMA UTARA,31 S/D 70 CM,700,1.0,0.0,70.0
202001,JAKARTA SELATAN,Kebayoran Lama,PONDOK PINANG,31 S/D 150 CM,962,3.0,0.0,150.0
202001,JAKARTA SELATAN,Mampang Prapatan,BANGKA,31 S/D 150 CM,1041,5.0,0.0,150.0
202001,JAKARTA SELATAN,Mampang Prapatan,KUNINGAN BARAT,71 S/D 150 CM,816,8.0,0.0,150.0
202001,JAKARTA SELATAN,Mampang Prapatan,MAMPANG PRAPATAN,31 S/D 150 CM,797,4.0,0.0,150.0
202001,JAKARTA SELATAN,Mampang Prapatan,PELA MAMPANG,10 S/D 150 CM,1099,5.0,0.0,150.0
202001,JAKARTA SELATAN,Mampang Prapatan,TEGAL PARANG,31 S/D 150 CM,1058,6.0,0.0,150.0
202001,JAKARTA SELATAN,Pancoran,CIKOKO,71 S/D 150 CM,147,1.0,0.0,150.0
202001,JAKARTA SELATAN,Pancoran,KALIBATA,31 S/D 200 CM,3615,3.0,0.0,200.0
202001,JAKARTA SELATAN,Pancoran,PANCORAN,10 S/D 30 CM,335,4.0,0.0,30.0
202001,JAKARTA SELATAN,Pancoran,PENGADEGAN,71 S/D 200 CM,1540,5.0,0.0,200.0
202001,JAKARTA SELATAN,Pancoran,RAWAJATI,10 S/D 70 CM,405,5.0,0.0,70.0
202001,JAKARTA SELATAN,Pancoran,DUREN TIGA,10 S/D 30 CM,345,2.0,0.0,30.0
202001,JAKARTA SELATAN,Pasar Minggu,CILANDAK TIMUR,71 S/D 175 CM,440,5.0,0.0,175.0
202001,JAKARTA SELATAN,Pasar Minggu,JATI PADANG,31 S/D 70 CM,781,9.0,0.0,70.0
202001,JAKARTA SELATAN,Pasar Minggu,KEBAGUSAN,120 CM,185,5.0,0.0,120.0
202001,JAKARTA SELATAN,Pasar Minggu,PEJATEN TIMUR,31 S/D 200 CM,0,0.0,0.0,200.0
202001,JAKARTA SELATAN,Pasar Minggu,PEJATEN BARAT,60 S/D 80 CM,0,0.0,0.0,80.0
202001,JAKARTA SELATAN,Pesanggrahan,BINTARO,71 S/D 150 CM,596,2.0,0.0,150.0
202001,JAKARTA SELATAN,Pesanggrahan,PETUKANGAN UTARA,71 S/D 150 CM,150,2.0,0.0,150.0
202001,JAKARTA SELATAN,Pesanggrahan,ULUJAMI,71 S/D 200 CM,321,9.0,0.0,200.0
202001,JAKARTA SELATAN,Pesanggrahan,PETUKANGAN SELATAN,60 S/D 80 CM,0,0.0,0.0,80.0
202001,JAKARTA SELATAN,Setiabudi,GUNTUR,31 S/D 70 CM,25,2.0,0.0,70.0
202001,JAKARTA SELATAN,Setiabudi,KARET SEMANGGI,71 S/D 150 CM,325,1.0,0.0,150.0
202001,JAKARTA SELATAN,Setiabudi,KUNINGAN TIMUR,31 S/D 70 CM,269,2.0,0.0,70.0
202001,JAKARTA SELATAN,Tebet,MANGGARAI,31 S/D 150 CM,256,5.0,0.0,150.0
202001,JAKARTA SELATAN,Tebet,MANGGARAI SELATAN,71 S/D 150 CM,0,0.0,0.0,150.0
202001,JAKARTA SELATAN,Tebet,BUKIT DURI,71 S/D 200 CM,228,1.0,0.0,200.0
202001,JAKARTA SELATAN,Tebet,KEBON BARU,15 S/D 100 CM,1750,6.0,0.0,100.0
202001,JAKARTA TIMUR,Cakung,CAKUNG BARAT,31 S/D 150 CM,850,3.0,0.0,150.0
202001,JAKARTA TIMUR,Cakung,CAKUNG TIMUR,10 S/D 70 CM,658,0.0,0.0,70.0
202001,JAKARTA TIMUR,Cakung,PENGGILINGAN,10 S/D 30 CM,0,0.0,0.0,30.0
202001,JAKARTA TIMUR,Cakung,RAWA TERATE,10 S/D 200 CM,195,0.0,0.0,200.0
202001,JAKARTA TIMUR,Cakung,UJUNG MENTENG,31 S/D 70 CM,70,0.0,0.0,70.0
202001,JAKARTA TIMUR,Cakung,JATINEGARA,10 S/D 30 CM,150,0.0,0.0,30.0
202001,JAKARTA TIMUR,Cipayung,BAMBU APUS,31 S/D 150 CM,48,2.0,0.0,150.0
202001,JAKARTA TIMUR,Cipayung,CEGER,31 S/D 70 CM,80,1.0,0.0,70.0
202001,JAKARTA TIMUR,Cipayung,CIPAYUNG,31 S/D 150 CM,190,0.0,0.0,150.0
202001,JAKARTA TIMUR,Cipayung,LUBANG BUAYA,71 S/D 150 CM,0,0.0,0.0,150.0
202001,JAKARTA TIMUR,Cipayung,SETU,71 S/D 150 CM,47,1.0,0.0,150.0
202001,JAKARTA TIMUR,Ciracas,CIBUBUR,10 S/D 70 CM,20,0.0,0.0,70.0
202001,JAKARTA TIMUR,Ciracas,KELAPA DUA WETAN,10 S/D 150 CM,335,0.0,0.0,150.0
202001,JAKARTA TIMUR,Ciracas,RAMBUTAN,31 S/D 200 CM,65,0.0,0.0,200.0
202001,JAKARTA TIMUR,Ciracas,SUSUKAN,20 S/D 70 CM,1868,2.0,0.0,70.0
202001,JAKARTA TIMUR,Duren Sawit,KLENDER,10 S/D 150 CM,470,3.0,0.0,150.0
202001,JAKARTA TIMUR,Duren Sawit,MALAKA JAYA,71 S/D 150 CM,220,0.0,0.0,150.0
202001,JAKARTA TIMUR,Duren Sawit,PONDOK BAMBU,31 S/D 150 CM,274,3.0,0.0,150.0
202001,JAKARTA TIMUR,Duren Sawit,PONDOK KELAPA,71 S/D 170 CM,465,7.0,0.0,170.0
202001,JAKARTA TIMUR,Duren Sawit,PONDOK KOPI,10 S/D 30 CM,220,0.0,0.0,30.0
202001,JAKARTA TIMUR,Jatinegara,BIDARA CINA,31 S/D 200 CM,3577,10.0,0.0,200.0
202001,JAKARTA TIMUR,Jatinegara,CIPINANG BESAR SELATAN,71 S/D 150 CM,279,3.0,0.0,150.0
202001,JAKARTA TIMUR,Jatinegara,CIPINANG MUARA,10 S/D 150 CM,932,2.0,0.0,150.0
202001,JAKARTA TIMUR,Jatinegara,KAMPUNG MELAYU,10 S/D 350 CM,2556,8.0,0.0,350.0
202001,JAKARTA TIMUR,Jatinegara,RAWA BUNGA,31 S/D 70 CM,4560,0.0,0.0,70.0
202001,JAKARTA TIMUR,Kramat Jati,BALE KAMBANG,31 S/D 150 CM,177,3.0,0.0,150.0
202001,JAKARTA TIMUR,Kramat Jati,BATU AMPAR,31 S/D 150 CM,24,3.0,0.0,150.0
202001,JAKARTA TIMUR,Kramat Jati,CAWANG,71 S/D 200 CM,1500,9.0,0.0,200.0
202001,JAKARTA TIMUR,Kramat Jati,CILILITAN,71 S/D 200 CM,58,1.0,0.0,200.0
202001,JAKARTA TIMUR,Kramat Jati,DUKUH,31 S/D 150 CM,1119,8.0,0.0,150.0
202001,JAKARTA TIMUR,Kramat Jati,TENGAH,10 S/D 150 CM,0,0.0,0.0,150.0
202001,JAKARTA TIMUR,Kramat Jati,KRAMAT JATI,31 S/D 150 CM,346,5.0,0.0,150.0
202001,JAKARTA TIMUR,Makasar,CIPINANG MELAYU,10 S/D 220 CM,2806,6.0,0.0,220.0
202001,JAKARTA TIMUR,Makasar,HALIM PERDANA KUSUMA,71 S/D 150 CM,300,5.0,0.0,150.0
202001,JAKARTA TIMUR,Makasar,KEBON PALA,31 S/D 70 CM,209,3.0,0.0,70.0
202001,JAKARTA TIMUR,Makasar,MAKASAR,31 S/D 150 CM,2220,11.0,0.0,150.0
202001,JAKARTA TIMUR,Makasar,PINANG RANTI,31 S/D 70 CM,120,5.0,0.0,70.0
202001,JAKARTA TIMUR,Matraman,KEBON MANGGIS,71 S/D 150 CM,949,7.0,0.0,150.0
202001,JAKARTA TIMUR,Matraman,PISANGAN BARU,31 S/D 70 CM,1200,0.0,0.0,70.0
202001,JAKARTA TIMUR,Matraman,UTAN KAYU SELATAN,31 S/D 70 CM,0,0.0,0.0,70.0
202001,JAKARTA TIMUR,Pasar Rebo,CIJANTUNG,31 S/D 70 CM,207,0.0,0.0,70.0
202001,JAKARTA TIMUR,Pasar Rebo,PEKAYON,10 S/D 30 CM,0,0.0,0.0,30.0
202001,JAKARTA TIMUR,Pasar Rebo,GEDONG,100 S/D 150 CM,100,1.0,0.0,150.0
202001,JAKARTA TIMUR,Pulo Gadung,CIPINANG,31 S/D 70 CM,2700,0.0,0.0,70.0
202001,JAKARTA TIMUR,Pulo Gadung,JATI,31 S/D 70 CM,84,0.0,0.0,70.0
202001,JAKARTA TIMUR,Pulo Gadung,KAYU PUTIH,71 S/D 150 CM,2310,4.0,0.0,150.0
202002,JAKARTA PUSAT,Johar Baru,JOHAR BARU,30 S/D 50 CM,0,0.0,0.0,50.0
202002,JAKARTA PUSAT,Johar Baru,KAMPUNG RAWA,20 CM,0,0.0,0.0,20.0
202002,JAKARTA PUSAT,Johar Baru,TANAH TINGGI,30 CM,0,0.0,0.0,30.0
202002,JAKARTA PUSAT,Kemayoran,GUNUNG SAHARI SELATAN,20 S/D 100 CM,0,0.0,0.0,100.0
202002,JAKARTA PUSAT,Kemayoran,SERDANG,30 CM,0,0.0,0.0,30.0
202002,JAKARTA PUSAT,Kemayoran,CEMPAKA BARU,20 S/D 50 CM,0,0.0,0.0,50.0
202002,JAKARTA PUSAT,Kemayoran,KEMAYORAN,20 CM,0,0.0,0.0,20.0
202002,JAKARTA PUSAT,Kemayoran,KEBON KOSONG,10 S/D 50 CM,0,0.0,0.0,50.0
202002,JAKARTA PUSAT,Kemayoran,SUMUR BATU,10 S/D 50 CM,0,0.0,0.0,50.0
202002,JAKARTA PUSAT,Sawah Besar,PASAR BARU,10 S/D 40,0,1.0,0.0,40.0
202002,JAKARTA PUSAT,Sawah Besar,KARANG ANYAR,20 CM,0,0.0,0.0,20.0
202002,JAKARTA PUSAT,Sawah Besar,MANGGA DUA SELATAN,30 CM,0,0.0,0.0,30.0
202002,JAKARTA PUSAT,Sawah Besar,GUNUNG SAHARI UTARA,30 CM,0,0.0,0.0,30.0
202002,JAKARTA PUSAT,Tanah Abang,BENDUNGAN HILIR,10 S/D 60,0,0.0,0.0,60.0
202002,JAKARTA PUSAT,Tanah Abang,KARET TENGSIN,40 S/D 80 CM,0,2.0,0.0,80.0
202002,JAKARTA PUSAT,Tanah Abang,PETAMBURAN,10 S/D 120,0,8.0,0.0,120.0
202002,JAKARTA PUSAT,Tanah Abang,KEBON MELATI,35 S/D 50 CM,0,0.0,0.0,50.0
202002,JAKARTA PUSAT,Senen,KRAMAT,10 S/D 50 CM,0,0.0,0.0,50.0
202002,JAKARTA PUSAT,Senen,KENARI,20 CM,0,0.0,0.0,20.0
202002,JAKARTA PUSAT,Menteng,KEBON SIRIH,20 S/D 90 CM,0,1.0,0.0,90.0
202002,JAKARTA PUSAT,Menteng,MENTENG,10 S/D 60 CM,0,0.0,0.0,60.0
202002,JAKARTA PUSAT,Cempaka Putih,RAWASARI,20 S/D 30 CM,0,0.0,0.0,30.0
202002,JAKARTA PUSAT,Cempaka Putih,CEMPAKA PUTIH TIMUR,30 CM,0,0.0,0.0,30.0
202002,JAKARTA PUSAT,Cempaka Putih,CEMPAKA PUTIH BARAT,20 S/D 30 CM,0,0.0,0.0,30.0
202002,JAKARTA PUSAT,Gambir,KEBON KELAPA,20 CM,0,0.0,0.0,20.0
202002,JAKARTA UTARA,Tanjung Priok,SUNTER JAYA,10 S/D 30 CM,0,0.0,0.0,30.0
202002,JAKARTA UTARA,Tanjung Priok,WARAKAS,20 CM,0,0.0,0.0,20.0
202002,JAKARTA UTARA,Tanjung Priok,TANJUNG PRIOK,10 S/D 30 CM,0,0.0,0.0,30.0
202002,JAKARTA UTARA,Tanjung Priok,KEBON BAWANG,10 S/D 30 CM,0,0.0,0.0,30.0
202002,JAKARTA UTARA,Kelapa Gading,KELAPA GADING BARAT,10 S/D 45 CM,0,0.0,0.0,45.0
202002,JAKARTA UTARA,Kelapa Gading,KELAPA GADING TIMUR,30 S/D 40 CM,271,6.0,0.0,40.0
202002,JAKARTA UTARA,Kelapa Gading,PEGANGSAAN DUA,20 S/D 70 CM,182,3.0,0.0,70.0
202002,JAKARTA UTARA,Koja,TUGU SELATAN,10 S/D 80 CM,192,1.0,0.0,80.0
202002,JAKARTA UTARA,Koja,TUGU UTARA,15 S/D 60 CM,0,0.0,0.0,60.0
202001,JAKARTA PUSAT,Johar Baru,JOHAR BARU,10 S/D 30 CM,140,1.0,0.0,30.0
202001,JAKARTA PUSAT,Kemayoran,GUNUNG SAHARI SELATAN,10 S/D 70 CM,0,0.0,0.0,70.0
202001,JAKARTA PUSAT,Kemayoran,SERDANG,10 S/D 30 CM,0,0.0,0.0,30.0
202001,JAKARTA PUSAT,Sawah Besar,PASAR BARU,10 S/D 70 CM,625,5.0,0.0,70.0
202001,JAKARTA PUSAT,Tanah Abang,BENDUNGAN HILIR,31 S/D 70 CM,195,6.0,0.0,70.0
202001,JAKARTA PUSAT,Tanah Abang,KARET TENGSIN,71 S/D 150 CM,2078,8.0,0.0,150.0
202001,JAKARTA PUSAT,Tanah Abang,PETAMBURAN,40 S/D 60 CM,0,0.0,0.0,60.0
202001,JAKARTA UTARA,Cilincing,CILINCING,10 S/D 35 CM,1121,14.0,0.0,35.0
202001,JAKARTA UTARA,Cilincing,MARUNDA,10 S/D 30 CM,0,0.0,0.0,30.0
202001,JAKARTA UTARA,Cilincing,ROROTAN,10 S/D 150 CM,150,3.0,0.0,150.0
202001,JAKARTA UTARA,Cilincing,SEMPER BARAT,10 S/D 70 CM,574,7.0,0.0,70.0
202001,JAKARTA UTARA,Cilincing,SEMPER TIMUR,10 S/D 150 CM,120,4.0,0.0,150.0
202001,JAKARTA UTARA,Cilincing,SUKA PURA,10 S/D 150 CM,278,2.0,0.0,150.0
202001,JAKARTA UTARA,Kelapa Gading,KELAPA GADING BARAT,10 S/D 30 CM,0,0.0,0.0,30.0
202001,JAKARTA UTARA,Kelapa Gading,KELAPA GADING TIMUR,10 S/D 30 CM,100,2.0,0.0,30.0
202001,JAKARTA UTARA,Kelapa Gading,PEGANGSAAN DUA,10 S/D 70 CM,210,3.0,0.0,70.0
202001,JAKARTA UTARA,Koja,TUGU SELATAN,20 S/D 50 CM,0,0.0,0.0,50.0
202001,JAKARTA UTARA,Penjaringan,KAPUK MUARA,20 S/D 40 CM,0,0.0,0.0,40.0
202001,JAKARTA UTARA,Penjaringan,PEJAGALAN,10 S/D 150 CM,1168,10.0,0.0,150.0
202001,JAKARTA UTARA,Penjaringan,PENJARINGAN,10 S/D 30 CM,0,0.0,0.0,30.0
202001,JAKARTA UTARA,Penjaringan,PLUIT,15 S/D 70 CM,0,0.0,0.0,70.0
202001,JAKARTA UTARA,Pademangan,ANCOL,10 S/D 30 CM,0,0.0,0.0,30.0
202001,JAKARTA BARAT,Cengkareng,CENGKARENG BARAT,31 S/D 70 CM,2220,20.0,0.0,70.0
202001,JAKARTA BARAT,Cengkareng,CENGKARENG TIMUR,10 S/D 70 CM,362,6.0,0.0,70.0
202001,JAKARTA BARAT,Cengkareng,DURI KOSAMBI,71 S/D 150 CM,1230,8.0,0.0,150.0
202001,JAKARTA BARAT,Cengkareng,KAPUK,31 S/D 70 CM,4461,9.0,0.0,70.0
202001,JAKARTA BARAT,Cengkareng,KEDAUNG KALI ANGKE,31 S/D 70 CM,2804,31.0,0.0,70.0
202001,JAKARTA BARAT,Cengkareng,RAWA BUAYA,31 S/D 70 CM,2133,7.0,0.0,70.0
202001,JAKARTA BARAT,Grogol Petamburan,JELAMBAR BARU,31 S/D 70 CM,60,1.0,0.0,70.0
202001,JAKARTA BARAT,Grogol Petamburan,TANJUNG DUREN UTARA,10 S/D 150 CM,85,3.0,0.0,150.0
202001,JAKARTA BARAT,Grogol Petamburan,TOMANG,31 S/D 70 CM,24,1.0,0.0,70.0
202001,JAKARTA BARAT,Grogol Petamburan,WIJAYA KUSUMA,31 S/D 70 CM,208,3.0,0.0,70.0
202001,JAKARTA BARAT,Kalideres,KALIDERES,31 S/D 70 CM,147,1.0,0.0,70.0
202001,JAKARTA BARAT,Kalideres,KAMAL,10 S/D 70 CM,0,0.0,0.0,70.0
202001,JAKARTA BARAT,Kalideres,PEGADUNGAN,10 S/D 70 CM,0,0.0,0.0,70.0
202001,JAKARTA BARAT,Kalideres,SEMANAN,31 S/D 200 CM,2112,18.0,0.0,200.0
202002,JAKARTA UTARA,Koja,RAWA BADAK SELATAN,10 S/D 30 CM,0,0.0,0.0,30.0
202002,JAKARTA UTARA,Penjaringan,KAPUK MUARA,5 S/D 70CM,0,0.0,0.0,70.0
202002,JAKARTA UTARA,Penjaringan,PEJAGALAN,5 S/D 60 CM,250,4.0,0.0,60.0
202002,JAKARTA UTARA,Penjaringan,PENJARINGAN,20 S/D 60 CM,0,1.0,0.0,60.0
202002,JAKARTA UTARA,Penjaringan,PLUIT,10 S/D 80,0,0.0,0.0,80.0
202002,JAKARTA UTARA,Pademangan,ANCOL,15 S/D 20 CM,0,0.0,0.0,20.0
202002,JAKARTA UTARA,Pademangan,PADEMANGAN BARAT,10 S/D 30 CM,0,0.0,0.0,30.0
202002,JAKARTA UTARA,Pademangan,PADEMANGAN TIMUR,15 S/D 20 CM,0,0.0,0.0,20.0
202002,JAKARTA UTARA,Ciliincing,ROROTAN,5 S/D 110,1150,7.0,0.0,110.0
202002,JAKARTA UTARA,Ciliincing,SEMPER BARAT,10 S/D 40 CM,648,6.0,0.0,40.0
202002,JAKARTA UTARA,Ciliincing,SEMPER TIMUR,10 S/D 35 CM,200,2.0,0.0,35.0
202002,JAKARTA UTARA,Ciliincing,SUKAPURA,10 CM S/D 100 CM,566,6.0,0.0,100.0
202002,JAKARTA UTARA,Ciliincing,CILINCING,10 S/D 40 CM,0,0.0,0.0,40.0
202002,JAKARTA UTARA,Ciliincing,MARUNDA,5 S/D 60 CM,417,6.0,0.0,60.0
202002,JAKARTA BARAT,Cengkareng,CENGKARENG BARAT,10 S/D 50 CM,0,0.0,0.0,50.0
202002,JAKARTA BARAT,Cengkareng,CENGKARENG TIMUR,40 S/D 70 CM,0,0.0,0.0,70.0
202002,JAKARTA BARAT,Cengkareng,DURI KOSAMBI,10 S/D 40 CM,0,2.0,0.0,40.0
202002,JAKARTA BARAT,Cengkareng,KAPUK,10 S/D 30 CM,0,4.0,0.0,30.0
202002,JAKARTA BARAT,Cengkareng,KEDAUNG KALI ANGKE,10 S/D 50 CM,0,1.0,0.0,50.0
202002,JAKARTA BARAT,Cengkareng,RAWA BUAYA,10 S/D 50 CM,0,1.0,0.0,50.0
202002,JAKARTA BARAT,Grogol Petamburan,JELAMBAR,5 S/D 20 CM,0,0.0,0.0,20.0
202002,JAKARTA BARAT,Grogol Petamburan,TANJUNG DUREN UTARA,30 S/D 50 CM,0,0.0,0.0,50.0
202002,JAKARTA BARAT,Grogol Petamburan,TANJUNG DUREN SELATAN,15 S/D 25 CM,0,0.0,0.0,25.0
202002,JAKARTA BARAT,Grogol Petamburan,TOMANG,30 S/D 50 CM,0,0.0,0.0,50.0
202002,JAKARTA BARAT,Kalideres,KALIDERES,5 S/D 15 CM,0,0.0,0.0,15.0
202002,JAKARTA BARAT,Kalideres,KAMAL,5 S/D 15 CM,0,0.0,0.0,15.0
202002,JAKARTA BARAT,Kalideres,PEGADUNGAN,5 S/D 60 CM,0,0.0,0.0,60.0
202002,JAKARTA BARAT,Kalideres,SEMANAN,10 S/D 60 CM,0,0.0,0.0,60.0
202002,JAKARTA BARAT,Kalideres,TEGAL ALUR,15 S/D 35 CM,0,2.0,0.0,35.0
202002,JAKARTA BARAT,Kebon Jeruk,DURI KEPA,10 S/D 30 CM,0,0.0,0.0,30.0
202002,JAKARTA BARAT,Kebon Jeruk,KEDOYA SELATAN,15 S/D 50 CM,0,0.0,0.0,50.0
202002,JAKARTA BARAT,Kebon Jeruk,KEDOYA UTARA,20 S/D 50 CM,0,0.0,0.0,50.0
202002,JAKARTA BARAT,Kebon Jeruk,SUKABUMI SELATAN,10 S/D 80 CM,0,0.0,0.0,80.0
202002,JAKARTA BARAT,Kebon Jeruk,KEBON JERUK,10 S/D 30 CM,0,0.0,0.0,30.0
202002,JAKARTA BARAT,Kembangan,KEMBANGAN SELATAN,20 S/D 60 CM,0,0.0,0.0,60.0
202002,JAKARTA BARAT,Kembangan,KEMBANGAN UTARA,30 S/D 80 CM,0,3.0,0.0,80.0
202002,JAKARTA BARAT,Kembangan,SRENGSENG,15 S/D 20 CM,0,0.0,0.0,20.0
202002,JAKARTA BARAT,Palmerah,JATI PULO,10 S/D 40 CM,0,0.0,0.0,40.0
202002,JAKARTA BARAT,Palmerah,KEMANGGISAN,10 S/D 40 CM,0,0.0,0.0,40.0
202002,JAKARTA BARAT,Palmerah,KOTA BAMBU SELATAN,10 S/D 50 CM,85,1.0,0.0,50.0
202002,JAKARTA BARAT,Palmerah,KOTA BAMBU UTARA,10 S/D 40 CM,0,0.0,0.0,40.0
202002,JAKARTA BARAT,Taman Sari,TANGKI,30 S/D 40 CM,0,0.0,0.0,40.0
202002,JAKARTA BARAT,Taman Sari,MANGGA BESAR,30 S/D 40 CM,0,0.0,0.0,40.0
202002,JAKARTA BARAT,Tambora,PEKOJAN,30 S/D 50 CM,0,0.0,0.0,50.0
202002,JAKARTA SELATAN,Cilandak,CILANDAK BARAT,50 S/D 80 CM,0,0.0,0.0,80.0
202002,JAKARTA SELATAN,Cilandak,CIPETE SELATAN,20 S/D 40 CM,0,0.0,0.0,40.0
202002,JAKARTA SELATAN,Cilandak,PONDOK LABU,20 CM,0,0.0,0.0,20.0
202002,JAKARTA SELATAN,Jagakarsa,TANJUNG BARAT,10 S/D 100 CM,0,0.0,0.0,100.0
202002,JAKARTA SELATAN,Jagakarsa,CIPEDAK,10 S/D 20 CM,0,0.0,0.0,20.0
202002,JAKARTA SELATAN,Kebayoran Baru,KRAMAT PELA,10 S/D 20 CM,0,0.0,0.0,20.0
202002,JAKARTA SELATAN,Kebayoran Baru,PETOGOGAN,10 S/D 35 CM,0,0.0,0.0,35.0
202002,JAKARTA SELATAN,Kebayoran Baru,PULO,10 S/D 20 CM,0,0.0,0.0,20.0
202002,JAKARTA SELATAN,Kebayoran Baru,CIPETE UTARA,10 S/D 20 CM,0,0.0,0.0,20.0
202002,JAKARTA SELATAN,Kebayoran Lama,CIPULIR,100 CM,0,0.0,0.0,100.0
202002,JAKARTA SELATAN,Kebayoran Lama,KEBAYORAN LAMA SELATAN,10 S/D 30 CM,0,0.0,0.0,30.0
202002,JAKARTA SELATAN,Kebayoran Lama,PONDOK PINANG,10 S/D 60 CM,0,0.0,0.0,60.0
202002,JAKARTA SELATAN,Mampang Prapatan,BANGKA,10 S/D 30 CM,0,0.0,0.0,30.0
202002,JAKARTA SELATAN,Mampang Prapatan,KUNINGAN BARAT,10 S/D 30 CM,0,0.0,0.0,30.0
202002,JAKARTA SELATAN,Mampang Prapatan,MAMPANG PRAPATAN,120 CM,0,0.0,0.0,120.0
202002,JAKARTA SELATAN,Mampang Prapatan,PELA MAMPANG,10 S/D 30 CM,0,0.0,0.0,30.0
202002,JAKARTA SELATAN,Pancoran,CIKOKO,10 S/D 25 CM,0,0.0,0.0,25.0
202002,JAKARTA SELATAN,Pancoran,PENGADEGAN,50 S/D 150 CM,121,1.0,0.0,150.0
202002,JAKARTA SELATAN,Pancoran,RAWAJATI,200 CM,282,3.0,0.0,200.0
202002,JAKARTA SELATAN,Pancoran,DUREN TIGA,10 S/D 50 CM,0,0.0,0.0,50.0
202002,JAKARTA SELATAN,Pasar Minggu,JATI PADANG,30 S/D 40 CM,0,0.0,0.0,40.0
202002,JAKARTA SELATAN,Pasar Minggu,KEBAGUSAN,5 S/D 40 CM,0,0.0,0.0,40.0
202002,JAKARTA SELATAN,Pasar Minggu,PEJATEN TIMUR,30 S/D 120 CM,329,0.0,0.0,120.0
202002,JAKARTA SELATAN,Pasar Minggu,RAGUNAN,25 S/D 50 CM,0,0.0,0.0,50.0
202002,JAKARTA SELATAN,Pasar Minggu,PASAR MINGGU,15 CM,0,0.0,0.0,15.0
202002,JAKARTA SELATAN,Pesanggrahan,BINTARO,10 S/D 30 CM,0,0.0,0.0,30.0
202002,JAKARTA SELATAN,Pesanggrahan,PETUKANGAN SELATAN,10 S/D 30 CM,0,0.0,0.0,30.0
202002,JAKARTA SELATAN,Setiabudi,GUNTUR,40 CM,0,0.0,0.0,40.0
202002,JAKARTA SELATAN,Setiabudi,KARET SEMANGGI,10 S/D 80 CM,0,0.0,0.0,80.0
202002,JAKARTA SELATAN,Setiabudi,PASAR MANGGIS,40 CM,0,0.0,0.0,40.0
202002,JAKARTA SELATAN,Setiabudi,KARET,20 S/D 30 CM,0,0.0,0.0,30.0
202002,JAKARTA SELATAN,Setiabudi,MENTENG ATAS,20 CM,0,0.0,0.0,20.0
202002,JAKARTA SELATAN,Tebet,MANGGARAI,10 S/D 80 CM,15,1.0,0.0,80.0
202002,JAKARTA SELATAN,Tebet,MANGGARAI SELATAN,20 S/D 30 CM,0,0.0,0.0,30.0
202002,JAKARTA SELATAN,Tebet,BUKIT DURI,10 S/D 100 CM,0,0.0,0.0,100.0
202002,JAKARTA SELATAN,Tebet,KEBON BARU,10 S/D 60 CM,420,1.0,0.0,60.0
202002,JAKARTA SELATAN,Tebet,MENTENG DALAM,10 S/D 130 CM,0,0.0,0.0,130.0
202002,JAKARTA TIMUR,Cakung,CAKUNG BARAT,10 S/D 100 CM,98,3.0,0.0,100.0
202002,JAKARTA TIMUR,Cakung,CAKUNG TIMUR,5 S/D 100 CM,630,5.0,0.0,100.0
202002,JAKARTA TIMUR,Cakung,PENGGILINGAN,10 S/D 50 CM,0,0.0,0.0,50.0
202002,JAKARTA TIMUR,Cakung,RAWA TERATE,30 S/D 250 CM,2564,3.0,0.0,250.0
202002,JAKARTA TIMUR,Cakung,JATINEGARA,10 S/D 60 CM,0,0.0,0.0,60.0
202002,JAKARTA TIMUR,Cakung,PULO GEBANG,10 S/D 90 CM,0,0.0,0.0,90.0
202002,JAKARTA TIMUR,Cipayung,BAMBU APUS,20 S/D 50 CM,0,0.0,0.0,50.0
202002,JAKARTA TIMUR,Cipayung,CIPAYUNG,10 S/D 35 CM,0,0.0,0.0,35.0
202002,JAKARTA TIMUR,Cipayung,LUBANG BUAYA,10 S/D 60 CM,0,2.0,0.0,60.0
202002,JAKARTA TIMUR,Cipayung,SETU,30 CM,0,0.0,0.0,30.0
202002,JAKARTA TIMUR,Cipayung,CILANGKAP,15 S/D 40 CM,0,0.0,0.0,40.0
202002,JAKARTA TIMUR,Ciracas,CIBUBUR,10 S/D 100 CM,0,0.0,0.0,100.0
202002,JAKARTA TIMUR,Ciracas,KELAPA DUA WETAN,5 S/D 40 CM,0,0.0,0.0,40.0
202002,JAKARTA TIMUR,Ciracas,RAMBUTAN,10 S/D 60 CM,2286,1.0,0.0,60.0
202002,JAKARTA TIMUR,Ciracas,SUSUKAN,30 S/D 40 CM,0,0.0,0.0,40.0
202002,JAKARTA TIMUR,Duren Sawit,KLENDER,10 S/D 80 CM,0,0.0,0.0,80.0
202002,JAKARTA TIMUR,Duren Sawit,MALAKA JAYA,20 S/D 100 CM,0,0.0,0.0,100.0
202002,JAKARTA TIMUR,Duren Sawit,PONDOK BAMBU,20 S/D 70 CM,130,0.0,0.0,70.0
202002,JAKARTA TIMUR,Duren Sawit,PONDOK KELAPA,10 S/D 100 CM,2132,4.0,0.0,100.0
202002,JAKARTA TIMUR,Duren Sawit,PONDOK KOPI,10 S/D 60 CM,0,0.0,0.0,60.0
202002,JAKARTA TIMUR,Duren Sawit,DUREN SAWIT,10 S/D 50 CM,0,0.0,0.0,50.0
202002,JAKARTA TIMUR,Duren Sawit,MALAKA SARI,30 S/D 70 CM,0,0.0,0.0,70.0
202002,JAKARTA TIMUR,Jatinegara,BIDARA CINA,10 S/D 100 CM,3904,7.0,0.0,100.0
202002,JAKARTA TIMUR,Jatinegara,CIPINANG BESAR UTARA,10 S/D 20 CM,0,0.0,0.0,20.0
202002,JAKARTA TIMUR,Jatinegara,CIPINANG MUARA,10 S/D 80 CM,708,2.0,0.0,80.0
202002,JAKARTA TIMUR,Jatinegara,KAMPUNG MELAYU,10 S/D 150 CM,2185,5.0,0.0,150.0
202002,JAKARTA TIMUR,Jatinegara,RAWA BUNGA,10 S/D 70 CM,0,0.0,0.0,70.0
202002,JAKARTA TIMUR,Jatinegara,CIPINANG CEMPEDAK,50 CM,0,0.0,0.0,50.0
202002,JAKARTA TIMUR,Kramat Jati,BALE KAMBANG,20 S/D 100 CM,244,3.0,0.0,100.0
202002,JAKARTA TIMUR,Kramat Jati,BATU AMPAR,10 S/D 60 CM,0,0.0,0.0,60.0
202002,JAKARTA TIMUR,Kramat Jati,CAWANG,10 S/D 150 CM,0,2.0,0.0,150.0
202008,JAKARTA URATA,Cilincing,CILINCING,10 CM,0,0.0,0.0,10.0
202003,JAKARTA UTARA,Cilincing,ROROTAN,30 CM,0,0.0,0.0,30.0
202003,JAKARTA UTARA,Penjaringan,KAPUK MUARA,10 CM,0,0.0,0.0,10.0
202003,JAKARTA BARAT,Kembangan,KEMBANGAN SELATAN,20 S/D 40 CM,0,0.0,0.0,40.0
202003,JAKARTA BARAT,Kembangan,KEMBANGAN UTARA,15 S/D 25 CM,0,0.0,0.0,25.0
202003,JAKARTA BARAT,Kebon Jeruk,KEDOYA SELATAN,10 S/D 30 CM,0,0.0,0.0,30.0
202003,JAKARTA BARAT,Cengkareng,RAWA BUAYA,10 S/D 50 CM,0,0.0,0.0,50.0
202003,JAKARTA BARAT,Cengkareng,CENGKARENG BARAT,5 S/D 30 CM,0,0.0,0.0,30.0
202003,JAKARTA BARAT,Kalideres,KALIDERES,15 CM,0,0.0,0.0,15.0
202003,JAKARTA BARAT,Kalideres,SEMANAN,5 S/D 30 CM,0,0.0,0.0,30.0
202003,JAKARTA BARAT,Palmerah,KOTA BAMBU UTARA,10 CM,0,0.0,0.0,10.0
202003,JAKARTA BARAT,Palmerah,PALMERAH,20 CM,0,0.0,0.0,20.0
202003,JAKARTA SELATAN,Pasar Minggu,PEJATEN TIMUR,10 S/D 160 CM,517,0.0,0.0,160.0
202003,JAKARTA SELATAN,Pasar Minggu,CILANDAK TIMUR,55 S/D 100 CM,0,0.0,0.0,100.0
202003,JAKARTA SELATAN,Pancoran,PENGADEGAN,90 CM,0,0.0,0.0,90.0
202003,JAKARTA SELATAN,Pancoran,RAWAJATI,10 S/D 40 CM,0,0.0,0.0,40.0
202003,JAKARTA SELATAN,Pancoran,DUREN TIGA,60 CM,0,0.0,0.0,60.0
202003,JAKARTA SELATAN,Tebet,KEBON BARU,5 S/D 60 CM,0,0.0,0.0,60.0
202003,JAKARTA SELATAN,Tebet,BUKIT DURI,80 CM,0,0.0,0.0,80.0
202003,JAKARTA SELATAN,Kebayoran Lama,CIPULIR,20 S/D 100 CM,0,0.0,0.0,100.0
202003,JAKARTA SELATAN,Kebayoran Lama,PONDOK PINANG,10 S/D 115 CM,0,0.0,0.0,115.0
202003,JAKARTA SELATAN,Pesanggrahan,BINTARO,10 S/D 60 CM,0,0.0,0.0,60.0
202003,JAKARTA SELATAN,Cilandak,LEBAK BULUS,70 CM,0,0.0,0.0,70.0
202003,JAKARTA SELATAN,Cilandak,CIPETE SELATAN,15 CM,0,0.0,0.0,15.0
202003,JAKARTA SELATAN,Cilandak,PONDOK LABU,10 S/D 50 CM,0,0.0,0.0,50.0
202003,JAKARTA SELATAN,Mampang Prapatan,BANGKA,20 S/D 40 CM,0,0.0,0.0,40.0
202003,JAKARTA SELATAN,Mampang Prapatan,KUNINGAN BARAT,40 CM,0,0.0,0.0,40.0
202003,JAKARTA SELATAN,Jagakarsa,CIPEDAK,70 CM,0,0.0,0.0,70.0
202003,JAKARTA SELATAN,Setiabudi,MENTENG ATAS,10 S/D 60 CM,0,0.0,0.0,60.0
202003,JAKARTA TIMUR,Jatinegara,CIPINANG MUARA,5 S/D 50 CM,456,1.0,0.0,50.0
202003,JAKARTA TIMUR,Jatinegara,KAMPUNG MELAYU,25 S/D 110 CM,1068,3.0,0.0,110.0
202003,JAKARTA TIMUR,Jatinegara,BIDARA CINA,20 S/D 140 CM,4838,3.0,0.0,140.0
202003,JAKARTA TIMUR,Kramat Jati,CAWANG,10 S/D 115 CM,0,0.0,0.0,115.0
202003,JAKARTA TIMUR,Kramat Jati,CILILITAN,5 S/D 100 CM,43,0.0,0.0,100.0
202003,JAKARTA TIMUR,Kramat Jati,TENGAH,70 CM,0,0.0,0.0,70.0
202003,JAKARTA TIMUR,Cipayung,LUBANG BUAYA,20 CM,0,0.0,0.0,20.0
202003,JAKARTA TIMUR,Cipayung,PONDOK RANGGON,20 S/D 80 CM,10,1.0,0.0,80.0
202003,JAKARTA TIMUR,Cipayung,CILANGKAP,10 S/D 40 CM,0,0.0,0.0,40.0
202003,JAKARTA TIMUR,Cakung,CAKUNG TIMUR,10 S/D 60 CM,207,2.0,0.0,60.0
202003,JAKARTA TIMUR,Ciracas,CIBUBUR,20 S/D 100 CM,100,1.0,0.0,100.0
202003,JAKARTA TIMUR,Ciracas,CIRACAS,30 S/D 40 CM,0,0.0,0.0,40.0
202002,JAKARTA TIMUR,Kramat Jati,CILILITAN,10 S/D 100 CM,0,5.0,0.0,100.0
202002,JAKARTA TIMUR,Kramat Jati,DUKUH,5 S/D 30 CM,0,0.0,0.0,30.0
202002,JAKARTA TIMUR,Kramat Jati,TENGAH,10 S/D 30 CM,0,0.0,0.0,30.0
202002,JAKARTA TIMUR,Makasar,CIPINANG MELAYU,15 S/D 100 CM,13450,8.0,0.0,100.0
202002,JAKARTA TIMUR,Makasar,HALIM PERDANA KUSUMA,20 S/D 50 SM,0,1.0,0.0,50.0
202002,JAKARTA TIMUR,Makasar,KEBON PALA,50 S/D 120 CM,0,3.0,0.0,120.0
202002,JAKARTA TIMUR,Makasar,MAKASAR,30 S/D 150 CM,745,10.0,0.0,150.0
202002,JAKARTA TIMUR,Makasar,PINANG RANTI,20 S/D 100 CM,0,0.0,0.0,100.0
202002,JAKARTA TIMUR,Matraman,KEBON MANGGIS,20 S/D 60 CM,1157,5.0,0.0,60.0
202002,JAKARTA TIMUR,Matraman,PISANGAN BARU,10 S/D 60 CM,0,0.0,0.0,60.0
202002,JAKARTA TIMUR,Matraman,UTAN KAYU SELATAN,10 S/D 60 CM,0,0.0,0.0,60.0
202002,JAKARTA TIMUR,Matraman,UTAN KAYU UTARA,10 S/D 60 CM,0,0.0,0.0,60.0
202002,JAKARTA TIMUR,Matraman,PAL MERIAM,10 S/D 60 CM,0,0.0,0.0,60.0
202002,JAKARTA TIMUR,Pasar Rebo,PEKAYON,10 S/D 25 CM,0,0.0,0.0,25.0
202002,JAKARTA TIMUR,Pulo Gadung,CIPINANG,40 CM,0,0.0,0.0,40.0
202002,JAKARTA TIMUR,Pulo Gadung,JATI,10 S/D 60 CM,0,0.0,0.0,60.0
202002,JAKARTA TIMUR,Pulo Gadung,KAYU PUTIH,10 S/D 100 CM,8103,4.0,0.0,100.0
202002,JAKARTA TIMUR,Pulo Gadung,PISANGAN TIMUR,50 S/D 100 CM,0,0.0,0.0,100.0
202002,JAKARTA TIMUR,Pulo Gadung,PULOGADUNG,10 S/D 100 CM,0,0.0,0.0,100.0
202002,JAKARTA TIMUR,Pulo Gadung,RAWAMANGUN,30 CM,0,0.0,0.0,30.0
202002,JAKARTA TIMUR,Pulo Gadung,JATINEGARA KAUM,40 CM,0,0.0,0.0,40.0
202003,JAKARTA TIMUR,Pasar Rebo,PEKAYON,20 S/D 100 CM,0,0.0,0.0,100.0
202003,JAKARTA TIMUR,Pasar Rebo,KALISARI,70 CM,0,0.0,0.0,70.0
202003,JAKARTA TIMUR,Makasar,CIPINANG MELAYU,10 S/D 100 CM,1598,2.0,0.0,100.0
202003,JAKARTA TIMUR,Makasar,PINANG RANTI,10 S/D 15 CM,0,0.0,0.0,15.0
202003,JAKARTA TIMUR,Makasar,MAKASAR,10 S/D 20 CM,850,1.0,0.0,20.0
202003,JAKARTA TIMUR,Duren Sawit,PONDOK BAMBU,20 S/D 30 CM,0,0.0,0.0,30.0
202004,JAKARTA UTARA,Penjaringan,PLUIT,10 S.D. 30 CM,0,0.0,0.0,30.0
202004,JAKARTA BARAT,Kebon Jeruk,SUKABUMI SELATAN,10 S.D. 90 CM,0,0.0,0.0,90.0
202004,JAKARTA BARAT,Kebon Jeruk,KEDOYA SELATAN,20 S.D. 30 CM,0,0.0,0.0,30.0
202004,JAKARTA BARAT,Cengkareng,CENGKARENG BARAT,15 CM,0,0.0,0.0,15.0
202004,JAKARTA BARAT,Cengkareng,RAWA BUAYA,20 CM,0,0.0,0.0,20.0
202004,JAKARTA BARAT,Kembangan,KEMBANGAN UTARA,10 S.D. 60 CM,65,1.0,0.0,60.0
202004,JAKARTA BARAT,Kembangan,SRENGSENG,15 S.D. 20 CM,0,0.0,0.0,20.0
202004,JAKARTA BARAT,Kembangan,KEMBANGAN SELATAN,50 CM,0,0.0,0.0,50.0
202004,JAKARTA SELATAN,Jagakarsa,CIPEDAK,50 CM,0,0.0,0.0,50.0
202004,JAKARTA SELATAN,Jagakarsa,JAGAKARSA,40 CM,0,0.0,0.0,40.0
202004,JAKARTA SELATAN,Pasar Minggu,CILANDAK TIMUR,10 S.D. 80 CM,0,0.0,0.0,80.0
202004,JAKARTA SELATAN,Pasar Minggu,RAGUNAN,30 CM,0,0.0,0.0,30.0
202004,JAKARTA SELATAN,Pasar Minggu,PEJATEN TIMUR,10 S.D. 30 CM,0,0.0,0.0,30.0
202004,JAKARTA SELATAN,Pasar Minggu,JATI PADANG,15 S.D. 70 CM,0,0.0,0.0,70.0
202004,JAKARTA SELATAN,Pasar Minggu,PEJATEN BARAT,10 S.D. 30 CM,0,0.0,0.0,30.0
202004,JAKARTA SELATAN,Kebayoran Lama,PONDOK PINANG,30 S.D. 40 CM,0,0.0,0.0,40.0
202004,JAKARTA SELATAN,Kebayoran Lama,KEBAYORAN LAMA SELATAN,30 CM,0,0.0,0.0,30.0
202004,JAKARTA SELATAN,Tebet,KEBON BARU,15 S.D. 30 CM,0,0.0,0.0,30.0
202004,JAKARTA SELATAN,Tebet,TEBET BARAT,40 CM,0,0.0,0.0,40.0
202004,JAKARTA SELATAN,Mampang Prapatan,KUNINGAN BARAT,10 S.D. 30 CM,0,0.0,0.0,30.0
202004,JAKARTA SELATAN,Mampang Prapatan,BANGKA,10 S.D. 90 CM,0,0.0,0.0,90.0
202004,JAKARTA SELATAN,Mampang Prapatan,PELA MAMPANG,20 S.D. 50 CM,0,0.0,0.0,50.0
202004,JAKARTA SELATAN,Cilandak,LEBAK BULUS,50 S.D. 70 CM,10,1.0,0.0,70.0
202004,JAKARTA SELATAN,Cilandak,CIPETE SELATAN,50 CM,0,0.0,0.0,50.0
202004,JAKARTA SELATAN,Cilandak,GANDARIA SELATAN,30 S.D. 80 CM,0,0.0,0.0,80.0
202004,JAKARTA SELATAN,Pancoran,DUREN TIGA,20 S.D. 50 CM,0,0.0,0.0,50.0
202004,JAKARTA SELATAN,Pancoran,RAWAJATI,15 CM,0,0.0,0.0,15.0
202004,JAKARTA SELATAN,Pancoran,KALIBATA,10 S.D. 20 CM,0,0.0,0.0,20.0
202004,JAKARTA SELATAN,Pesanggrahan,BINTARO,10 S.D. 20 CM,0,0.0,0.0,20.0
202004,JAKARTA SELATAN,Kebayoran Baru,GANDARIA UTARA,30 CM,0,0.0,0.0,30.0
202004,JAKARTA SELATAN,Kebayoran Baru,PETOGOGAN,50 CM,0,0.0,0.0,50.0
202004,JAKARTA TIMUR,Jatinegara,KAMPUNG MELAYU,10 S.D. 70 CM,817,0.0,0.0,70.0
202004,JAKARTA TIMUR,Jatinegara,CIPINANG MUARA,10 S.D. 35 CM,0,0.0,0.0,35.0
202004,JAKARTA TIMUR,Jatinegara,BIDARA CINA,20 S.D. 130 CM,153,0.0,0.0,130.0
202004,JAKARTA TIMUR,Jatinegara,CIPINANG CEMPEDAK,15 CM,0,0.0,0.0,15.0
202004,JAKARTA TIMUR,Pasar Rebo,PEKAYON,30 CM,0,0.0,0.0,30.0
202004,JAKARTA TIMUR,Pasar Rebo,KALISARI,15 CM,0,0.0,0.0,15.0
202004,JAKARTA TIMUR,Cakung,RAWA TERATE,10 S.D. 20 CM,0,0.0,0.0,20.0
202004,JAKARTA TIMUR,Makasar,CIPINANG MELAYU,10 S.D. 50 CM,476,0.0,0.0,50.0
202004,JAKARTA TIMUR,Makasar,MAKASAR,10 CM,1380,0.0,0.0,10.0
202004,JAKARTA TIMUR,Makasar,PINANG RANTI,20 S.D. 40 CM,0,0.0,0.0,40.0
202004,JAKARTA TIMUR,Duren Sawit,DUREN SAWIT,10 S.D. 30 CM,0,0.0,0.0,30.0
202004,JAKARTA TIMUR,Cipayung,LUBANG BUAYA,15 S.D. 20 CM,0,0.0,0.0,20.0
202004,JAKARTA TIMUR,Cipayung,BAMBU APUS,20 CM,0,0.0,0.0,20.0
202004,JAKARTA TIMUR,Kramat Jati,CAWANG,20 S.D. 110 CM,0,0.0,0.0,110.0
202004,JAKARTA TIMUR,Kramat Jati,CILILITAN,10 S.D. 100 CM,65,0.0,0.0,100.0
202004,JAKARTA TIMUR,Kramat Jati,BATU AMPAR,15 S.D. 45 CM,0,0.0,0.0,45.0
202004,JAKARTA TIMUR,Kramat Jati,BALEKAMBANG,20 CM,0,0.0,0.0,20.0
202004,JAKARTA TIMUR,Ciracas,CIRACAS,20 CM,0,0.0,0.0,20.0
202004,JAKARTA TIMUR,Ciracas,RAMBUTAN,20 S.D. 50 CM,0,0.0,0.0,50.0
202005,JAKARTA BARAT,Kembangan,KEMBANGAN SELATAN,20 S/D 30 CM,0,0.0,0.0,30.0
202005,JAKARTA BARAT,Kembangan,MERUYA UTARA,10 CM,0,0.0,0.0,10.0
202005,JAKARTA SELATAN,Jagakarsa,CIGANJUR,30 S/D 40 CM,0,0.0,0.0,40.0
202005,JAKARTA SELATAN,Kebayoran Lama,PONDOK PINANG,20 S/D 100 CM,77,0.0,0.0,100.0
202005,JAKARTA SELATAN,Pancoran,PENGADEGAN,10 S/D 100 CM,0,0.0,0.0,100.0
202005,JAKARTA SELATAN,Pancoran,RAWAJATI,20 S/D 60 CM,0,0.0,0.0,60.0
202005,JAKARTA SELATAN,Pasar Minggu,JATI PADANG,20 S/D 50 CM,0,0.0,0.0,50.0
202005,JAKARTA SELATAN,Pasar Minggu,PEJATEN TIMUR,50 CM S/D 150 CM,456,0.0,0.0,150.0
202005,JAKARTA SELATAN,Tebet,KEBON BARU,15 CM S/D 65 CM,0,0.0,0.0,65.0
202005,JAKARTA SELATAN,Tebet,MANGGARAI,50 CM,0,0.0,0.0,50.0
202005,JAKARTA TIMUR,Cipayung,CILANGKAP,50 CM,0,0.0,0.0,50.0
202005,JAKARTA TIMUR,Ciracas,CIBUBUR,50 CM,0,0.0,0.0,50.0
202005,JAKARTA TIMUR,Ciracas,CIRACAS,50 CM,0,0.0,0.0,50.0
202005,JAKARTA TIMUR,Ciracas,RAMBUTAN,30 S/D 50 CM,0,0.0,0.0,50.0
202005,JAKARTA TIMUR,Jatinegara,BIDARA CINA,30 S/D 180 CM,1370,1.0,0.0,180.0
202005,JAKARTA TIMUR,Jatinegara,KAMPUNG MELAYU,10 S/D 180 CM,1214,3.0,0.0,180.0
202005,JAKARTA TIMUR,Kramat Jati,BALEKAMBANG,40 S/D 100 CM,0,2.0,0.0,100.0
202005,JAKARTA TIMUR,Kramat Jati,BATU AMPAR,10 CM,0,0.0,0.0,10.0
202005,JAKARTA TIMUR,Kramat Jati,CAWANG,20 S/D 200 CM,0,0.0,0.0,200.0
202005,JAKARTA TIMUR,Kramat Jati,CILILITAN,20 S/D 200 CM,0,0.0,0.0,200.0
202005,JAKARTA TIMUR,Kramat Jati,TENGAH,20 CM,0,0.0,0.0,20.0
202005,JAKARTA TIMUR,Matraman,KEBON MANGGIS,20 CM,0,0.0,0.0,20.0
202005,JAKARTA TIMUR,Pasar Rebo,PEKAYON,10 S/D 100 CM,0,0.0,0.0,100.0
202006,JAKARTA UTARA,Penjaringan,PLUIT,10 S/D 120 CM,120,2.0,0.0,120.0
202006,JAKARTA UTARA,Penjaringan,PENJARINGAN,10 S/D 60 CM,0,0.0,0.0,60.0
202006,JAKARTA UTARA,Penjaringan,PEJAGALAN,5 S/D 60 CM,0,0.0,0.0,60.0
202006,JAKARTA UTARA,Penjaringan,KAPUK MUARA,5 S/D 10 CM,0,0.0,0.0,10.0
202006,JAKARTA UTARA,Cilincing,MARUNDA,10 S/D 40 CM,0,0.0,0.0,40.0
202006,JAKARTA UTARA,Pademangan,ANCOL,30 S/D 50 CM,200,5.0,0.0,50.0
202006,JAKARTA BARAT,Cengkareng,KAPUK,5 S/D 30 CM,0,0.0,0.0,30.0
202006,JAKARTA BARAT,Kalideres,TEGAL ALUR,10 S/D 50 CM,0,0.0,0.0,50.0
202006,JAKARTA BARAT,Grogol Petamburan,JELAMBAR BARU,5 S/D 10 CM,0,0.0,0.0,10.0
202006,JAKARTA BARAT,Kebon Jeruk,KEDOYA UTARA,40 CM,0,0.0,0.0,40.0
202006,KEPULAUAN SERIBU,Kepulauan Seribu Selatan,PULAU PARI,10 S/D 50 CM,0,0.0,0.0,50.0
202006,KEPULAUAN SERIBU,Kepulauan Seribu Selatan,PULAU UNTUNG JAWA,10 S/D 45 CM,0,0.0,0.0,45.0
202006,KEPULAUAN SERIBU,Kepulauan Seribu Selatan,PULAU TIDUNG,30 S/D 50 CM,0,0.0,0.0,50.0
202006,KEPULAUAN SERIBU,Kepulauan Seribu Utara,PULAU PANGGANG,10 S/D 40 CM,0,0.0,0.0,40.0
202006,KEPULAUAN SERIBU,Kepulauan Seribu Utara,PULAU KELAPA,10 S/D 45 CM,0,0.0,0.0,45.0
202006,KEPULAUAN SERIBU,Kepulauan Seribu Utara,PULAU HARAPAN,5 S/D 20 CM,0,0.0,0.0,20.0
202007,JAKARTA BARAT,Taman Sari,PINANGSIA,20 CM,0,0.0,0.0,20.0
202007,JAKARTA BARAT,Kembangan,SRENGSENG,30 S/D 50 CM,0,0.0,0.0,50.0
202008,JAKARTA URATA,Cilincing,MARUNDA,10 S/D 30 CM,0,0.0,0.0,30.0
202008,JAKARTA BARAT,Kalideres,TEGAL ALUR,15 CM,0,0.0,0.0,15.0
202008,JAKARTA BARAT,Cengkareng,KAPUK,15 S/D 20 CM,0,0.0,0.0,20.0
202008,JAKARTA BARAT,Palmerah,KOTA BAMBU UTARA,10 S/D 30 CM,0,0.0,0.0,30.0
202008,JAKARTA SELATAN,Tebet,KEBON BARU,20 S/D 30 CM,0,0.0,0.0,30.0
202008,JAKARTA SELATAN,Tebet,BUKIT DURI,30 CM,0,0.0,0.0,30.0
202008,JAKARTA SELATAN,Pesanggrahan,BINTARO,20 CM,0,0.0,0.0,20.0
202008,JAKARTA SELATAN,Mampang Prapatan,BANGKA,20 S/D 80 CM,0,0.0,0.0,80.0
202008,JAKARTA SELATAN,Pasar Minggu,CILANDAK TIMUR,20 S/D 60 CM,0,0.0,0.0,60.0
202008,JAKARTA PUSAT,Senen,PASEBAN,20 CM,0,0.0,0.0,20.0
202008,JAKARTA PUSAT,Tanah Abang,PETAMBURAN,10 S/D 15 CM,0,0.0,0.0,15.0
202009,JAKARTA PUSAT,Tanah Abang,PETAMBURAN,20 CM,0,0.0,0.0,20.0
202009,JAKARTA UTARA,Penjaringan,PLUIT,20 S.D. 50 CM,0,0.0,0.0,50.0
202009,JAKARTA BARAT,Kalideres,KALIDERES,10 CM,0,0.0,0.0,10.0
202009,JAKARTA BARAT,Cengkareng,KAPUK,5 S.D. 25 CM,0,0.0,0.0,25.0
202009,JAKARTA BARAT,Cengkareng,RAWA BUAYA,20 S.D. 30 CM,0,0.0,0.0,30.0
202009,JAKARTA BARAT,Cengkareng,CENGKARENG BARAT,15 S.D. 30 CM,0,0.0,0.0,30.0
202009,JAKARTA BARAT,Kebon Jeruk,KEDOYA SELATAN,35 CM,0,0.0,0.0,35.0
202009,JAKARTA BARAT,Kebon Jeruk,SUKABUMI UTARA,30 S.D. 80 CM,0,0.0,0.0,80.0
202009,JAKARTA BARAT,Kebon Jeruk,DURI KEPA,15 S.D. 20 CM,0,0.0,0.0,20.0
202009,JAKARTA BARAT,Kebon Jeruk,SUKABUMI SELATAN,120 S.D. 130 CM,0,0.0,0.0,130.0
202009,JAKARTA BARAT,Palmerah,PALMERAH,30 CM,0,0.0,0.0,30.0
202009,JAKARTA BARAT,Kembangan,KEMBANGAN UTARA,60 CM,15,1.0,0.0,60.0
202009,JAKARTA BARAT,Kembangan,KEMBANGAN SELATAN,45 CM,0,0.0,0.0,45.0
202009,JAKARTA BARAT,Grogol Petamburan,TANJUNG DUREN UTARA,20 CM,0,0.0,0.0,20.0
202009,JAKARTA BARAT,Grogol Petamburan,JELAMBAR,25 CM,0,0.0,0.0,25.0
202009,JAKARTA BARAT,Tambora,KRENDANG,30 CM,0,0.0,0.0,30.0
202009,JAKARTA SELATAN,Pasar Minggu,CILANDAK TIMUR,100 CM,0,0.0,0.0,100.0
202009,JAKARTA SELATAN,Pasar Minggu,PEJATEN TIMUR,30 CM,0,0.0,0.0,30.0
202009,JAKARTA SELATAN,Cilandak,PONDOK LABU,10 S.D. 20 CM,0,0.0,0.0,20.0
202009,JAKARTA SELATAN,Kebayoran Baru,PETOGOGAN,25 S.D. 50 CM,0,0.0,0.0,50.0
202009,JAKARTA SELATAN,Pancoran,PENGADEGAN,40 CM,23,1.0,0.0,40.0
202009,JAKARTA SELATAN,Pancoran,RAWAJATI,20 S.D. 40 CM,66,3.0,0.0,40.0
202009,JAKARTA SELATAN,Tebet,KEBON BARU,30 CM,0,0.0,0.0,30.0
202009,JAKARTA TIMUR,Kramat Jati,CAWANG,10 S.D. 100 CM,110,0.0,0.0,100.0
202009,JAKARTA TIMUR,Kramat Jati,CILILITAN,10 S.D. 50 CM,158,0.0,0.0,50.0
202009,JAKARTA TIMUR,Kramat Jati,BALEKAMBANG,10 S.D. 30 CM,0,0.0,0.0,30.0
202009,JAKARTA TIMUR,Jatinegara,BIDARA CINA,10 S.D. 70 CM,121,0.0,0.0,70.0
202009,JAKARTA TIMUR,Jatinegara,KAMPUNG MELAYU,10 S.D. 75 CM,807,0.0,0.0,75.0
201912,JAKARTA BARAT,Kebon Jeruk,KEDOYA UTARA,20 CM,0,0.0,0.0,20.0
201912,JAKARTA BARAT,Kembangan,SRENGSENG,25 CM,0,0.0,0.0,25.0
201912,JAKARTA BARAT,Kembangan,SRENGSENG,30 CM,0,0.0,0.0,30.0
201912,JAKARTA BARAT,Kembangan,SRENGSENG,30 CM,0,0.0,0.0,30.0
201912,JAKARTA SELATAN,Pasar Minggu,PEJATEN TIMUR,40 CM,70,0.0,0.0,40.0
201912,JAKARTA SELATAN,Pasar Minggu,PEJATEN TIMUR,10 CM,80,0.0,0.0,10.0
201912,JAKARTA SELATAN,Pasar Minggu,PEJATEN TIMUR,30 CM,0,0.0,0.0,30.0
201912,JAKARTA SELATAN,Pasar Minggu,PEJATEN TIMUR,30 CM,90,0.0,0.0,30.0
201912,JAKARTA TIMUR,Pasar Rebo,GEDONG,15 CM,0,0.0,0.0,15.0
201912,JAKARTA TIMUR,Jatinegara,KAMPUNG MELAYU,10 S/D 80 CM,51,0.0,0.0,80.0
201912,JAKARTA TIMUR,Jatinegara,KAMPUNG MELAYU,10 S/D 80 CM,66,0.0,0.0,80.0
201912,JAKARTA TIMUR,Jatinegara,KAMPUNG MELAYU,10 S/D 80 CM,118,0.0,0.0,80.0
201912,JAKARTA TIMUR,Jatinegara,KAMPUNG MELAYU,10 S/D 80 CM,80,0.0,0.0,80.0
201912,JAKARTA TIMUR,Jatinegara,KAMPUNG MELAYU,10 S/D 30 CM,48,0.0,0.0,30.0
201912,JAKARTA TIMUR,Jatinegara,KAMPUNG MELAYU,10 S/D 40 CM,23,0.0,0.0,40.0
201912,JAKARTA TIMUR,Jatinegara,KAMPUNG MELAYU,10 S/D 40 CM,28,0.0,0.0,40.0
201912,JAKARTA TIMUR,Jatinegara,KAMPUNG MELAYU,10 S/D 40 CM,31,0.0,0.0,40.0
201912,JAKARTA TIMUR,Jatinegara,KAMPUNG MELAYU,10 S/D 50 CM,53,0.0,0.0,50.0
201912,JAKARTA TIMUR,Jatinegara,KAMPUNG MELAYU,10 S/D 30 CM,21,0.0,0.0,30.0
201912,JAKARTA TIMUR,Jatinegara,KAMPUNG MELAYU,10 S/D 30 CM,19,0.0,0.0,30.0
201912,JAKARTA TIMUR,Jatinegara,KAMPUNG MELAYU,10 S/D 50 CM,36,0.0,0.0,50.0
201912,JAKARTA TIMUR,Jatinegara,KAMPUNG MELAYU,10 S/D 25 CM,12,0.0,0.0,25.0
201912,JAKARTA TIMUR,Jatinegara,KAMPUNG MELAYU,10 S/D 40 CM,22,0.0,0.0,40.0
201912,JAKARTA TIMUR,Jatinegara,KAMPUNG MELAYU,10 S/D 50 CM,46,0.0,0.0,50.0
201912,JAKARTA TIMUR,Jatinegara,KAMPUNG MELAYU,10 S/D 50 CM,54,0.0,0.0,50.0
201912,JAKARTA TIMUR,Jatinegara,KAMPUNG MELAYU,10 S/D 50 CM,58,0.0,0.0,50.0
201912,JAKARTA TIMUR,Jatinegara,KAMPUNG MELAYU,10 S/D 50 CM,51,0.0,0.0,50.0
201912,JAKARTA TIMUR,Jatinegara,BIDARA CINA,10 S/D 60 CM,0,0.0,0.0,60.0
201912,JAKARTA TIMUR,Jatinegara,BIDARA CINA,10 S/D 60 CM,0,0.0,0.0,60.0
201912,JAKARTA TIMUR,Jatinegara,BIDARA CINA,10 S/D 60 CM,0,0.0,0.0,60.0
201912,JAKARTA TIMUR,Jatinegara,BIDARA CINA,10 S/D 60 CM,0,0.0,0.0,60.0
201912,JAKARTA TIMUR,Jatinegara,BIDARA CINA,10 S/D 60 CM,0,0.0,0.0,60.0
201912,JAKARTA TIMUR,Jatinegara,BIDARA CINA,10 S/D 60 CM,0,0.0,0.0,60.0
201912,JAKARTA TIMUR,Jatinegara,BIDARA CINA,10 S/D 60 CM,0,0.0,0.0,60.0
201912,JAKARTA TIMUR,Kramat Jati,CILILITAN,20 CM,10,0.0,0.0,20.0
201912,JAKARTA TIMUR,Kramat Jati,CAWANG,60 CM,0,0.0,0.0,60.0
201912,JAKARTA TIMUR,Kramat Jati,CAWANG,60 CM,0,0.0,0.0,60.0
201912,JAKARTA TIMUR,Kramat Jati,CAWANG,60 CM,0,0.0,0.0,60.0
201912,JAKARTA TIMUR,Kramat Jati,CAWANG,15 CM,0,0.0,0.0,15.0
201912,JAKARTA TIMUR,Kramat Jati,CAWANG,15 CM,0,0.0,0.0,15.0
201912,KEPULAUAN SERIBU,Kepulauan Seribu Utara,PULAU HARAPAN,5 S/D 20 CM,0,0.0,0.0,20.0
201912,KEPULAUAN SERIBU,Kepulauan Seribu Utara,PULAU HARAPAN,5 S/D 10 CM,0,0.0,0.0,10.0
201912,KEPULAUAN SERIBU,Kepulauan Seribu Utara,PULAU HARAPAN,10 S/D 15 CM,0,0.0,0.0,15.0
201912,KEPULAUAN SERIBU,Kepulauan Seribu Utara,PULAU HARAPAN,5 S/D 20 CM,0,0.0,0.0,20.0
201912,KEPULAUAN SERIBU,Kepulauan Seribu Utara,PULAU HARAPAN,15 CM,0,0.0,0.0,15.0
201912,KEPULAUAN SERIBU,Kepulauan Seribu Utara,PULAU HARAPAN,5 CM,0,0.0,0.0,5.0
201912,KEPULAUAN SERIBU,Kepulauan Seribu Utara,PULAU HARAPAN,5 S/D 20 CM,0,0.0,0.0,20.0
201910,JAKARTA PUSAT,Cempaka Putih,CEMPAKA PUTIH BARAT,15 CM,0,0.0,0.0,15.0
201910,JAKARTA PUSAT,Johar Baru,JOHAR BARU,20 CM,0,0.0,0.0,20.0
201910,JAKARTA UTARA,Tanjung Priok,KEBON BAWANG,30 CM,0,0.0,0.0,30.0
201910,JAKARTA UTARA,Tanjung Priok,KEBON BAWANG,30 CM,0,0.0,0.0,30.0
201910,JAKARTA UTARA,Cilincing,ROROTAN,15 CM,0,0.0,0.0,15.0
201910,JAKARTA UTARA,Koja,RAWA BADAK SELATAN,10 S/D 60 CM,0,0.0,0.0,60.0
201910,JAKARTA UTARA,Koja,RAWA BADAK SELATAN,10 S/D 80 CM,0,0.0,0.0,80.0
201910,JAKARTA UTARA,Koja,RAWA BADAK SELATAN,10 S/D 80 CM,0,0.0,0.0,80.0
201910,JAKARTA UTARA,Koja,RAWA BADAK SELATAN,10 S/D 80 CM,0,0.0,0.0,80.0
201910,JAKARTA UTARA,Koja,RAWA BADAK SELATAN,10 S/D 80 CM,0,0.0,0.0,80.0
201910,JAKARTA BARAT,Kebon Jeruk,KEDOYA SELATAN,20 CM,0,0.0,0.0,20.0
201910,JAKARTA BARAT,Kebon Jeruk,KEDOYA SELATAN,20 CM,0,0.0,0.0,20.0
201910,JAKARTA BARAT,Kebon Jeruk,KEDOYA SELATAN,15 CM,0,0.0,0.0,15.0
201910,JAKARTA BARAT,Kebon Jeruk,KEDOYA SELATAN,25 CM,0,0.0,0.0,25.0
201910,JAKARTA BARAT,Kebon Jeruk,KEDOYA SELATAN,10 S/D 30 CM,0,9.0,0.0,30.0
201910,JAKARTA BARAT,Kebon Jeruk,KEDOYA SELATAN,20 S/D 70 CM,0,0.0,0.0,70.0
201910,JAKARTA BARAT,Kebon Jeruk,KEDOYA SELATAN,60 CM,0,0.0,0.0,60.0
201910,JAKARTA BARAT,Kebon Jeruk,KEDOYA SELATAN,10 S/D 100 CM,0,0.0,0.0,100.0
201910,JAKARTA BARAT,Kebon Jeruk,KEDOYA SELATAN,10 S/D 60 CM,0,0.0,0.0,60.0
201910,JAKARTA BARAT,Kebon Jeruk,KEDOYA SELATAN,60 CM,0,6.0,0.0,60.0
201910,JAKARTA BARAT,Kebon Jeruk,KEDOYA SELATAN,100 CM,0,4.0,0.0,100.0
201910,JAKARTA BARAT,Kebon Jeruk,KEDOYA SELATAN,70 CM,0,5.0,0.0,70.0
201910,JAKARTA BARAT,Kebon Jeruk,KEDOYA SELATAN,10 CM,0,0.0,0.0,10.0
201910,JAKARTA BARAT,Kebon Jeruk,KEDOYA SELATAN,50 CM,0,0.0,0.0,50.0
201910,JAKARTA BARAT,Kebon Jeruk,KEDOYA UTARA,20 CM S/D 60 CM,0,0.0,0.0,60.0
201910,JAKARTA BARAT,Kebon Jeruk,KEDOYA UTARA,20 CM S/D 60 CM,0,0.0,0.0,60.0
201910,JAKARTA BARAT,Kebon Jeruk,KEDOYA UTARA,10 S/D 60 CM,0,0.0,0.0,60.0
201910,JAKARTA BARAT,Kebon Jeruk,KEDOYA UTARA,10 S/D 60 CM,0,0.0,0.0,60.0
201910,JAKARTA BARAT,Kebon Jeruk,SUKABUMI SELATAN,30 CM,0,0.0,0.0,30.0
201910,JAKARTA BARAT,Kebon Jeruk,SUKABUMI UTARA,20 CM,0,0.0,0.0,20.0
201910,JAKARTA BARAT,Kebon Jeruk,SUKABUMI UTARA,50 CM,0,0.0,0.0,50.0
201910,JAKARTA BARAT,Kebon Jeruk,SUKABUMI UTARA,40 S/D 100 CM,0,0.0,0.0,100.0
201910,JAKARTA BARAT,Kebon Jeruk,KEBON JERUK,30 CM,0,0.0,0.0,30.0
201910,JAKARTA BARAT,Kebon Jeruk,KEBON JERUK,30 CM,0,0.0,0.0,30.0
201910,JAKARTA BARAT,Kebon Jeruk,KEBON JERUK,50 CM,0,0.0,0.0,50.0
201910,JAKARTA BARAT,Kebon Jeruk,DURI KEPA,40 CM,0,0.0,0.0,40.0
201910,JAKARTA BARAT,Kebon Jeruk,DURI KEPA,30 CM,0,0.0,0.0,30.0
201910,JAKARTA BARAT,Kebon Jeruk,DURI KEPA,30 CM,0,0.0,0.0,30.0
201910,JAKARTA BARAT,Kebon Jeruk,DURI KEPA,30 CM,0,0.0,0.0,30.0
201910,JAKARTA BARAT,Kebon Jeruk,DURI KEPA,80 S/D 100 CM,0,0.0,0.0,100.0
201910,JAKARTA BARAT,Palmerah,PALMERAH,20 CM,0,0.0,0.0,20.0
201910,JAKARTA BARAT,Palmerah,PALMERAH,40 CM,0,0.0,0.0,40.0
201910,JAKARTA BARAT,Grogol Petamburan,JELAMBAR,10 S/D 15 CM,0,0.0,0.0,15.0
201910,JAKARTA BARAT,Grogol Petamburan,TANJUNG DUREN UTARA,10 CM,0,0.0,0.0,10.0
201910,JAKARTA BARAT,Grogol Petamburan,TANJUNG DUREN UTARA,20 S/D 30 CM,0,0.0,0.0,30.0
201910,JAKARTA BARAT,Kembangan,KEMBANGAN UTARA,10 S/D 30 CM,0,0.0,0.0,30.0
201910,JAKARTA BARAT,Kembangan,KEMBANGAN SELATAN,50 CM,0,0.0,0.0,50.0
201910,JAKARTA BARAT,Kembangan,KEMBANGAN SELATAN,15 CM,0,0.0,0.0,15.0
201910,JAKARTA BARAT,Kembangan,KEMBANGAN SELATAN,15 CM,0,0.0,0.0,15.0
201910,JAKARTA BARAT,Kembangan,KEMBANGAN SELATAN,50 CM,0,0.0,0.0,50.0
201910,JAKARTA BARAT,Kembangan,KEMBANGAN SELATAN,90 CM,0,0.0,0.0,90.0
201910,JAKARTA BARAT,Kembangan,KEMBANGAN SELATAN,90 CM,0,0.0,0.0,90.0
201910,JAKARTA BARAT,Kembangan,KEMBANGAN SELATAN,90 CM,0,0.0,0.0,90.0
201910,JAKARTA BARAT,Kembangan,SRENGSENG,50 CM,0,0.0,0.0,50.0
201910,JAKARTA BARAT,Kembangan,SRENGSENG,20 CM,0,0.0,0.0,20.0
201910,JAKARTA BARAT,Kembangan,SRENGSENG,40 CM,0,0.0,0.0,40.0
201910,JAKARTA BARAT,Kembangan,SRENGSENG,50 CM,0,0.0,0.0,50.0
201910,JAKARTA BARAT,Kembangan,SRENGSENG,20 CM,0,0.0,0.0,20.0
201910,JAKARTA BARAT,Cengkareng,KEDAUNG KALI ANGKE,20 CM S/D 50 CM,0,0.0,0.0,50.0
201910,JAKARTA BARAT,Cengkareng,KEDAUNG KALI ANGKE,20 CM S/D 50 CM,0,0.0,0.0,50.0
201910,JAKARTA BARAT,Cengkareng,KEDAUNG KALI ANGKE,20 CM S/D 50 CM,0,0.0,0.0,50.0
201910,JAKARTA BARAT,Cengkareng,DURI KOSAMBI,30 CM,0,0.0,0.0,30.0
201910,JAKARTA BARAT,Cengkareng,DURI KOSAMBI,30 CM,0,0.0,0.0,30.0
201910,JAKARTA BARAT,Cengkareng,DURI KOSAMBI,25 CM,0,0.0,0.0,25.0
201910,JAKARTA BARAT,Cengkareng,DURI KOSAMBI,15 CM,0,0.0,0.0,15.0
201910,JAKARTA BARAT,Cengkareng,DURI KOSAMBI,25 CM,0,0.0,0.0,25.0
201910,JAKARTA BARAT,Cengkareng,RAWA BUAYA,20 CM,0,0.0,0.0,20.0
201910,JAKARTA BARAT,Cengkareng,RAWA BUAYA,20 CM,0,0.0,0.0,20.0
201910,JAKARTA BARAT,Cengkareng,RAWA BUAYA,20 CM,0,0.0,0.0,20.0
201910,JAKARTA BARAT,Cengkareng,RAWA BUAYA,25 CM,0,0.0,0.0,25.0
201910,JAKARTA BARAT,Cengkareng,RAWA BUAYA,20 CM,0,0.0,0.0,20.0
201910,JAKARTA BARAT,Cengkareng,RAWA BUAYA,10 CM,0,0.0,0.0,10.0
201910,JAKARTA BARAT,Cengkareng,RAWA BUAYA,15 CM,0,0.0,0.0,15.0
201910,JAKARTA BARAT,Kalideres,PEGADUNGAN,10 CM S/D 30 CM,0,0.0,0.0,30.0
201910,JAKARTA BARAT,Kalideres,PEGADUNGAN,10 CM S/D 30 CM,0,0.0,0.0,30.0
201910,JAKARTA BARAT,Kalideres,PEGADUNGAN,10 CM S/D 30 CM,0,0.0,0.0,30.0
201910,JAKARTA BARAT,Kalideres,PEGADUNGAN,10 CM S/D 30 CM,0,0.0,0.0,30.0
201910,JAKARTA BARAT,Kalideres,PEGADUNGAN,5 CM S/D 10 CM,0,0.0,0.0,10.0
201910,JAKARTA BARAT,Kalideres,PEGADUNGAN,5 CM S/D 10 CM,0,0.0,0.0,10.0
201910,JAKARTA SELATAN,Mampang Prapatan,BANGKA,10 CM S/D 100 CM,0,0.0,0.0,100.0
201910,JAKARTA SELATAN,Mampang Prapatan,BANGKA,20 CM,0,0.0,0.0,20.0
201910,JAKARTA SELATAN,Mampang Prapatan,BANGKA,50 CM,0,0.0,0.0,50.0
201910,JAKARTA SELATAN,Mampang Prapatan,BANGKA,25 CM,0,0.0,0.0,25.0
201910,JAKARTA SELATAN,Mampang Prapatan,BANGKA,50 CM,0,0.0,0.0,50.0
201910,JAKARTA SELATAN,Mampang Prapatan,BANGKA,10 S/D 35 CM,0,0.0,0.0,35.0
201910,JAKARTA SELATAN,Mampang Prapatan,TEGAL PARANG,10 CM S/D 30 CM,0,0.0,0.0,30.0
201910,JAKARTA SELATAN,Mampang Prapatan,TEGAL PARANG,10 CM S/D 30 CM,0,0.0,0.0,30.0
201910,JAKARTA SELATAN,Mampang Prapatan,PELA MAMPANG,50 CM S/D 100 CM,0,0.0,0.0,100.0
201910,JAKARTA SELATAN,Mampang Prapatan,PELA MAMPANG,30 CM S/D 60 CM,0,0.0,0.0,60.0
201910,JAKARTA SELATAN,Mampang Prapatan,PELA MAMPANG,30 CM S/D 80 CM,0,0.0,0.0,80.0
201910,JAKARTA SELATAN,Pancoran,KALIBATA,30 CM,0,0.0,0.0,30.0
201910,JAKARTA SELATAN,Pancoran,RAWAJATI,10 CM S/D 30 CM,0,0.0,0.0,30.0
201910,JAKARTA SELATAN,Pancoran,RAWAJATI,10 CM S/D 30 CM,0,0.0,0.0,30.0
201910,JAKARTA SELATAN,Pancoran,RAWAJATI,10 CM S/D 40 CM,0,0.0,0.0,40.0
201910,JAKARTA SELATAN,Pancoran,RAWAJATI,10 CM S/D 40 CM,0,0.0,0.0,40.0
201910,JAKARTA SELATAN,Pancoran,RAWAJATI,10 CM S/D 40 CM,0,0.0,0.0,40.0
201910,JAKARTA SELATAN,Pancoran,PENGADEGAN,10 CM S/D 120 CM,0,0.0,0.0,120.0
201910,JAKARTA SELATAN,Pasar Minggu,PEJATEN BARAT,20 CM,0,0.0,0.0,20.0
201910,JAKARTA SELATAN,Pasar Minggu,RAGUNAN,20 CM,0,0.0,0.0,20.0
201910,JAKARTA SELATAN,Pasar Minggu,CILANDAK TIMUR,10 CM S/D 100 CM,0,150.0,0.0,100.0
201910,JAKARTA SELATAN,Pasar Minggu,CILANDAK TIMUR,20 CM S/D 180 CM,0,0.0,0.0,180.0
201910,JAKARTA SELATAN,Pasar Minggu,CILANDAK TIMUR,20 CM S/D 180 CM,0,0.0,0.0,180.0
201910,JAKARTA SELATAN,Pasar Minggu,PEJATEN TIMUR,10 CM S/D 130 CM,0,107.0,0.0,130.0
201910,JAKARTA SELATAN,Pasar Minggu,PEJATEN TIMUR,10 CM S/D 130 CM,0,0.0,0.0,130.0
201910,JAKARTA SELATAN,Pasar Minggu,PEJATEN TIMUR,10 CM S/D 130 CM,0,0.0,0.0,130.0
201910,JAKARTA SELATAN,Pasar Minggu,PEJATEN TIMUR,10 CM S/D 100 CM,0,0.0,0.0,100.0
201910,JAKARTA SELATAN,Pasar Minggu,PEJATEN TIMUR,10 CM S/D 85 CM,0,0.0,0.0,85.0
201910,JAKARTA SELATAN,Pasar Minggu,PEJATEN TIMUR,20 CM S/D 150 CM,0,0.0,0.0,150.0
201910,JAKARTA SELATAN,Pasar Minggu,PEJATEN TIMUR,20 CM S/D 150 CM,0,0.0,0.0,150.0
201910,JAKARTA SELATAN,Pasar Minggu,KEBAGUSAN,20 CM S/D 40 CM,0,0.0,0.0,40.0
201910,JAKARTA SELATAN,Pasar Minggu,JATI PADANG,20 CM S/D 40 CM,0,0.0,0.0,40.0
201910,JAKARTA SELATAN,Pasar Minggu,JATI PADANG,20 CM,0,0.0,0.0,20.0
201910,JAKARTA SELATAN,Pasar Minggu,JATI PADANG,10 CM S/D 20 CM,0,0.0,0.0,20.0
201910,JAKARTA SELATAN,Pasar Minggu,JATI PADANG,10 CM S/D 20 CM,0,0.0,0.0,20.0
201910,JAKARTA SELATAN,Pasar Minggu,JATI PADANG,20 CM,0,0.0,0.0,20.0
201910,JAKARTA SELATAN,Jagakarsa,CIGANJUR,120 CM,1200,271.0,0.0,120.0
201910,JAKARTA SELATAN,Jagakarsa,CIGANJUR,120 CM,0,0.0,0.0,120.0
201910,JAKARTA SELATAN,Jagakarsa,CIGANJUR,10 CM S/D 40 CM,0,0.0,0.0,40.0
201910,JAKARTA SELATAN,Jagakarsa,CIPEDAK,50 CM S/D 70 CM,0,0.0,0.0,70.0
201910,JAKARTA SELATAN,Jagakarsa,CIPEDAK,40 CM,0,0.0,0.0,40.0
201910,JAKARTA SELATAN,Jagakarsa,CIPEDAK,30 CM,0,0.0,0.0,30.0
201910,JAKARTA SELATAN,Jagakarsa,CIPEDAK,40 CM,0,0.0,0.0,40.0
201910,JAKARTA SELATAN,Kebayoran Baru,PETOGOGAN,30 CM S/D 60 CM,0,0.0,0.0,60.0
201910,JAKARTA SELATAN,Kebayoran Baru,PETOGOGAN,30 CM,0,0.0,0.0,30.0
201910,JAKARTA SELATAN,Kebayoran Baru,PETOGOGAN,50 CM S/D 60 CM,0,0.0,0.0,60.0
201910,JAKARTA SELATAN,Tebet,KEBON BARU,10 CM S/D 30 CM,0,0.0,0.0,30.0
201910,JAKARTA SELATAN,Tebet,KEBON BARU,30 CM S/D 50 CM,0,0.0,0.0,50.0
201910,JAKARTA SELATAN,Tebet,MANGGARAI,10 CM S/D 50 CM,0,0.0,0.0,50.0
201910,JAKARTA SELATAN,Tebet,MANGGARAI,10 CM S/D 50 CM,0,0.0,0.0,50.0
201910,JAKARTA SELATAN,Tebet,MANGGARAI,10 CM S/D 50 CM,0,0.0,0.0,50.0
201910,JAKARTA SELATAN,Tebet,MANGGARAI,30 CM S/D 50 CM,0,0.0,0.0,50.0
201910,JAKARTA SELATAN,Tebet,MANGGARAI,10 CM S/D 30 CM,0,0.0,0.0,30.0
201910,JAKARTA SELATAN,Pesanggrahan,BINTARO,50 CM,0,0.0,0.0,50.0
201910,JAKARTA SELATAN,Pesanggrahan,BINTARO,30 S/D 50 CM,0,0.0,0.0,50.0
201910,JAKARTA SELATAN,Pesanggrahan,BINTARO,10 S/D 30 CM,0,0.0,0.0,30.0
201910,JAKARTA SELATAN,Pesanggrahan,BINTARO,20 CM,0,0.0,0.0,20.0
201910,JAKARTA SELATAN,Pesanggrahan,BINTARO,10 S/D 50 CM,0,0.0,0.0,50.0
201910,JAKARTA SELATAN,Pesanggrahan,BINTARO,10 S/D 50 CM,0,0.0,0.0,50.0
201910,JAKARTA SELATAN,Pesanggrahan,BINTARO,50 S/D 60 CM,0,0.0,0.0,60.0
201910,JAKARTA SELATAN,Pesanggrahan,BINTARO,50 S/D 60 CM,0,0.0,0.0,60.0
201910,JAKARTA SELATAN,Pesanggrahan,BINTARO,50 S/D 60 CM,0,0.0,0.0,60.0
201910,JAKARTA SELATAN,Pesanggrahan,BINTARO,30 S/D 50 CM,0,0.0,0.0,50.0
201910,JAKARTA SELATAN,Pesanggrahan,BINTARO,30 S/D 50 CM,0,0.0,0.0,50.0
201910,JAKARTA SELATAN,Pesanggrahan,BINTARO,30 S/D 50 CM,0,0.0,0.0,50.0
201910,JAKARTA SELATAN,Pesanggrahan,BINTARO,50 S/D 60 CM,0,0.0,0.0,60.0
201910,JAKARTA SELATAN,Pesanggrahan,BINTARO,40 CM,0,0.0,0.0,40.0
201910,JAKARTA SELATAN,Pesanggrahan,BINTARO,10 CM S/D 70 CM,0,0.0,0.0,70.0
201910,JAKARTA SELATAN,Pesanggrahan,BINTARO,10 CM S/D 30 CM,0,0.0,0.0,30.0
201910,JAKARTA SELATAN,Pesanggrahan,BINTARO,10 CM S/D 30 CM,0,0.0,0.0,30.0
201910,JAKARTA SELATAN,Pesanggrahan,ULUJAMI,10 CM S/D 50 CM,0,0.0,0.0,50.0
201910,JAKARTA SELATAN,Pesanggrahan,ULUJAMI,10 CM S/D 50 CM,0,0.0,0.0,50.0
201910,JAKARTA SELATAN,Pesanggrahan,ULUJAMI,10 CM S/D 50 CM,0,0.0,0.0,50.0
201910,JAKARTA SELATAN,Pesanggrahan,ULUJAMI,10 CM S/D 50 CM,0,0.0,0.0,50.0
201910,JAKARTA SELATAN,Pesanggrahan,ULUJAMI,10 CM S/D 50 CM,0,0.0,0.0,50.0
201910,JAKARTA SELATAN,Pesanggrahan,ULUJAMI,10 CM S/D 50 CM,0,0.0,0.0,50.0
201910,JAKARTA SELATAN,Pesanggrahan,ULUJAMI,10 CM S/D 50 CM,0,0.0,0.0,50.0
201910,JAKARTA SELATAN,Pesanggrahan,ULUJAMI,10 CM S/D 50 CM,0,0.0,0.0,50.0
201910,JAKARTA SELATAN,Pesanggrahan,ULUJAMI,20 CM S/D 30 CM,0,0.0,0.0,30.0
201910,JAKARTA SELATAN,Pesanggrahan,ULUJAMI,10 CM S/D 30 CM,0,0.0,0.0,30.0
201910,JAKARTA SELATAN,Pesanggrahan,ULUJAMI,10 CM S/D 30 CM,0,0.0,0.0,30.0
201910,JAKARTA SELATAN,Pesanggrahan,ULUJAMI,20 CM S/D 30 CM,0,0.0,0.0,30.0
201910,JAKARTA SELATAN,Pesanggrahan,ULUJAMI,20 CM S/D 30 CM,0,0.0,0.0,30.0
201910,JAKARTA SELATAN,Kebayoran Lama,PONDOK PINANG,10 CM S/D 80 CM,0,30.0,0.0,80.0
201910,JAKARTA SELATAN,Kebayoran Lama,PONDOK PINANG,20 CM S/D 125 CM,0,0.0,0.0,125.0
201910,JAKARTA SELATAN,Kebayoran Lama,PONDOK PINANG,10 CM S/D 125 CM,0,0.0,0.0,125.0
201910,JAKARTA SELATAN,Kebayoran Lama,PONDOK PINANG,10 CM S/D 125 CM,0,0.0,0.0,125.0
201910,JAKARTA SELATAN,Kebayoran Lama,PONDOK PINANG,10 CM S/D 125 CM,0,0.0,0.0,125.0
201910,JAKARTA SELATAN,Kebayoran Lama,PONDOK PINANG,10 CM S/D 125 CM,0,0.0,0.0,125.0
201910,JAKARTA SELATAN,Kebayoran Lama,PONDOK PINANG,10 CM S/D 125 CM,0,0.0,0.0,125.0
201910,JAKARTA SELATAN,Kebayoran Lama,PONDOK PINANG,10 CM S/D 120 CM,0,0.0,0.0,120.0
201910,JAKARTA SELATAN,Kebayoran Lama,PONDOK PINANG,10 CM S/D 120 CM,0,0.0,0.0,120.0
201910,JAKARTA SELATAN,Kebayoran Lama,CIPULIR,50 CM,0,0.0,0.0,50.0
201910,JAKARTA SELATAN,Kebayoran Lama,CIPULIR,10 CM,0,0.0,0.0,10.0
201910,JAKARTA SELATAN,Kebayoran Lama,CIPULIR,10 CM,0,0.0,0.0,10.0
201910,JAKARTA SELATAN,Kebayoran Lama,CIPULIR,20 CM,0,0.0,0.0,20.0
201910,JAKARTA SELATAN,Kebayoran Lama,CIPULIR,40 CM,0,0.0,0.0,40.0
201910,JAKARTA SELATAN,Kebayoran Lama,CIPULIR,10 CM,0,0.0,0.0,10.0
201910,JAKARTA SELATAN,Kebayoran Lama,CIPULIR,40 CM,0,0.0,0.0,40.0
201910,JAKARTA SELATAN,Kebayoran Lama,CIPULIR,10 CM S/D 80 CM,0,0.0,0.0,80.0
201910,JAKARTA SELATAN,Kebayoran Lama,CIPULIR,10 CM S/D 150 CM,225,0.0,0.0,150.0
201910,JAKARTA SELATAN,Kebayoran Lama,GROGOL UTARA,20 CM,0,0.0,0.0,20.0
201910,JAKARTA SELATAN,Kebayoran Lama,0,40 CM,0,0.0,0.0,40.0
201910,JAKARTA SELATAN,Cilandak,PONDOK LABU,30 CM,0,0.0,0.0,30.0
201910,JAKARTA SELATAN,Cilandak,PONDOK LABU,80 S/D 100 CM,0,0.0,0.0,100.0
201910,JAKARTA SELATAN,Cilandak,LEBAK BULUS,20 CM S/D 60 CM,0,0.0,0.0,60.0
201910,JAKARTA SELATAN,Cilandak,LEBAK BULUS,20 CM S/D 60 CM,0,0.0,0.0,60.0
201910,JAKARTA SELATAN,Cilandak,LEBAK BULUS,20 CM S/D 60 CM,0,0.0,0.0,60.0
201910,JAKARTA TIMUR,Jatinegara,BIDARA CINA,20 S/D 70 CM,0,0.0,0.0,70.0
201910,JAKARTA TIMUR,Jatinegara,BIDARA CINA,20 S/D 70 CM,0,0.0,0.0,70.0
201910,JAKARTA TIMUR,Jatinegara,BIDARA CINA,20 S/D 70 CM,0,0.0,0.0,70.0
201910,JAKARTA TIMUR,Jatinegara,BIDARA CINA,20 S/D 70 CM,0,0.0,0.0,70.0
201910,JAKARTA TIMUR,Jatinegara,BIDARA CINA,20 S/D 70 CM,0,0.0,0.0,70.0
201910,JAKARTA TIMUR,Jatinegara,BIDARA CINA,20 S/D 70 CM,0,0.0,0.0,70.0
201910,JAKARTA TIMUR,Jatinegara,BIDARA CINA,20 S/D 70 CM,0,0.0,0.0,70.0
201910,JAKARTA TIMUR,Jatinegara,BIDARA CINA,20 S/D 70 CM,0,0.0,0.0,70.0
201910,JAKARTA TIMUR,Jatinegara,BIDARA CINA,20 S/D 70 CM,0,0.0,0.0,70.0
201910,JAKARTA TIMUR,Jatinegara,BIDARA CINA,20 S/D 70 CM,0,0.0,0.0,70.0
201910,JAKARTA TIMUR,Jatinegara,BIDARA CINA,10 S/D 100 CM,20,17.0,0.0,100.0
201910,JAKARTA TIMUR,Jatinegara,BIDARA CINA,10 S/D 100 CM,28,0.0,0.0,100.0
201910,JAKARTA TIMUR,Jatinegara,BIDARA CINA,10 S/D 100 CM,24,0.0,0.0,100.0
201910,JAKARTA TIMUR,Jatinegara,BIDARA CINA,10 S/D 100 CM,31,0.0,0.0,100.0
201910,JAKARTA TIMUR,Jatinegara,BIDARA CINA,10 S/D 100 CM,23,0.0,0.0,100.0
201910,JAKARTA TIMUR,Jatinegara,KAMPUNG MELAYU,10 CM S/D 150 CM,51,0.0,0.0,150.0
201910,JAKARTA TIMUR,Jatinegara,KAMPUNG MELAYU,10 CM S/D 150 CM,66,0.0,0.0,150.0
201910,JAKARTA TIMUR,Jatinegara,KAMPUNG MELAYU,10 CM S/D 150 CM,16,0.0,0.0,150.0
201910,JAKARTA TIMUR,Jatinegara,KAMPUNG MELAYU,10 CM S/D 150 CM,118,0.0,0.0,150.0
201910,JAKARTA TIMUR,Jatinegara,KAMPUNG MELAYU,10 CM S/D 150 CM,80,0.0,0.0,150.0
201910,JAKARTA TIMUR,Jatinegara,KAMPUNG MELAYU,10 CM S/D 30 CM,18,0.0,0.0,30.0
201910,JAKARTA TIMUR,Jatinegara,KAMPUNG MELAYU,10 CM S/D 60 CM,48,0.0,0.0,60.0
201910,JAKARTA TIMUR,Jatinegara,KAMPUNG MELAYU,10 CM S/D 60 CM,23,0.0,0.0,60.0
201910,JAKARTA TIMUR,Jatinegara,KAMPUNG MELAYU,10 CM S/D 60 CM,28,0.0,0.0,60.0
201910,JAKARTA TIMUR,Jatinegara,KAMPUNG MELAYU,10 CM S/D 60 CM,31,0.0,0.0,60.0
201910,JAKARTA TIMUR,Jatinegara,KAMPUNG MELAYU,10 CM S/D 80 CM,53,0.0,0.0,80.0
201910,JAKARTA TIMUR,Jatinegara,KAMPUNG MELAYU,10 CM S/D 50 CM,33,0.0,0.0,50.0
201910,JAKARTA TIMUR,Jatinegara,KAMPUNG MELAYU,10 CM S/D 50 CM,28,0.0,0.0,50.0
201910,JAKARTA TIMUR,Jatinegara,KAMPUNG MELAYU,10 CM S/D 50 CM,27,0.0,0.0,50.0
201910,JAKARTA TIMUR,Jatinegara,KAMPUNG MELAYU,10 CM S/D 80 CM,27,0.0,0.0,80.0
201910,JAKARTA TIMUR,Jatinegara,KAMPUNG MELAYU,10 CM S/D 50 CM,38,0.0,0.0,50.0
201910,JAKARTA TIMUR,Jatinegara,KAMPUNG MELAYU,10 CM S/D 50 CM,21,0.0,0.0,50.0
201910,JAKARTA TIMUR,Jatinegara,KAMPUNG MELAYU,10 CM S/D 30 CM,28,0.0,0.0,30.0
201910,JAKARTA TIMUR,Jatinegara,KAMPUNG MELAYU,10 CM S/D 30 CM,15,0.0,0.0,30.0
201910,JAKARTA TIMUR,Jatinegara,KAMPUNG MELAYU,10 CM S/D 80 CM,36,0.0,0.0,80.0
201910,JAKARTA TIMUR,Jatinegara,KAMPUNG MELAYU,10 CM S/D 30 CM,21,0.0,0.0,30.0
201910,JAKARTA TIMUR,Jatinegara,KAMPUNG MELAYU,10 CM S/D 50 CM,31,0.0,0.0,50.0
201910,JAKARTA TIMUR,Jatinegara,KAMPUNG MELAYU,10 CM S/D 50 CM,22,0.0,0.0,50.0
201910,JAKARTA TIMUR,Jatinegara,KAMPUNG MELAYU,10 CM S/D 80 CM,46,0.0,0.0,80.0
201910,JAKARTA TIMUR,Jatinegara,KAMPUNG MELAYU,10 CM S/D 80 CM,54,0.0,0.0,80.0
201910,JAKARTA TIMUR,Jatinegara,KAMPUNG MELAYU,10 CM S/D 80 CM,58,0.0,0.0,80.0
201910,JAKARTA TIMUR,Jatinegara,KAMPUNG MELAYU,10 CM S/D 80 CM,51,0.0,0.0,80.0
201910,JAKARTA TIMUR,Jatinegara,CIPINANG MUARA,10 CM,0,0.0,0.0,10.0
201910,JAKARTA TIMUR,Kramat Jati,CAWANG,20 S/D 50 CM,7,0.0,0.0,50.0
201910,JAKARTA TIMUR,Kramat Jati,CAWANG,20 S/D 70 CM,9,0.0,0.0,70.0
201910,JAKARTA TIMUR,Kramat Jati,CAWANG,20 S/D 50 CM,28,0.0,0.0,50.0
201910,JAKARTA TIMUR,Kramat Jati,CAWANG,20 S/D 50 CM,24,0.0,0.0,50.0
201910,JAKARTA TIMUR,Kramat Jati,CAWANG,20 S/D 70 CM,20,0.0,0.0,70.0
201910,JAKARTA TIMUR,Kramat Jati,CAWANG,40 S/D 120 CM,21,0.0,0.0,120.0
201910,JAKARTA TIMUR,Kramat Jati,CAWANG,40 S/D 100 CM,24,0.0,0.0,100.0
201910,JAKARTA TIMUR,Kramat Jati,CAWANG,50 S/D 110 CM,16,0.0,0.0,110.0
201910,JAKARTA TIMUR,Kramat Jati,CAWANG,60 S/D 120 CM,45,0.0,0.0,120.0
201910,JAKARTA TIMUR,Kramat Jati,CAWANG,20 S/D 120 CM,24,0.0,0.0,120.0
201910,JAKARTA TIMUR,Kramat Jati,CAWANG,20 S/D 70 CM,21,0.0,0.0,70.0
201910,JAKARTA TIMUR,Kramat Jati,CAWANG,20 S/D 120 CM,24,0.0,0.0,120.0
201910,JAKARTA TIMUR,Kramat Jati,CAWANG,20 S/D 120 CM,22,0.0,0.0,120.0
201910,JAKARTA TIMUR,Kramat Jati,CAWANG,20 S/D 80 CM,12,0.0,0.0,80.0
201910,JAKARTA TIMUR,Kramat Jati,CAWANG,20 S/D 120 CM,38,0.0,0.0,120.0
201910,JAKARTA TIMUR,Kramat Jati,CAWANG,20 S/D 50 CM,21,0.0,0.0,50.0
201910,JAKARTA TIMUR,Kramat Jati,CAWANG,20 CM,16,0.0,0.0,20.0
201910,JAKARTA TIMUR,Kramat Jati,CAWANG,20 S/D 70 CM,17,0.0,0.0,70.0
201910,JAKARTA TIMUR,Kramat Jati,CAWANG,20 S/D 120 CM,30,0.0,0.0,120.0
201910,JAKARTA TIMUR,Kramat Jati,CAWANG,20 S/D 70 CM,18,0.0,0.0,70.0
201910,JAKARTA TIMUR,Kramat Jati,CAWANG,20 S/D 100 CM,13,0.0,0.0,100.0
201910,JAKARTA TIMUR,Kramat Jati,CAWANG,20 S/D 100 CM,7,0.0,0.0,100.0
201910,JAKARTA TIMUR,Kramat Jati,CAWANG,20 CM,0,0.0,0.0,20.0
201910,JAKARTA TIMUR,Kramat Jati,CAWANG,20 S/D 30 CM,5,0.0,0.0,30.0
201910,JAKARTA TIMUR,Kramat Jati,CAWANG,20 S/D 30 CM,0,0.0,0.0,30.0
201910,JAKARTA TIMUR,Kramat Jati,BALEKAMBANG,20 CM S/D 70 CM,0,0.0,0.0,70.0
201910,JAKARTA TIMUR,Kramat Jati,BALEKAMBANG,20 CM S/D 70 CM,0,0.0,0.0,70.0
201910,JAKARTA TIMUR,Kramat Jati,BALEKAMBANG,20 CM S/D 70 CM,0,0.0,0.0,70.0
201910,JAKARTA TIMUR,Kramat Jati,BALEKAMBANG,20 CM S/D 70 CM,0,0.0,0.0,70.0
201910,JAKARTA TIMUR,Kramat Jati,BALEKAMBANG,20 CM S/D 70 CM,0,0.0,0.0,70.0
201910,JAKARTA TIMUR,Kramat Jati,BALEKAMBANG,20 CM S/D 70 CM,0,0.0,0.0,70.0
201910,JAKARTA TIMUR,Kramat Jati,BALEKAMBANG,50 CM,41,0.0,0.0,50.0
201910,JAKARTA TIMUR,Kramat Jati,BALEKAMBANG,50 CM,10,0.0,0.0,50.0
201910,JAKARTA TIMUR,Kramat Jati,DUKUH,50 CM,0,0.0,0.0,50.0
201910,JAKARTA TIMUR,Kramat Jati,CILILITAN,10 CM,70,0.0,0.0,10.0
201910,JAKARTA TIMUR,Kramat Jati,CILILITAN,10 CM,46,0.0,0.0,10.0
201910,JAKARTA TIMUR,Kramat Jati,CILILITAN,10 CM,59,0.0,0.0,10.0
201910,JAKARTA TIMUR,Kramat Jati,CILILITAN,10 CM,70,0.0,0.0,10.0
201910,JAKARTA TIMUR,Kramat Jati,CILILITAN,10 CM,40,0.0,0.0,10.0
201910,JAKARTA TIMUR,Pasar Rebo,KALISARI,10 CM,0,0.0,0.0,10.0
201910,JAKARTA TIMUR,Pasar Rebo,KALISARI,10 CM,0,0.0,0.0,10.0
201910,JAKARTA TIMUR,Pasar Rebo,KALISARI,40 CM,0,0.0,0.0,40.0
201910,JAKARTA TIMUR,Pasar Rebo,CIJANTUNG,35 CM,0,0.0,0.0,35.0
201910,JAKARTA TIMUR,Pasar Rebo,CIJANTUNG,40 CM,0,0.0,0.0,40.0
201910,JAKARTA TIMUR,Pasar Rebo,PEKAYON,30 CM,0,0.0,0.0,30.0
201910,JAKARTA TIMUR,Pasar Rebo,PEKAYON,30 CM,0,0.0,0.0,30.0
201910,JAKARTA TIMUR,Pasar Rebo,PEKAYON,50 CM,0,0.0,0.0,50.0
201910,JAKARTA TIMUR,Ciracas,SUSUKAN,15 CM,0,0.0,0.0,15.0
201910,JAKARTA TIMUR,Ciracas,SUSUKAN,15 CM,0,0.0,0.0,15.0
201910,JAKARTA TIMUR,Ciracas,SUSUKAN,15 CM,0,0.0,0.0,15.0
201910,JAKARTA TIMUR,Ciracas,SUSUKAN,15 CM,0,0.0,0.0,15.0
201910,JAKARTA TIMUR,Ciracas,SUSUKAN,40 CM,0,0.0,0.0,40.0
201910,JAKARTA TIMUR,Ciracas,SUSUKAN,20 CM,0,0.0,0.0,20.0
201910,JAKARTA TIMUR,Ciracas,CIRACAS,70 CM S/D 80 CM,0,0.0,0.0,80.0
201910,JAKARTA TIMUR,Ciracas,CIRACAS,70 CM S/D 80 CM,0,0.0,0.0,80.0
201910,JAKARTA TIMUR,Ciracas,CIRACAS,70 CM S/D 80 CM,0,0.0,0.0,80.0
201910,JAKARTA TIMUR,Ciracas,CIRACAS,70 CM S/D 80 CM,0,0.0,0.0,80.0
201910,JAKARTA TIMUR,Ciracas,CIRACAS,70 CM S/D 80 CM,0,0.0,0.0,80.0
201910,JAKARTA TIMUR,Ciracas,CIRACAS,20 CM S/D 80 CM,0,0.0,0.0,80.0
201910,JAKARTA TIMUR,Ciracas,CIRACAS,20 CM S/D 80 CM,0,0.0,0.0,80.0
201910,JAKARTA TIMUR,Ciracas,CIRACAS,70 CM S/D 80 CM,0,0.0,0.0,80.0
201910,JAKARTA TIMUR,Ciracas,CIRACAS,70 CM S/D 80 CM,0,0.0,0.0,80.0
201910,JAKARTA TIMUR,Ciracas,RAMBUTAN,10 S/D 60 CM,413,3.0,0.0,60.0
201910,JAKARTA TIMUR,Ciracas,RAMBUTAN,10 S/D 50 CM,385,12.0,0.0,50.0
201910,JAKARTA TIMUR,Ciracas,RAMBUTAN,40 CM,86,0.0,0.0,40.0
201910,JAKARTA TIMUR,Ciracas,RAMBUTAN,10 S/D 50 CM,225,0.0,0.0,50.0
201910,JAKARTA TIMUR,Ciracas,RAMBUTAN,10 S/D 70 CM,120,11.0,0.0,70.0
201910,JAKARTA TIMUR,Ciracas,RAMBUTAN,10 S/D 40 CM,120,0.0,0.0,40.0
201910,JAKARTA TIMUR,Ciracas,RAMBUTAN,40 CM,90,0.0,0.0,40.0
201910,JAKARTA TIMUR,Ciracas,RAMBUTAN,60 CM,150,30.0,0.0,60.0
201910,JAKARTA TIMUR,Ciracas,RAMBUTAN,50 CM,150,0.0,0.0,50.0
201910,JAKARTA TIMUR,Ciracas,RAMBUTAN,40 CM,178,0.0,0.0,40.0
201910,JAKARTA TIMUR,Ciracas,RAMBUTAN,70 CM,117,0.0,0.0,70.0
201910,JAKARTA TIMUR,Ciracas,RAMBUTAN,70 CM,162,20.0,0.0,70.0
201910,JAKARTA TIMUR,Ciracas,RAMBUTAN,40 CM,30,0.0,0.0,40.0
201910,JAKARTA TIMUR,Ciracas,RAMBUTAN,40 CM,35,0.0,0.0,40.0
201910,JAKARTA TIMUR,Ciracas,RAMBUTAN,40 CM,150,0.0,0.0,40.0
201910,JAKARTA TIMUR,Ciracas,RAMBUTAN,20 S/D 50 CM,120,0.0,0.0,50.0
201910,JAKARTA TIMUR,Ciracas,RAMBUTAN,20 S/D 40 CM,160,0.0,0.0,40.0
201910,JAKARTA TIMUR,Ciracas,RAMBUTAN,15 S/D 30 CM,97,0.0,0.0,30.0
201910,JAKARTA TIMUR,Ciracas,RAMBUTAN,15 S/D 40 CM,45,0.0,0.0,40.0
201910,JAKARTA TIMUR,Cipayung,BAMBU APUS,60 CM,0,0.0,0.0,60.0
201910,JAKARTA TIMUR,Cipayung,BAMBU APUS,100 CM,0,0.0,0.0,100.0
201910,JAKARTA TIMUR,Cipayung,CIPAYUNG,30 CM,0,0.0,0.0,30.0
201910,JAKARTA TIMUR,Cipayung,SETU,30 CM,0,0.0,0.0,30.0
201910,JAKARTA TIMUR,Cipayung,SETU,50 CM S/D 60 CM,0,0.0,0.0,60.0
201910,JAKARTA TIMUR,Cipayung,SETU,50 CM S/D 60 CM,0,0.0,0.0,60.0
201910,JAKARTA TIMUR,Cipayung,LUBANG BUAYA,40 CM S/D 50 CM,0,0.0,0.0,50.0
201910,JAKARTA TIMUR,Makasar,CIPINANG MELAYU,10 CM S/D 40 CM,0,0.0,0.0,40.0
201910,JAKARTA TIMUR,Makasar,CIPINANG MELAYU,10 CM S/D 40 CM,0,0.0,0.0,40.0
201910,JAKARTA TIMUR,Makasar,CIPINANG MELAYU,10 CM S/D 40 CM,0,0.0,0.0,40.0
201910,JAKARTA TIMUR,Makasar,CIPINANG MELAYU,10 S/D 30 CM,0,0.0,0.0,30.0
201910,JAKARTA TIMUR,Makasar,CIPINANG MELAYU,10 S/D 30 CM,0,0.0,0.0,30.0
201910,JAKARTA TIMUR,Makasar,CIPINANG MELAYU,10 CM S/D 40 CM,0,0.0,0.0,40.0
201910,JAKARTA TIMUR,Makasar,MAKASAR,30 CM,0,0.0,0.0,30.0
201910,JAKARTA TIMUR,Makasar,MAKASAR,30 CM,0,0.0,0.0,30.0
201910,JAKARTA TIMUR,Makasar,MAKASAR,30 CM,0,0.0,0.0,30.0
201910,JAKARTA TIMUR,Makasar,MAKASAR,30 CM,0,0.0,0.0,30.0
201910,JAKARTA TIMUR,Makasar,MAKASAR,30 CM,0,0.0,0.0,30.0
201910,JAKARTA TIMUR,Makasar,MAKASAR,30 CM,0,0.0,0.0,30.0
201910,JAKARTA TIMUR,Makasar,MAKASAR,20 CM,0,0.0,0.0,20.0
201910,JAKARTA TIMUR,Makasar,MAKASAR,30 CM,0,0.0,0.0,30.0
201910,JAKARTA TIMUR,Makasar,MAKASAR,20 CM,0,0.0,0.0,20.0
201910,JAKARTA TIMUR,Makasar,MAKASAR,30 CM,0,0.0,0.0,30.0
201910,JAKARTA TIMUR,Makasar,PINANG RANTI,30 CM,0,0.0,0.0,30.0
201910,JAKARTA TIMUR,Makasar,KEBON PALA,30 CM,0,0.0,0.0,30.0
201910,JAKARTA TIMUR,Makasar,KEBON PALA,10 CM,0,0.0,0.0,10.0
201910,JAKARTA TIMUR,Makasar,KEBON PALA,20 CM,0,0.0,0.0,20.0
201910,JAKARTA TIMUR,Makasar,KEBON PALA,30 CM,0,0.0,0.0,30.0
201910,JAKARTA TIMUR,Makasar,KEBON PALA,30 CM,0,0.0,0.0,30.0
201910,JAKARTA TIMUR,Makasar,KEBON PALA,40 CM,0,0.0,0.0,40.0
201910,JAKARTA TIMUR,Makasar,KEBON PALA,10 CM,0,0.0,0.0,10.0
201910,JAKARTA TIMUR,Makasar,KEBON PALA,40 CM,0,0.0,0.0,40.0
201910,JAKARTA TIMUR,Makasar,KEBON PALA,80 CM,0,0.0,0.0,80.0
201910,JAKARTA TIMUR,Makasar,KEBON PALA,80 CM,0,0.0,0.0,80.0
201910,JAKARTA TIMUR,Makasar,KEBON PALA,10 CM,0,0.0,0.0,10.0
201910,JAKARTA TIMUR,Makasar,KEBON PALA,30 CM,0,0.0,0.0,30.0
201910,JAKARTA TIMUR,Makasar,KEBON PALA,80 CM,0,0.0,0.0,80.0
201910,JAKARTA TIMUR,Makasar,KEBON PALA,30 CM,0,0.0,0.0,30.0
201910,JAKARTA TIMUR,Makasar,KEBON PALA,80 CM,0,0.0,0.0,80.0
201910,JAKARTA TIMUR,Makasar,KEBON PALA,30 CM,0,0.0,0.0,30.0
201910,JAKARTA TIMUR,Makasar,KEBON PALA,30 CM,0,0.0,0.0,30.0
201910,JAKARTA TIMUR,Makasar,KEBON PALA,30 CM,0,0.0,0.0,30.0
201910,JAKARTA TIMUR,Makasar,KEBON PALA,50 CM,0,0.0,0.0,50.0
201910,JAKARTA TIMUR,Makasar,KEBON PALA,50 CM,0,0.0,0.0,50.0
201910,JAKARTA TIMUR,Pulo Gadung,PULO GADUNG,30 CM,0,0.0,0.0,30.0
201910,JAKARTA TIMUR,Cakung,PENGGILINGAN,10 CM,0,0.0,0.0,10.0
201910,JAKARTA TIMUR,Cakung,PULO GEBANG,15 CM,0,0.0,0.0,15.0
201910,JAKARTA TIMUR,Cakung,JATINEGARA,15 CM,0,0.0,0.0,15.0
201910,JAKARTA TIMUR,Cakung,CAKUNG BARAT,20 CM,0,0.0,0.0,20.0
201910,JAKARTA TIMUR,Duren Sawit,DUREN SAWIT,15 CM,0,0.0,0.0,15.0
