waterway,name,geometry_wkt
river,Kali Cipinang,"MULTILINESTRING ((106.874552 -6.361472, 106.874558 -6.361456, 106.874419 -6.36139, 106.874209 -6.361349, 106.874061 -6.361314), (106.874045 -6.361305, 106.873962 -6.361244, 106.873874 -6.361025, 106.873767 -6.360885, 106.873562 -6.360973, 106.873393 -6.361051, 106.873284 -6.361094), (106.873207 -6.36109, 106.873124 -6.361059, 106.872988 -6.361069, 106.872574 -6.360929, 106.872071 -6.360525, 106.871587 -6.360078, 106.871531 -6.359895, 106.871527 -6.35981), (106.871846 -6.359324, 106.871939 -6.359233, 106.872079 -6.359089, 106.872301 -6.358855, 106.872309 -6.358844), (106.872313 -6.358839, 106.872346 -6.358793, 106.87236 -6.358605, 106.872193 -6.358566, 106.872124 -6.358528, 106.872073 -6.358404), (106.872013 -6.358182, 106.871989 -6.35809, 106.872011 -6.357896), (106.872024 -6.357847, 106.872333 -6.357809, 106.872458 -6.357778, 106.872492 -6.35775), (106.872876 -6.357621, 106.872979 -6.357606, 106.873029 -6.357572, 106.873066 -6.357501, 106.873072 -6.357357, 106.873073 -6.357299), (106.873094 -6.357226, 106.87314 -6.357165, 106.873296 -6.357053, 106.873375 -6.356953, 106.873425 -6.356844, 106.873444 -6.356795), (106.873581 -6.356696, 106.87369 -6.356639, 106.87375 -6.356622, 106.873809 -6.356582, 106.873916 -6.356494, 106.873925 -6.35645))"
river,Kali Cipinang,"MULTILINESTRING ((106.87996 -6.36451, 106.879854 -6.364609, 106.879795 -6.364633, 106.879717 -6.364633), (106.879704 -6.364632, 106.879649 -6.364622), (106.879427 -6.364533, 106.879312 -6.364462, 106.879225 -6.364328, 106.879233 -6.364269, 106.879182 -6.364207), (106.878811 -6.363901, 106.878773 -6.36389, 106.878564 -6.363961, 106.878497 -6.363977, 106.878419 -6.363977, 106.878333 -6.363956, 106.878306 -6.363928), (106.878016 -6.363181, 106.877989 -6.363027, 106.877984 -6.362954), (106.878093 -6.362676, 106.878156 -6.362617, 106.878241 -6.362565, 106.878477 -6.36261, 106.878624 -6.36256, 106.878711 -6.362496, 106.878784 -6.362351, 106.87887 -6.362288, 106.87887 -6.36218, 106.878863 -6.362083, 106.878811 -6.362036, 106.878682 -6.362042, 106.878638 -6.361992, 106.878641 -6.361922, 106.878706 -6.361888, 106.878744 -6.361852, 106.878821 -6.361854, 106.878853 -6.361846), (106.87888 -6.36184, 106.878884 -6.361839, 106.879004 -6.361803, 106.879065 -6.361724, 106.879062 -6.361654, 106.879051 -6.361632), (106.879022 -6.361558, 106.879004 -6.361501, 106.878965 -6.361477, 106.878963 -6.361476), (106.878858 -6.361351, 106.87886 -6.361333), (106.878913 -6.361267, 106.879002 -6.361241, 106.879001 -6.361237), (106.878724 -6.361071, 106.87872 -6.361072, 106.878711 -6.361075), (106.878622 -6.361102, 106.878587 -6.3611), (106.878288 -6.361073, 106.87827 -6.361076, 106.878264 -6.361083), (106.878195 -6.361166, 106.87812 -6.361256, 106.878048 -6.361331, 106.87797 -6.361364, 106.877682 -6.361314, 106.877532 -6.361301), (106.877423 -6.361309, 106.877395 -6.361314, 106.877355 -6.361422, 106.877299 -6.361504))"
river,Kali Cipinang,"LINESTRING (106.872181 -6.343338, 106.872186 -6.343157, 106.872259 -6.342792, 106.87242 -6.342349, 106.872495 -6.342194, 106.872532 -6.341994, 106.872484 -6.341946, 106.872221 -6.341826, 106.872135 -6.341773, 106.872111 -6.341707, 106.872111 -6.341157, 106.872109 -6.341099, 106.872058 -6.341038, 106.871924 -6.341011, 106.871698 -6.340976, 106.87146 -6.34095, 106.871414 -6.34088, 106.871462 -6.340739, 106.871553 -6.340584, 106.871647 -6.340462, 106.871741 -6.340403, 106.871913 -6.340443, 106.872106 -6.340491, 106.872275 -6.340488, 106.872367 -6.340446, 106.872455 -6.340351, 106.87248 -6.340296, 106.872471 -6.340216, 106.872396 -6.340112, 106.872334 -6.340036, 106.872205 -6.339978, 106.872118 -6.33991, 106.872096 -6.339831, 106.872122 -6.339689, 106.872241 -6.339639, 106.872595 -6.339673, 106.872774 -6.33965, 106.872956 -6.339535, 106.872956 -6.339369, 106.872989 -6.339205, 106.872991 -6.339042, 106.87303 -6.338914, 106.873123 -6.338854, 106.873167 -6.338819, 106.873223 -6.338778, 106.873441 -6.338619, 106.873487 -6.338448, 106.873499 -6.338289, 106.873463 -6.338187, 106.873459 -6.338109, 106.873492 -6.33804, 106.873606 -6.337928, 106.873788 -6.337802, 106.873958 -6.337727, 106.874055 -6.337662, 106.874235 -6.337405, 106.874547 -6.337246, 106.874574 -6.33716, 106.874549 -6.337067, 106.874438 -6.337042, 106.874356 -6.337047, 106.874298 -6.337064, 106.874217 -6.337064, 106.874182 -6.337029, 106.874143 -6.336948, 106.874118 -6.336838, 106.874113 -6.336722, 106.874146 -6.336644, 106.874387 -6.336339, 106.874407 -6.336258, 106.874377 -6.336066, 106.874366 -6.335996, 106.874415 -6.33583, 106.87444 -6.335802, 106.874587 -6.335812, 106.874688 -6.335845, 106.874803 -6.335875, 106.874909 -6.33583, 106.87494 -6.335762, 106.874848 -6.335565, 106.874848 -6.335515, 106.874866 -6.335333, 106.874866 -6.335258, 106.874843 -6.33519, 106.874813 -6.335147, 106.874851 -6.335061, 106.874879 -6.335036, 106.874924 -6.335021, 106.87497 -6.335026, 106.875175 -6.335132, 106.875284 -6.335132, 106.875348 -6.335106, 106.875627 -6.33459, 106.875781 -6.334383, 106.875837 -6.334335, 106.875967 -6.334197, 106.876062 -6.33414, 106.876235 -6.334175, 106.876514 -6.334197, 106.876593 -6.334194, 106.876684 -6.334025, 106.87673 -6.333877, 106.876765 -6.333758, 106.876828 -6.33366, 106.876884 -6.33361, 106.876955 -6.333542, 106.877062 -6.333489, 106.877183 -6.333406, 106.877282 -6.333337, 106.877379 -6.333249, 106.87744 -6.333148, 106.877488 -6.33302, 106.877531 -6.332954, 106.877614 -6.332854, 106.87766 -6.332753, 106.877685 -6.33269, 106.87765 -6.332619, 106.87763 -6.332466, 106.877625 -6.332337, 106.877632 -6.332219, 106.877652 -6.332148, 106.877731 -6.332123, 106.877881 -6.332052, 106.878086 -6.331946, 106.878142 -6.331898, 106.878218 -6.331836, 106.878264 -6.331765, 106.878271 -6.331694, 106.878272 -6.331573, 106.878263 -6.331433, 106.878261 -6.331324, 106.878294 -6.331211, 106.87838 -6.33115, 106.878489 -6.33108, 106.87858 -6.331027, 106.878684 -6.330996, 106.87887 -6.330984, 106.878986 -6.330926, 106.87909 -6.330868, 106.879252 -6.330858, 106.879318 -6.33088, 106.879379 -6.330996, 106.879407 -6.331142, 106.87943 -6.331226, 106.879445 -6.331299, 106.879552 -6.331314, 106.879645 -6.331306, 106.879754 -6.331271, 106.87995 -6.331231, 106.880074 -6.331208, 106.88017 -6.331168, 106.880239 -6.33112, 106.880264 -6.331085, 106.880327 -6.331034, 106.88036 -6.331024, 106.880472 -6.330991, 106.880596 -6.330996, 106.880672 -6.330996, 106.880751 -6.330969, 106.880829 -6.330916, 106.88089 -6.330838, 106.880837 -6.330692, 106.880758 -6.330566, 106.880601 -6.330417, 106.88054 -6.330349, 106.880502 -6.330273, 106.880507 -6.33019, 106.880535 -6.330117, 106.88066 -6.329925, 106.880718 -6.329857, 106.880784 -6.329807, 106.880829 -6.329759, 106.880855 -6.329699, 106.88086 -6.329615, 106.880898 -6.32951, 106.880926 -6.329368, 106.880936 -6.329275, 106.880903 -6.329212, 106.88085 -6.329192, 106.880764 -6.329176, 106.880658 -6.32907, 106.880673 -6.328768, 106.880399 -6.328314, 106.880267 -6.327981, 106.880209 -6.327839, 106.880151 -6.327568, 106.880196 -6.327467, 106.880232 -6.327362, 106.880217 -6.326742, 106.880176 -6.326394, 106.880222 -6.326187, 106.880237 -6.326071, 106.880237 -6.32585, 106.880125 -6.325703, 106.88009 -6.325588, 106.880171 -6.325479, 106.880303 -6.325406, 106.88045 -6.325383, 106.880716 -6.325504, 106.8808 -6.325648, 106.880924 -6.325683, 106.881112 -6.325711, 106.881269 -6.325643, 106.881472 -6.32555, 106.881705 -6.325472, 106.881715 -6.325378, 106.881657 -6.325242, 106.881682 -6.325126, 106.881725 -6.324988, 106.881672 -6.324741, 106.881682 -6.324534, 106.88152 -6.324438, 106.881444 -6.324348)"
river,Ciliwung,"GEOMETRYCOLLECTION (LINESTRING (106.835506 -6.352158, 106.835458 -6.35205, 106.835472 -6.351975, 106.835539 -6.351879, 106.835633 -6.351804, 106.835724 -6.351762, 106.83582 -6.351756, 106.836118 -6.351791, 106.837306 -6.351956, 106.838344 -6.352026, 106.838881 -6.351997, 106.839095 -6.351935, 106.839394 -6.351383), LINESTRING (106.839394 -6.351383, 106.839271 -6.350851), LINESTRING (106.838506 -6.349725, 106.83845 -6.349643, 106.838051 -6.3488, 106.83818 -6.348164), LINESTRING (106.83818 -6.348164, 106.838047 -6.347852, 106.837843 -6.347349), LINESTRING (106.837933 -6.346835, 106.838068 -6.346679, 106.83842 -6.346636), LINESTRING (106.839031 -6.346364, 106.839243 -6.346186, 106.839723 -6.345075), LINESTRING (106.837141 -6.341799, 106.837403 -6.341582, 106.837656 -6.34153), LINESTRING (106.83976 -6.335146, 106.839751 -6.335118, 106.839712 -6.334967, 106.839721 -6.334757, 106.839756 -6.334522, 106.839792 -6.334196, 106.83982 -6.333784, 106.83985 -6.333179, 106.839936 -6.332624, 106.840086 -6.33224, 106.840344 -6.332083, 106.840674 -6.332179, 106.841034 -6.332188, 106.841545 -6.332219, 106.841888 -6.332155, 106.842103 -6.332155, 106.842585 -6.3321, 106.843455 -6.331771, 106.843477 -6.331515, 106.843326 -6.331323, 106.842726 -6.331067, 106.842232 -6.331046, 106.84191 -6.331003, 106.841438 -6.330449, 106.841224 -6.330321, 106.840516 -6.329766, 106.840322 -6.32934, 106.840317 -6.32906, 106.840448 -6.328721, 106.84077 -6.328009, 106.841078 -6.32726, 106.841178 -6.327012, 106.84127 -6.326775, 106.841363 -6.326623, 106.841486 -6.326501, 106.841604 -6.326655, 106.841641 -6.326805, 106.841756 -6.327204, 106.841859 -6.327392, 106.841997 -6.327551, 106.84218 -6.327594, 106.84248 -6.32753, 106.842765 -6.327346, 106.842984 -6.327047, 106.843148 -6.326738, 106.843221 -6.326375, 106.843159 -6.326056, 106.842923 -6.32548, 106.841614 -6.323646, 106.841399 -6.323411, 106.841134 -6.323235, 106.840533 -6.322992, 106.840176 -6.322832, 106.840045 -6.322612, 106.839999 -6.322408, 106.840045 -6.322169, 106.840112 -6.321966, 106.840686 -6.321811, 106.840992 -6.32162, 106.841045 -6.321452, 106.840959 -6.3213, 106.840841 -6.321148, 106.840608 -6.321161, 106.839583 -6.321587, 106.839237 -6.321649, 106.838884 -6.321574, 106.838567 -6.321385, 106.838374 -6.321044, 106.838332 -6.320783, 106.838368 -6.320564, 106.838684 -6.320036, 106.839002 -6.319563, 106.839451 -6.319088, 106.839747 -6.318847, 106.84009 -6.318548, 106.840457 -6.318388, 106.8409 -6.318228, 106.841927 -6.31799, 106.842429 -6.317931, 106.842856 -6.317991, 106.843078 -6.318209, 106.843223 -6.31842, 106.843545 -6.318484, 106.84406 -6.318207, 106.844103 -6.31778, 106.844146 -6.317098, 106.844189 -6.316863, 106.844342 -6.316568, 106.844608 -6.316448, 106.844953 -6.316456, 106.845367 -6.316645, 106.845688 -6.316863, 106.846056 -6.316976, 106.846493 -6.316714, 106.84697 -6.31588, 106.8473 -6.315507, 106.847704 -6.315243, 106.847984 -6.315093, 106.848347 -6.314995, 106.848593 -6.315061, 106.848796 -6.315219, 106.848915 -6.315357, 106.848975 -6.315514, 106.849006 -6.315616, 106.849014 -6.31572, 106.848991 -6.315925, 106.848887 -6.316189, 106.848704 -6.316618, 106.848498 -6.317149, 106.848326 -6.317418, 106.847811 -6.317652, 106.847103 -6.317652, 106.846914 -6.317908, 106.847087 -6.31814, 106.847334 -6.318204, 106.84771 -6.318192, 106.84805 -6.318188, 106.848244 -6.31824, 106.8485 -6.318343, 106.848897 -6.318644, 106.849144 -6.318692), POINT (106.835898 -6.354197), POINT (106.835883 -6.353638), POINT (106.840873 -6.342236))"
canal,Kali Baru Barat,"LINESTRING (106.819234 -6.34179, 106.819642 -6.341246, 106.820488 -6.340268, 106.820653 -6.340044, 106.82144 -6.339393, 106.82379 -6.337716, 106.824366 -6.337297, 106.824635 -6.337079, 106.824899 -6.336901, 106.824983 -6.336877, 106.825371 -6.336994, 106.825401 -6.337021, 106.825385 -6.33716, 106.825407 -6.337224, 106.825503 -6.337299, 106.825678 -6.337381, 106.825798 -6.337384, 106.825951 -6.337346, 106.825988 -6.337362, 106.826117 -6.337549, 106.826288 -6.337588, 106.826393 -6.337546, 106.826525 -6.337428, 106.826673 -6.337304, 106.82675 -6.337267, 106.826923 -6.337256, 106.827123 -6.33725, 106.827169 -6.337208, 106.827177 -6.337161, 106.827184 -6.33712, 106.827265 -6.337021, 106.827685 -6.336768, 106.828244 -6.3362, 106.828488 -6.336101, 106.82852 -6.336045, 106.828501 -6.335952, 106.828765 -6.335944, 106.828868 -6.335998, 106.828977 -6.336104, 106.829091 -6.336264, 106.829219 -6.336497, 106.829312 -6.336667, 106.829312 -6.336684, 106.829311 -6.336714, 106.829272 -6.336791, 106.829106 -6.336884, 106.829054 -6.336956, 106.829099 -6.337114, 106.829277 -6.337368, 106.829326 -6.337475, 106.829429 -6.337582, 106.829533 -6.337646, 106.829659 -6.337663, 106.830032 -6.337634, 106.830139 -6.337657, 106.830289 -6.337645, 106.830878 -6.337351, 106.830993 -6.337253, 106.831387 -6.337186, 106.831619 -6.337035)"
canal,Kali Baru Barat,"LINESTRING (106.831619 -6.337035, 106.832122 -6.336802, 106.832424 -6.336703, 106.833294 -6.336623, 106.833444 -6.336642, 106.833794 -6.336745, 106.833913 -6.336754, 106.833935 -6.336738, 106.833977 -6.33629, 106.833921 -6.335692, 106.833937 -6.33553, 106.834334 -6.334315, 106.834688 -6.333552, 106.834798 -6.332609, 106.834956 -6.33216)"
canal,Kali Baru Barat,"LINESTRING (106.834956 -6.33216, 106.835002 -6.331918)"
river,Kalibaru,"LINESTRING (106.859888 -6.353589, 106.859995 -6.35341, 106.860105 -6.353228, 106.860167 -6.353006, 106.860306 -6.35286, 106.860648 -6.352674, 106.861062 -6.352513, 106.861254 -6.352459, 106.861873 -6.352135, 106.862502 -6.351816, 106.863375 -6.351378, 106.863934 -6.351066, 106.864404 -6.350705, 106.864895 -6.350208, 106.865401 -6.349566)"
river,Kali Cipinang,"MULTILINESTRING ((106.874228 -6.356133, 106.874278 -6.35611, 106.874287 -6.356092), (106.874305 -6.356057, 106.874311 -6.356046, 106.874294 -6.355986), (106.874285 -6.355953, 106.874284 -6.35595, 106.874278 -6.355944), (106.874129 -6.355819, 106.874053 -6.355768, 106.873935 -6.355774), (106.873754 -6.355776, 106.873727 -6.355775), (106.873415 -6.355684, 106.873305 -6.355622), (106.873287 -6.355603, 106.87325 -6.355558), (106.873142 -6.355078, 106.873141 -6.355001, 106.873121 -6.354992), (106.872828 -6.354958, 106.872813 -6.354962, 106.872713 -6.355013, 106.872685 -6.355049), (106.872617 -6.355125, 106.872587 -6.355145, 106.872582 -6.355143), (106.872486 -6.355056, 106.872408 -6.354966), (106.87239 -6.354923, 106.872388 -6.354885), (106.872389 -6.354876, 106.872397 -6.354833, 106.872413 -6.354765), (106.87248 -6.354556, 106.872481 -6.354553, 106.87248 -6.354549), (106.872363 -6.354396, 106.872282 -6.354325, 106.872235 -6.35429), (106.872102 -6.353979, 106.872088 -6.353866, 106.872068 -6.353776, 106.872016 -6.353746, 106.871954 -6.353747), (106.871566 -6.353748, 106.871376 -6.353753, 106.87124 -6.35373, 106.871139 -6.353633, 106.871098 -6.35357), (106.871085 -6.35353, 106.871073 -6.353415, 106.871084 -6.353337, 106.871131 -6.353294), (106.871211 -6.353289, 106.871234 -6.353311, 106.871298 -6.353332, 106.871395 -6.353321, 106.871443 -6.353314), (106.871463 -6.353311, 106.871465 -6.353311, 106.871467 -6.353309), (106.871529 -6.353194, 106.871529 -6.353191, 106.871526 -6.353188), (106.87141 -6.352972, 106.871384 -6.352924, 106.871261 -6.352818, 106.871054 -6.352703, 106.871039 -6.352701), (106.870276 -6.352837, 106.870236 -6.35285, 106.870196 -6.352767, 106.870212 -6.352668, 106.870199 -6.352551, 106.870132 -6.352436, 106.869999 -6.352298, 106.869956 -6.352256, 106.869807 -6.352146, 106.869761 -6.352091, 106.869734 -6.352032, 106.869734 -6.351968, 106.869748 -6.351914, 106.869787 -6.351823, 106.86979 -6.351751, 106.869815 -6.351575, 106.869795 -6.351497, 106.869754 -6.351486, 106.869711 -6.351504, 106.869689 -6.351555, 106.86967 -6.351591, 106.86963 -6.351611, 106.869542 -6.351616, 106.869379 -6.351602, 106.869311 -6.351585, 106.869291 -6.35151, 106.869282 -6.351362, 106.869256 -6.351281, 106.869205 -6.351217, 106.869047 -6.351217, 106.86889 -6.351241, 106.868679 -6.351214, 106.868587 -6.351123, 106.868555 -6.351032, 106.86856 -6.350916, 106.868618 -6.350768, 106.868655 -6.350678, 106.868651 -6.350529, 106.868691 -6.35043, 106.868788 -6.350301, 106.868828 -6.350181, 106.868824 -6.350112, 106.868854 -6.350045, 106.868903 -6.350001, 106.868966 -6.349957, 106.869067 -6.349929, 106.869149 -6.349937, 106.869214 -6.349969, 106.869271 -6.35001, 106.869316 -6.350013, 106.869351 -6.349994, 106.869373 -6.349937, 106.869383 -6.349906, 106.869403 -6.349838, 106.869409 -6.349775, 106.869413 -6.349705, 106.869409 -6.349637, 106.869397 -6.349575, 106.869331 -6.349494, 106.869292 -6.349462, 106.869234 -6.349427, 106.869086 -6.349332, 106.86906 -6.349232, 106.869088 -6.349108, 106.869064 -6.349018, 106.869031 -6.348955, 106.868994 -6.348907, 106.868889 -6.348819, 106.868815 -6.348723, 106.868768 -6.348607, 106.868769 -6.348542, 106.868781 -6.348482, 106.868814 -6.348443, 106.86889 -6.348422, 106.86897 -6.348456, 106.869067 -6.348495, 106.869184 -6.34845, 106.869268 -6.348398, 106.869308 -6.348334, 106.869392 -6.348262, 106.86959 -6.348134, 106.869692 -6.348062, 106.869754 -6.348078, 106.869826 -6.34816, 106.86988 -6.348184, 106.86989 -6.348078, 106.86988 -6.347939, 106.86985 -6.347846, 106.869869 -6.347697, 106.869877 -6.347483, 106.869845 -6.347337, 106.86976 -6.347249, 106.869702 -6.347167, 106.869687 -6.347121, 106.869695 -6.347075, 106.869751 -6.347036, 106.869861 -6.347012, 106.869968 -6.347033, 106.870169 -6.347046, 106.870298 -6.34706, 106.870419 -6.347028, 106.870475 -6.34694, 106.870518 -6.346793, 106.870513 -6.346686, 106.870438 -6.346612, 106.870344 -6.346526, 106.87032 -6.346374, 106.8704 -6.346302, 106.870569 -6.346244, 106.870636 -6.346257, 106.870741 -6.346257, 106.870993 -6.346094, 106.871076 -6.34602, 106.871213 -6.345993, 106.871317 -6.345956, 106.871427 -6.345764, 106.871398 -6.345697, 106.871425 -6.345647, 106.871513 -6.345697, 106.871655 -6.345799, 106.871763 -6.345815, 106.871854 -6.34574))"
river,Kali Cipinang,"LINESTRING (106.871854 -6.34574, 106.872012 -6.345513, 106.872125 -6.34534, 106.872739 -6.344722, 106.872819 -6.344548, 106.872827 -6.344386, 106.872884 -6.34429, 106.873259 -6.343749, 106.873267 -6.343631, 106.87324 -6.343533, 106.87305 -6.343466, 106.872943 -6.343439, 106.872776 -6.343527, 106.872613 -6.343631, 106.872522 -6.343647, 106.87243 -6.343605, 106.87227 -6.343453, 106.872181 -6.343338)"
drain,,"LINESTRING (106.866715 -6.340044, 106.866696 -6.339981, 106.866682 -6.339757, 106.866663 -6.339603, 106.866622 -6.339467, 106.86657 -6.339334, 106.866463 -6.33915, 106.866332 -6.338959, 106.866215 -6.338807, 106.866208 -6.33876, 106.866129 -6.338626, 106.866001 -6.338448)"
drain,,"LINESTRING (106.866001 -6.338448, 106.865982 -6.338412)"
drain,,"LINESTRING (106.865982 -6.338412, 106.86596 -6.338373)"
drain,,"LINESTRING (106.86596 -6.338373, 106.865948 -6.33835)"
drain,,"LINESTRING (106.865948 -6.33835, 106.865874 -6.338272, 106.865792 -6.33821, 106.86572 -6.338154, 106.865653 -6.338088, 106.865628 -6.33801, 106.865608 -6.337936, 106.865614 -6.33781, 106.865606 -6.337687, 106.865572 -6.337563, 106.865579 -6.337407, 106.865643 -6.337325, 106.86571 -6.337183, 106.865769 -6.336946, 106.865793 -6.336793, 106.865761 -6.33676, 106.865628 -6.336734, 106.865493 -6.336674, 106.865422 -6.336605, 106.865423 -6.336505, 106.865454 -6.336346, 106.865539 -6.336188, 106.865662 -6.336094, 106.865726 -6.335968, 106.865791 -6.335836, 106.86585 -6.335661, 106.865847 -6.335573, 106.865832 -6.335425, 106.865811 -6.335324, 106.865787 -6.335252, 106.865779 -6.335111, 106.865783 -6.334997, 106.865771 -6.334952, 106.86574 -6.334844, 106.865693 -6.334748, 106.865619 -6.33466, 106.865513 -6.33459, 106.865375 -6.334535, 106.865248 -6.334475, 106.865168 -6.334431, 106.865062 -6.334304, 106.864924 -6.334188, 106.864801 -6.334066, 106.864706 -6.333978, 106.86456 -6.333748, 106.864474 -6.33367, 106.864365 -6.333619, 106.864258 -6.33359, 106.864232 -6.333531, 106.864211 -6.333455, 106.864148 -6.333427, 106.86408 -6.333428, 106.864012 -6.333386, 106.86394 -6.33332, 106.863891 -6.33326, 106.863827 -6.333172, 106.863759 -6.333103, 106.863717 -6.333034, 106.863701 -6.33295, 106.863696 -6.332876, 106.863676 -6.332798, 106.863609 -6.332692, 106.863545 -6.332622, 106.86345 -6.332546, 106.863392 -6.3325, 106.863332 -6.332442, 106.863182 -6.332285)"
river,,"MULTILINESTRING ((106.851724 -6.341912, 106.851763 -6.341737, 106.851783 -6.341591, 106.85178 -6.341578), (106.851776 -6.341559, 106.851758 -6.341468, 106.851633 -6.341307, 106.851564 -6.341252, 106.851397 -6.341191, 106.851301 -6.341178), (106.851139 -6.341139, 106.85093 -6.341071, 106.850823 -6.341016, 106.850718 -6.340937, 106.850622 -6.340782, 106.850549 -6.340614, 106.850489 -6.340595, 106.850314 -6.34044, 106.850138 -6.34028, 106.850086 -6.340206, 106.850042 -6.340138, 106.850058 -6.340023, 106.850141 -6.339783, 106.850248 -6.339699, 106.850256 -6.339687), (106.850407 -6.339254, 106.850458 -6.33909, 106.850548 -6.338874, 106.850726 -6.338892, 106.85083 -6.338936, 106.851024 -6.338989, 106.851092 -6.339001, 106.851163 -6.338988, 106.851223 -6.338937, 106.851376 -6.338802, 106.851445 -6.338762, 106.851515 -6.338735, 106.851638 -6.338861, 106.851794 -6.338705, 106.851927 -6.338564, 106.852052 -6.338399, 106.852135 -6.338264, 106.852123 -6.338171, 106.852138 -6.33815, 106.852166 -6.338099, 106.852194 -6.338058, 106.852276 -6.338025, 106.85232 -6.337979, 106.852313 -6.337905, 106.852278 -6.337835, 106.852275 -6.337737, 106.852207 -6.337627, 106.852096 -6.337482, 106.851955 -6.337423, 106.851819 -6.337387, 106.851686 -6.337333, 106.851596 -6.33728, 106.851548 -6.337214, 106.851486 -6.337119, 106.851443 -6.336968, 106.851497 -6.336916, 106.851573 -6.336856, 106.8516 -6.336761, 106.851614 -6.336653, 106.851559 -6.336577, 106.851495 -6.336537, 106.851422 -6.336544, 106.851369 -6.336589, 106.851121 -6.336709, 106.850952 -6.336738, 106.850727 -6.336784, 106.850554 -6.336836, 106.850507 -6.336829, 106.850456 -6.336776, 106.850351 -6.336685, 106.85031 -6.336646, 106.850298 -6.336591, 106.850318 -6.33654, 106.850376 -6.336465, 106.85041 -6.33644, 106.850486 -6.336353, 106.850556 -6.336189, 106.850573 -6.336096, 106.850446 -6.336145, 106.850265 -6.336216, 106.850194 -6.336208, 106.850119 -6.336125, 106.850044 -6.336086, 106.849895 -6.336104, 106.849661 -6.336143, 106.849546 -6.336152, 106.849508 -6.336099, 106.849433 -6.335904, 106.849353 -6.335686, 106.849246 -6.335466, 106.849155 -6.33526, 106.849116 -6.33512, 106.849142 -6.334994, 106.84919 -6.334952, 106.849276 -6.334909, 106.849343 -6.334841, 106.849396 -6.334769, 106.849435 -6.334676, 106.849482 -6.334572, 106.849538 -6.334449, 106.849601 -6.334306, 106.849574 -6.334273, 106.849557 -6.334192, 106.849548 -6.334122, 106.849514 -6.334094, 106.849349 -6.334048, 106.849206 -6.33407, 106.849017 -6.334034, 106.848912 -6.334052, 106.848603 -6.334125, 106.848491 -6.334174, 106.848383 -6.334182, 106.848217 -6.334197, 106.848134 -6.334161, 106.848094 -6.334039, 106.848088 -6.333948, 106.84807 -6.333787, 106.848038 -6.333633, 106.847992 -6.333503, 106.847987 -6.333396, 106.847998 -6.333272, 106.848023 -6.333193, 106.848059 -6.33313, 106.848058 -6.333083, 106.848024 -6.33306, 106.847914 -6.333052, 106.847845 -6.333053, 106.847711 -6.333083, 106.847583 -6.333113, 106.847472 -6.333145, 106.84737 -6.33314, 106.84722 -6.333134, 106.847146 -6.33311, 106.847098 -6.333065, 106.847024 -6.332966, 106.846955 -6.332832, 106.846971 -6.332694, 106.84702 -6.332585, 106.847034 -6.332445, 106.847028 -6.332264, 106.84701 -6.332092, 106.846992 -6.332021, 106.847019 -6.331936, 106.847075 -6.331894, 106.847146 -6.331866, 106.84725 -6.331842, 106.84727 -6.331773, 106.847255 -6.331713, 106.847189 -6.331651, 106.847071 -6.331597, 106.846971 -6.33156, 106.846871 -6.331466, 106.846777 -6.331358, 106.846738 -6.331309, 106.846706 -6.33122, 106.846658 -6.331154, 106.846634 -6.331121, 106.846618 -6.331087, 106.846609 -6.331045, 106.846646 -6.330865, 106.846656 -6.33081, 106.846706 -6.330733, 106.84688 -6.330619, 106.846981 -6.330543, 106.847024 -6.330482, 106.847095 -6.330439, 106.847266 -6.330352, 106.8473 -6.330287, 106.847237 -6.330207, 106.847227 -6.330138, 106.847312 -6.330015, 106.847379 -6.329867, 106.847356 -6.329818, 106.847312 -6.329802, 106.847257 -6.329796, 106.847172 -6.329828, 106.847172 -6.329751, 106.847182 -6.329602, 106.847183 -6.329458, 106.847148 -6.329289, 106.847045 -6.329167, 106.84691 -6.329054, 106.846778 -6.328964, 106.846721 -6.328953, 106.846666 -6.328914, 106.846628 -6.328837, 106.846557 -6.32871, 106.846508 -6.328622, 106.846498 -6.328573, 106.846496 -6.328531, 106.84649 -6.328464, 106.846466 -6.328354, 106.846463 -6.328116, 106.846472 -6.328028, 106.846511 -6.327916, 106.846604 -6.327816, 106.846658 -6.327757, 106.846742 -6.327674, 106.846875 -6.327549, 106.846986 -6.327423, 106.847046 -6.327386, 106.847083 -6.327338, 106.847096 -6.32726, 106.8471 -6.32716, 106.847092 -6.327022, 106.847125 -6.326912, 106.847134 -6.326855, 106.847196 -6.326807, 106.847314 -6.326743, 106.847381 -6.326724, 106.84743 -6.326734, 106.847459 -6.326739, 106.847506 -6.326732, 106.84757 -6.326696, 106.847662 -6.326639, 106.847715 -6.326584, 106.847743 -6.326447, 106.847734 -6.326341, 106.847721 -6.326283, 106.847691 -6.326201, 106.847612 -6.326088, 106.847589 -6.325959, 106.847574 -6.32584, 106.847569 -6.325692, 106.847514 -6.325583, 106.847455 -6.325513, 106.847393 -6.325451, 106.847346 -6.325353, 106.84733 -6.325247, 106.847318 -6.325184, 106.847279 -6.325013, 106.847217 -6.324872, 106.847192 -6.324786, 106.847201 -6.324726, 106.847272 -6.324698, 106.847354 -6.324625, 106.847442 -6.324545, 106.847518 -6.324486, 106.847545 -6.324479, 106.847572 -6.324494, 106.847626 -6.324547, 106.847773 -6.324699, 106.84791 -6.324839, 106.84799 -6.324855, 106.848092 -6.324769, 106.848284 -6.324416, 106.848432 -6.324015, 106.848547 -6.323754, 106.848516 -6.323491, 106.848434 -6.323264, 106.8485 -6.323106, 106.848587 -6.322952, 106.84864 -6.322806, 106.848664 -6.322704, 106.848763 -6.322546, 106.849059 -6.321996, 106.849174 -6.32187, 106.849313 -6.321726, 106.849449 -6.321656))"
drain,,"LINESTRING (106.863182 -6.332285, 106.863153 -6.332236)"
drain,,"LINESTRING (106.863153 -6.332236, 106.863121 -6.332182, 106.863061 -6.332029, 106.863023 -6.331918, 106.862998 -6.331824, 106.862994 -6.331726, 106.862923 -6.331593, 106.862856 -6.331529, 106.862742 -6.331481, 106.862696 -6.331456, 106.862654 -6.331425)"
drain,,"LINESTRING (106.862654 -6.331425, 106.862538 -6.331369)"
drain,,"LINESTRING (106.862538 -6.331369, 106.862498 -6.331381, 106.862401 -6.331301, 106.862257 -6.331184, 106.862216 -6.331132, 106.862197 -6.331093, 106.862212 -6.330959, 106.862223 -6.33081, 106.86222 -6.330771, 106.862207 -6.330733, 106.862126 -6.330616, 106.862082 -6.330534, 106.862041 -6.330424, 106.862027 -6.330325, 106.862006 -6.33022, 106.861957 -6.330056, 106.861917 -6.329938, 106.861884 -6.329841, 106.861876 -6.329757, 106.861856 -6.32971, 106.861797 -6.32969, 106.861752 -6.329649, 106.861579 -6.32945, 106.861504 -6.329378, 106.861397 -6.329271, 106.861288 -6.329179, 106.861204 -6.329117, 106.861157 -6.329066, 106.861116 -6.328986, 106.861061 -6.328826, 106.861051 -6.328773, 106.861023 -6.3287, 106.860943 -6.328569, 106.860863 -6.328413, 106.860827 -6.328273, 106.860804 -6.328137, 106.860836 -6.328025, 106.860876 -6.327884, 106.860871 -6.327841, 106.860869 -6.327779, 106.860873 -6.327744, 106.860875 -6.327717, 106.860814 -6.327636, 106.860757 -6.327533, 106.860735 -6.327488, 106.860753 -6.327345, 106.86077 -6.327228, 106.860746 -6.327161, 106.860687 -6.32715, 106.860639 -6.327141, 106.860615 -6.327113, 106.860608 -6.326988, 106.86064 -6.326784, 106.860624 -6.326773, 106.860569 -6.32677, 106.860482 -6.326785, 106.860378 -6.326788, 106.860234 -6.326756, 106.860166 -6.326725, 106.860132 -6.326686, 106.860087 -6.326603, 106.860114 -6.326489, 106.860184 -6.326412, 106.860248 -6.326304, 106.860255 -6.326226, 106.860248 -6.326115, 106.860241 -6.326038, 106.860217 -6.325974, 106.860202 -6.325871, 106.860204 -6.325755, 106.860197 -6.325664, 106.860214 -6.325576, 106.860237 -6.325502, 106.860245 -6.325419, 106.860252 -6.325316, 106.860261 -6.325231, 106.860256 -6.325194, 106.860249 -6.325127, 106.860208 -6.325027, 106.860173 -6.324917, 106.860135 -6.324825, 106.860134 -6.324735, 106.860149 -6.324621, 106.860155 -6.324551, 106.860146 -6.324481, 106.86009 -6.324355, 106.860067 -6.324306, 106.860016 -6.324251, 106.859958 -6.324194, 106.859934 -6.324054, 106.859913 -6.323926, 106.859909 -6.323801, 106.859922 -6.323724, 106.859922 -6.323633, 106.859896 -6.323534, 106.859899 -6.323472, 106.859903 -6.32338, 106.859892 -6.323318, 106.859852 -6.32327, 106.859781 -6.323206, 106.859738 -6.323137, 106.859727 -6.323046, 106.85971 -6.322974, 106.859684 -6.322865, 106.859663 -6.322766, 106.859662 -6.322669, 106.859647 -6.322628, 106.859614 -6.322568, 106.859602 -6.322484, 106.859587 -6.322383, 106.859569 -6.322285, 106.859563 -6.322176, 106.859569 -6.32204, 106.859614 -6.321957, 106.859679 -6.321911, 106.859722 -6.321873, 106.859789 -6.32182, 106.859807 -6.321756, 106.859791 -6.321606, 106.859784 -6.32152, 106.85976 -6.321474, 106.859717 -6.321371, 106.859689 -6.321276, 106.859678 -6.321171, 106.859687 -6.321086, 106.859708 -6.320952, 106.859726 -6.32085, 106.859677 -6.32065, 106.85966 -6.320606, 106.859604 -6.320492, 106.859559 -6.32042, 106.859478 -6.320315, 106.859441 -6.320267, 106.859426 -6.320171, 106.859417 -6.320091, 106.859423 -6.320018, 106.859443 -6.319942, 106.859463 -6.319877, 106.859506 -6.319777, 106.859555 -6.319681, 106.859587 -6.319591, 106.859617 -6.319417, 106.859626 -6.3193, 106.859646 -6.319178, 106.859635 -6.31912, 106.859624 -6.31908, 106.859586 -6.31901, 106.859541 -6.318975, 106.859462 -6.318952, 106.85941 -6.318938, 106.85939 -6.318935, 106.859328 -6.318882, 106.859286 -6.318794, 106.859289 -6.318749, 106.859321 -6.318678, 106.859318 -6.31863, 106.859308 -6.318561, 106.859237 -6.318384, 106.859234 -6.31835, 106.859222 -6.318206, 106.859219 -6.31813, 106.859196 -6.318077, 106.859074 -6.317952, 106.858962 -6.31784, 106.858935 -6.317764, 106.858946 -6.317511, 106.85896 -6.317232, 106.858938 -6.317067, 106.858935 -6.316856)"
river,Kalibaru,"LINESTRING (106.865401 -6.349566, 106.865688 -6.34915, 106.865793 -6.348981, 106.865858 -6.348781, 106.865954 -6.348646, 106.866024 -6.348457, 106.866099 -6.348272, 106.8662 -6.348057, 106.866295 -6.347848, 106.866335 -6.347723, 106.866376 -6.347658, 106.866521 -6.347369, 106.866637 -6.34702, 106.866692 -6.346915, 106.866807 -6.34666, 106.866913 -6.346431, 106.866978 -6.346271, 106.867094 -6.346066, 106.867159 -6.345862, 106.867239 -6.345657, 106.86732 -6.345547, 106.867505 -6.345138, 106.867736 -6.344739, 106.867947 -6.344285, 106.868053 -6.344006, 106.868424 -6.343417, 106.868655 -6.343052, 106.868766 -6.342808, 106.868896 -6.342518, 106.869037 -6.342274, 106.869142 -6.342009, 106.869167 -6.341765, 106.869177 -6.341206, 106.869087 -6.340772, 106.869032 -6.340522, 106.868881 -6.339908, 106.868695 -6.339454, 106.868575 -6.339105, 106.868449 -6.338756, 106.868389 -6.338601, 106.868389 -6.338541, 106.868369 -6.338302, 106.868271 -6.338058, 106.868222 -6.337727, 106.868133 -6.337259, 106.868025 -6.336976, 106.867898 -6.336625, 106.86778 -6.336294, 106.867692 -6.335806, 106.867604 -6.335095, 106.867563 -6.334826, 106.867564 -6.334442, 106.867545 -6.33414, 106.867551 -6.333936, 106.867529 -6.333624, 106.867496 -6.333331, 106.867448 -6.333108, 106.867378 -6.332746, 106.867392 -6.33242, 106.867382 -6.332137, 106.867327 -6.331914, 106.867208 -6.331744, 106.867036 -6.331506, 106.866931 -6.331163, 106.866835 -6.330863, 106.86676 -6.330701, 106.866617 -6.330441, 106.866392 -6.330166, 106.866137 -6.329899, 106.8659 -6.329702, 106.865653 -6.329522, 106.865339 -6.329146, 106.865142 -6.328956, 106.864929 -6.328713, 106.864619 -6.328356, 106.864359 -6.328019, 106.864021 -6.327648, 106.863779 -6.3272, 106.863622 -6.326703, 106.863632 -6.326099, 106.86373 -6.32566, 106.863877 -6.324958, 106.864103 -6.324403, 106.86425 -6.323984, 106.864348 -6.323652, 106.864534 -6.322756, 106.864887 -6.321352, 106.86491 -6.320997, 106.864894 -6.320596, 106.864876 -6.320279, 106.864815 -6.319984, 106.864701 -6.319562, 106.864584 -6.319127, 106.864446 -6.318623, 106.864289 -6.318058, 106.864142 -6.317522, 106.863887 -6.317024, 106.86374 -6.316781, 106.863358 -6.315933, 106.863132 -6.315319, 106.862916 -6.314695, 106.86275 -6.31412, 106.862671 -6.313866, 106.862573 -6.313272, 106.862465 -6.312677, 106.862328 -6.311927, 106.862205 -6.31074, 106.862308 -6.310289, 106.862779 -6.309714, 106.863299 -6.308983, 106.863416 -6.308691, 106.863544 -6.308476, 106.863662 -6.308223, 106.863772 -6.308012, 106.863789 -6.307979, 106.86389 -6.307778, 106.863936 -6.307687, 106.864812 -6.306268, 106.8651 -6.3058, 106.865964 -6.304163, 106.866943 -6.302959, 106.86732 -6.302576, 106.868176 -6.301342, 106.868357 -6.301171, 106.869951 -6.299382, 106.870252 -6.298963, 106.87042 -6.298679, 106.870508 -6.298483, 106.870628 -6.298324, 106.87089 -6.297771, 106.871093 -6.297285, 106.871271 -6.296792, 106.87136 -6.296602, 106.871513 -6.296157, 106.871768 -6.295024, 106.871988 -6.293821)"
drain,,"LINESTRING (106.859234 -6.31835, 106.859364 -6.318392, 106.859432 -6.318436, 106.859508 -6.318453, 106.859596 -6.31847, 106.859644 -6.318482, 106.859712 -6.318493, 106.859757 -6.318479)"
drain,,"LINESTRING (106.880782 -6.328752, 106.880673 -6.328768)"
river,Kali Cipinang,"LINESTRING (106.881444 -6.324348, 106.881375 -6.324162, 106.88142 -6.324056, 106.881458 -6.323749, 106.881512 -6.323635, 106.881517 -6.323573, 106.881472 -6.323312, 106.881466 -6.323227, 106.881434 -6.323147, 106.881383 -6.323091, 106.881281 -6.322982, 106.881131 -6.322699, 106.881107 -6.322664, 106.881016 -6.322531, 106.880981 -6.322448, 106.880922 -6.322384, 106.880833 -6.322382, 106.880763 -6.322422, 106.880704 -6.322448, 106.880632 -6.322443, 106.880573 -6.322398, 106.880506 -6.322379, 106.880428 -6.322411, 106.880364 -6.32248, 106.880324 -6.322587, 106.880278 -6.322638, 106.880208 -6.322696, 106.880133 -6.322691, 106.880079 -6.322627, 106.880077 -6.322544, 106.880098 -6.322451, 106.88012 -6.322342, 106.880149 -6.322272, 106.880117 -6.322179, 106.880028 -6.322015, 106.879945 -6.321867, 106.87994 -6.321807, 106.879918 -6.321763, 106.879866 -6.321678, 106.879786 -6.321598, 106.879772 -6.321595, 106.879694 -6.321581, 106.87956 -6.321555, 106.879477 -6.321529, 106.879437 -6.321491, 106.879404 -6.321439, 106.879402 -6.321393, 106.879442 -6.321339, 106.879496 -6.321309, 106.879575 -6.321286, 106.879677 -6.321277, 106.879766 -6.321271, 106.879855 -6.321231, 106.879922 -6.321145, 106.879903 -6.320956, 106.879903 -6.320732, 106.879884 -6.320647, 106.879887 -6.320567, 106.879914 -6.3205, 106.880008 -6.320463, 106.880104 -6.320476, 106.880324 -6.320458, 106.880434 -6.320447, 106.880625 -6.320346, 106.880676 -6.320311, 106.880826 -6.320255, 106.88092 -6.320178, 106.880938 -6.320103, 106.880871 -6.320026, 106.88081 -6.319988, 106.880702 -6.319927, 106.880563 -6.319831, 106.880547 -6.319799, 106.880568 -6.319748, 106.880633 -6.319695, 106.880743 -6.319703, 106.880855 -6.319735, 106.88107 -6.319735, 106.881139 -6.319646, 106.881206 -6.319564, 106.881217 -6.319476, 106.881222 -6.319396, 106.881219 -6.319308, 106.881127 -6.319243, 106.881018 -6.31918, 106.880777 -6.31906, 106.880749 -6.319056, 106.880675 -6.319024, 106.88058 -6.318932, 106.880529 -6.318893, 106.880456 -6.318823, 106.880444 -6.318765, 106.880468 -6.318656, 106.880472 -6.318536, 106.880486 -6.318478, 106.880492 -6.318327, 106.88051 -6.318298, 106.880542 -6.318271, 106.880578 -6.318234, 106.880608 -6.318158, 106.880609 -6.318127, 106.880594 -6.318079, 106.880576 -6.318059, 106.880541 -6.31801, 106.880547 -6.317952, 106.88062 -6.317854, 106.88068 -6.317769, 106.880788 -6.317648, 106.880946 -6.31748, 106.881032 -6.317386, 106.881066 -6.317334, 106.881105 -6.317261, 106.881215 -6.317165, 106.881306 -6.317083, 106.881431 -6.316976, 106.881489 -6.316921, 106.881551 -6.316851, 106.881659 -6.316772, 106.881742 -6.316716, 106.881847 -6.3166, 106.881925 -6.316519, 106.882012 -6.316511, 106.882135 -6.316529, 106.882334 -6.316572, 106.882412 -6.316583, 106.882469 -6.316557, 106.88248 -6.316473, 106.882475 -6.316289, 106.882452 -6.31617, 106.882479 -6.316051, 106.882514 -6.315975, 106.882578 -6.315918, 106.882686 -6.315824, 106.88275 -6.315692, 106.882795 -6.315594, 106.882804 -6.315474, 106.882798 -6.315355, 106.882799 -6.315241, 106.882795 -6.314974, 106.882791 -6.314906, 106.882804 -6.314864, 106.882851 -6.314821, 106.882965 -6.314817, 106.883048 -6.314809, 106.88308 -6.314766, 106.883098 -6.314705, 106.883108 -6.314603, 106.883136 -6.314584, 106.883214 -6.314531, 106.883253 -6.314499, 106.883241 -6.31444, 106.883168 -6.314414, 106.883069 -6.314396, 106.883041 -6.314386, 106.883001 -6.314343, 106.882994 -6.314274, 106.883033 -6.314204, 106.883108 -6.314146, 106.883179 -6.314016, 106.883156 -6.313899, 106.883152 -6.31378, 106.883148 -6.31369, 106.883129 -6.313546, 106.883076 -6.313273)"
river,,"LINESTRING (106.898079 -6.319159, 106.898111 -6.31911, 106.898133 -6.319064, 106.898155 -6.319014, 106.898166 -6.318983, 106.898174 -6.318941, 106.8982 -6.318903, 106.898219 -6.318887, 106.89825 -6.318877, 106.898279 -6.318875, 106.898343 -6.318885, 106.898394 -6.318882, 106.898412 -6.318871, 106.898426 -6.318854, 106.898447 -6.318825, 106.898465 -6.318802, 106.898508 -6.318777, 106.89856 -6.318746, 106.898592 -6.318715, 106.898622 -6.318663, 106.898647 -6.318599, 106.898672 -6.31854, 106.8987 -6.318496, 106.898726 -6.318464, 106.898767 -6.318409, 106.898828 -6.31838, 106.898885 -6.318369, 106.898954 -6.318362, 106.899053 -6.31836, 106.89912 -6.318365, 106.899208 -6.318366, 106.899261 -6.318374, 106.899314 -6.318389, 106.899351 -6.318392, 106.899381 -6.318358, 106.899412 -6.318331, 106.899434 -6.318286)"
river,,"LINESTRING (106.899434 -6.318286, 106.899485 -6.318233)"
river,,"LINESTRING (106.899485 -6.318233, 106.899512 -6.318145, 106.899563 -6.317907, 106.899589 -6.317831, 106.899687 -6.317584, 106.899751 -6.317492, 106.899819 -6.317418, 106.899921 -6.317293, 106.899986 -6.317204, 106.900046 -6.317137, 106.900081 -6.317052, 106.900125 -6.316894, 106.900304 -6.316478, 106.900344 -6.316361, 106.900374 -6.316299, 106.900434 -6.316217, 106.90047 -6.316195, 106.900506 -6.316173, 106.900571 -6.316139, 106.900602 -6.31612, 106.90069 -6.316075, 106.900721 -6.316056, 106.900791 -6.316034, 106.900877 -6.315983, 106.900992 -6.315955, 106.901069 -6.315921, 106.901129 -6.315904, 106.901184 -6.315892, 106.901269 -6.315873, 106.901315 -6.315832, 106.901319 -6.315783, 106.901316 -6.315651, 106.901308 -6.315526, 106.901308 -6.315444, 106.90133 -6.315374, 106.901382 -6.315333, 106.901522 -6.315293, 106.901681 -6.315279, 106.901841 -6.315302, 106.901902 -6.315332, 106.901956 -6.315379, 106.902045 -6.315473, 106.902094 -6.3155, 106.902154 -6.31552, 106.90231 -6.31553, 106.902498 -6.315558, 106.902656 -6.315565, 106.902763 -6.315563, 106.902879 -6.315586, 106.902979 -6.315579, 106.903074 -6.315552, 106.903156 -6.315474, 106.903227 -6.315437, 106.903404 -6.31536, 106.903463 -6.315367, 106.903689 -6.315465, 106.903785 -6.315517, 106.903842 -6.315516, 106.903961 -6.315434, 106.904135 -6.315309, 106.904212 -6.315249)"
river,Kali Cipinang,"LINESTRING (106.883076 -6.313273, 106.882994 -6.312916)"
river,Kali Cipinang,"LINESTRING (106.882994 -6.312916, 106.882972 -6.312764, 106.882974 -6.312598, 106.883026 -6.312415, 106.883134 -6.312107, 106.883165 -6.311962, 106.883165 -6.311767, 106.883083 -6.311498, 106.883027 -6.311234, 106.882931 -6.310934, 106.882869 -6.310729, 106.882799 -6.31058, 106.882571 -6.310618, 106.88241 -6.310649, 106.882263 -6.310684, 106.882104 -6.310708, 106.881963 -6.31065, 106.881884 -6.310581, 106.881842 -6.310428, 106.881847 -6.310263, 106.881765 -6.310042, 106.881639 -6.309892, 106.881498 -6.309833, 106.881285 -6.309757, 106.881159 -6.309611, 106.8811 -6.309479, 106.881105 -6.30928, 106.881166 -6.308812, 106.881144 -6.308639, 106.881084 -6.30845, 106.880942 -6.30825, 106.880844 -6.308147, 106.880771 -6.308094, 106.880545 -6.307833, 106.880454 -6.307724, 106.880418 -6.307614, 106.880316 -6.30751, 106.880234 -6.307478, 106.879598 -6.307358, 106.879456 -6.307287, 106.879401 -6.307146)"
river,,"LINESTRING (106.879401 -6.307146, 106.879247 -6.306226)"
river,Kali Cipinang,"LINESTRING (106.879247 -6.306226, 106.879259 -6.305482, 106.879249 -6.305403, 106.879136 -6.305264, 106.878756 -6.305083, 106.878342 -6.305109, 106.878224 -6.305067, 106.878181 -6.304939, 106.878176 -6.304779, 106.878127 -6.304352, 106.878112 -6.304161, 106.877779 -6.303984, 106.877494 -6.303888, 106.877522 -6.303771, 106.877403 -6.303718, 106.87736 -6.303627, 106.877371 -6.303483, 106.877457 -6.303366, 106.877382 -6.303222, 106.877307 -6.302811, 106.877264 -6.302582, 106.877226 -6.302347, 106.87714 -6.302262, 106.876813 -6.302129, 106.876336 -6.301814)"
river,Kali Cipinang,"LINESTRING (106.876336 -6.301814, 106.87618 -6.301773, 106.875987 -6.301665, 106.875848 -6.301637, 106.875773 -6.301724, 106.87579 -6.301988, 106.875744 -6.302035, 106.875421 -6.302005, 106.875252 -6.302209, 106.87508 -6.302228, 106.874921 -6.30219, 106.87489 -6.302113, 106.874947 -6.302033, 106.875016 -6.301926, 106.875009 -6.301802, 106.874962 -6.301725, 106.87485 -6.301659, 106.874624 -6.30159, 106.874539 -6.301452, 106.874549 -6.30134, 106.874582 -6.301105, 106.874648 -6.300921)"
canal,Kali Baru Barat,"LINESTRING (106.835002 -6.331918, 106.835 -6.331714)"
canal,Kali Baru Barat,"LINESTRING (106.835 -6.331714, 106.834999 -6.331592, 106.834996 -6.331478, 106.83498 -6.331363, 106.834926 -6.331163, 106.834833 -6.330899, 106.83468 -6.330598, 106.834565 -6.330391, 106.834226 -6.329708, 106.833939 -6.329121, 106.833781 -6.328841, 106.833763 -6.328791, 106.833722 -6.328724, 106.833677 -6.328639, 106.833631 -6.328545, 106.833579 -6.328479, 106.833525 -6.328335, 106.833469 -6.328234, 106.833455 -6.328178, 106.833445 -6.328082, 106.833439 -6.327972, 106.833436 -6.327818, 106.833445 -6.327687, 106.833455 -6.327559, 106.833455 -6.327012, 106.833445 -6.326932, 106.833428 -6.32677, 106.833434 -6.326677, 106.833434 -6.326578, 106.83345 -6.326498, 106.83345 -6.326423, 106.833439 -6.326255, 106.83344 -6.326141, 106.833455 -6.32601, 106.833482 -6.325885, 106.833579 -6.325536, 106.833622 -6.325437, 106.833684 -6.325352, 106.833874 -6.325077, 106.834188 -6.324573, 106.834322 -6.324347, 106.834486 -6.324129, 106.834552 -6.324005, 106.834579 -6.323928, 106.834644 -6.32375, 106.834719 -6.323598, 106.834815 -6.323464, 106.83492 -6.323318, 106.835092 -6.323094, 106.835598 -6.322427, 106.835692 -6.32227, 106.835743 -6.322174, 106.835802 -6.322006, 106.835872 -6.321641, 106.835907 -6.321468, 106.835923 -6.321332, 106.83592 -6.321236, 106.835899 -6.321119, 106.835848 -6.321009, 106.835676 -6.320806, 106.835526 -6.320588, 106.835494 -6.320476, 106.835442 -6.320084)"
canal,Kali Baru Barat,"LINESTRING (106.835442 -6.320084, 106.835438 -6.320046)"
drain,,"LINESTRING (106.821009 -6.316106, 106.820605 -6.316178, 106.820503 -6.316176)"
drain,,"LINESTRING (106.821592 -6.315726, 106.821772 -6.315637, 106.821814 -6.315615)"
canal,Kali Baru Barat,"LINESTRING (106.835438 -6.320046, 106.835435 -6.320025, 106.835317 -6.319588, 106.835287 -6.319407, 106.835191 -6.318815, 106.835199 -6.318659, 106.83521 -6.318396, 106.835268 -6.317978, 106.835349 -6.317391, 106.835432 -6.317175, 106.835574 -6.316946, 106.835853 -6.316327, 106.835913 -6.31616, 106.835912 -6.316054, 106.835888 -6.315962, 106.835893 -6.315853, 106.835948 -6.315536, 106.836041 -6.31496, 106.836089 -6.314816, 106.836131 -6.314623, 106.836188 -6.314407, 106.836202 -6.313931, 106.836229 -6.313688, 106.836303 -6.313391, 106.836309 -6.312958, 106.836374 -6.312708, 106.836498 -6.312221, 106.836639 -6.311148, 106.836679 -6.310785, 106.836657 -6.310594, 106.836658 -6.310367, 106.836714 -6.309929, 106.836795 -6.309592, 106.836942 -6.308962, 106.836988 -6.308746, 106.83705 -6.308503, 106.83712 -6.30808, 106.837151 -6.307749, 106.83717 -6.307551, 106.837213 -6.307239, 106.837224 -6.307002, 106.837194 -6.30673, 106.837178 -6.306562, 106.837198 -6.306405, 106.837218 -6.306274, 106.837278 -6.305965, 106.837287 -6.305838, 106.837314 -6.30563, 106.837319 -6.30554, 106.837321 -6.305453, 106.83732 -6.305332, 106.83731 -6.305217, 106.837302 -6.305114, 106.837255 -6.304677, 106.837249 -6.304597, 106.837284 -6.304333, 106.837295 -6.304248, 106.837295 -6.304126, 106.837276 -6.304003, 106.837263 -6.303862, 106.837217 -6.303614, 106.837196 -6.303504, 106.837198 -6.303323, 106.837188 -6.303206, 106.837158 -6.303092, 106.837117 -6.302962, 106.837042 -6.302866, 106.836998 -6.302816, 106.836945 -6.302779, 106.836879 -6.302717, 106.836836 -6.302666, 106.836784 -6.302589, 106.83675 -6.30251, 106.836727 -6.302434, 106.836714 -6.302286, 106.836688 -6.302149, 106.836677 -6.302102)"
canal,Kali Baru Barat,"LINESTRING (106.836677 -6.302102, 106.836501 -6.301356, 106.836489 -6.301307)"
river,,"LINESTRING (106.832095 -6.290004, 106.832149 -6.289865, 106.832291 -6.289674, 106.832439 -6.289428, 106.832589 -6.28914, 106.83284 -6.28913)"
river,,"LINESTRING (106.83284 -6.28913, 106.832906 -6.289124)"
drain,,"LINESTRING (106.84782 -6.288439, 106.84792 -6.288369, 106.848096 -6.288306, 106.848134 -6.288257, 106.848326 -6.288223, 106.848497 -6.288044)"
river,,"LINESTRING (106.849449 -6.321656, 106.849654 -6.322009, 106.849713 -6.322081, 106.850009 -6.322106, 106.850141 -6.322124, 106.850197 -6.32213, 106.850237 -6.322128, 106.850266 -6.322015, 106.850304 -6.321877, 106.850312 -6.321569, 106.850335 -6.321475, 106.850405 -6.321428, 106.850536 -6.321387, 106.850681 -6.32137, 106.850764 -6.321388, 106.850836 -6.321424, 106.850951 -6.321502, 106.851011 -6.321575, 106.851059 -6.321666, 106.851243 -6.321969, 106.851327 -6.322055, 106.851366 -6.322083, 106.851421 -6.322095, 106.851494 -6.322069, 106.851583 -6.321985, 106.851692 -6.321915, 106.851786 -6.321881, 106.851838 -6.321862, 106.851904 -6.321786, 106.851955 -6.321582, 106.851975 -6.321311, 106.851972 -6.321079, 106.851808 -6.321001, 106.851598 -6.32091, 106.851453 -6.320774, 106.851408 -6.320592, 106.851421 -6.320392, 106.851526 -6.320256, 106.85168 -6.320156, 106.851774 -6.32019, 106.85191 -6.320204, 106.852028 -6.32014, 106.852112 -6.320036, 106.852216 -6.319833, 106.852364 -6.319601, 106.852514 -6.319463, 106.852707 -6.319375, 106.852892 -6.319391, 106.85305 -6.319388, 106.853139 -6.319279, 106.853362 -6.318996, 106.853555 -6.318937, 106.853844 -6.318841, 106.853965 -6.318937, 106.854158 -6.31902, 106.854418 -6.319054, 106.85468 -6.319052, 106.85483 -6.318851, 106.855114 -6.318716, 106.855162 -6.318607, 106.855218 -6.318396, 106.855287 -6.318238, 106.85536 -6.318187, 106.855435 -6.318171, 106.855546 -6.318192, 106.855779 -6.318296, 106.855947 -6.318376, 106.856021 -6.318412, 106.856107 -6.318432, 106.856156 -6.318443, 106.856238 -6.318426, 106.856351 -6.318359, 106.856451 -6.318275, 106.85663 -6.318127, 106.856721 -6.318056, 106.856776 -6.318033, 106.856836 -6.318064, 106.856902 -6.318105, 106.857 -6.318128, 106.857112 -6.318081, 106.857329 -6.317965, 106.857462 -6.317875, 106.857515 -6.317803, 106.857557 -6.317693, 106.857562 -6.317627, 106.857656 -6.317621, 106.857843 -6.317623, 106.857911 -6.317561, 106.857946 -6.317473, 106.857902 -6.317339, 106.857931 -6.317256, 106.858022 -6.317039, 106.858073 -6.316983, 106.858136 -6.317003, 106.858254 -6.317062, 106.858434 -6.317054, 106.858753 -6.316963, 106.858935 -6.316856, 106.858978 -6.316686, 106.859101 -6.316406, 106.859151 -6.316146, 106.859114 -6.316055, 106.858974 -6.316042, 106.858832 -6.315994, 106.858676 -6.315802, 106.858593 -6.315695, 106.858408 -6.315402, 106.858341 -6.315293, 106.858324 -6.315129, 106.85827 -6.314934, 106.858262 -6.31483, 106.85823 -6.314646, 106.858195 -6.314558, 106.85812 -6.314516, 106.857951 -6.314513, 106.857811 -6.314516, 106.857626 -6.314433, 106.857532 -6.31426, 106.857506 -6.314078, 106.857564 -6.313961, 106.857653 -6.31383, 106.857755 -6.313756, 106.857811 -6.313686, 106.857962 -6.313614, 106.85805 -6.313534, 106.858114 -6.313457, 106.858219 -6.313361, 106.858334 -6.313292, 106.858434 -6.313289, 106.858554 -6.313201, 106.85864 -6.313108, 106.858694 -6.312948, 106.858726 -6.312788, 106.858836 -6.312543, 106.858857 -6.31241, 106.858825 -6.312335, 106.858895 -6.312164, 106.85893 -6.311972, 106.858822 -6.311687, 106.85868 -6.311455, 106.858629 -6.311239, 106.858394 -6.310986)"
river,Ci Liwung,"LINESTRING (106.849144 -6.318692, 106.849363 -6.318639, 106.849506 -6.318364, 106.849429 -6.317949, 106.849436 -6.317594, 106.849579 -6.317334, 106.850015 -6.317095, 106.850674 -6.316758, 106.851336 -6.316416, 106.851676 -6.316216, 106.851847 -6.316002, 106.851886 -6.31584, 106.851832 -6.315666, 106.851635 -6.315337, 106.851375 -6.315021, 106.851289 -6.314659, 106.851375 -6.314232, 106.851783 -6.3134, 106.852298 -6.312483, 106.852319 -6.312099, 106.852276 -6.311737, 106.852358 -6.311156, 106.852481 -6.310974, 106.852639 -6.31091, 106.852822 -6.310906, 106.853026 -6.311013, 106.853294 -6.311276, 106.854371 -6.312053, 106.854722 -6.312412, 106.854827 -6.312584, 106.85485 -6.3128, 106.854752 -6.313199, 106.854777 -6.313502, 106.85487 -6.313673, 106.855006 -6.313821, 106.855217 -6.313856, 106.855425 -6.313819, 106.855884 -6.313596, 106.856578 -6.312917, 106.857208 -6.312369, 106.85804 -6.31164, 106.858332 -6.311288, 106.858397 -6.311117, 106.858394 -6.310986, 106.858392 -6.310897, 106.858228 -6.310675, 106.858038 -6.31055, 106.85781 -6.31055, 106.857449 -6.310659, 106.857205 -6.310633, 106.856934 -6.310414, 106.856855 -6.310059, 106.856898 -6.30955, 106.85699 -6.309211, 106.857082 -6.308969, 106.857212 -6.308708, 106.857372 -6.30842, 106.857651 -6.30813, 106.857741 -6.307988, 106.857812 -6.307791, 106.857836 -6.307596, 106.857785 -6.307409, 106.857674 -6.307243, 106.857602 -6.307036, 106.857539 -6.306796, 106.857519 -6.306521, 106.857592 -6.306292, 106.857666 -6.306204, 106.85776 -6.30611, 106.857963 -6.306064, 106.858233 -6.306026, 106.858504 -6.305853)"
drain,,"LINESTRING (106.873323 -6.299143, 106.873382 -6.299311, 106.873387 -6.299356, 106.873373 -6.299387, 106.873352 -6.299399, 106.873323 -6.299399, 106.873226 -6.299319, 106.873201 -6.299313, 106.873182 -6.299322, 106.873179 -6.299337, 106.873276 -6.299426, 106.873282 -6.299443, 106.873269 -6.299468, 106.873246 -6.299471, 106.873193 -6.299429, 106.87318 -6.299425, 106.873171 -6.299437, 106.873188 -6.299495, 106.873179 -6.299503, 106.873084 -6.299511)"
drain,,"LINESTRING (106.873454 -6.29911, 106.873475 -6.299191)"
river,Ci Liwung,"LINESTRING (106.858504 -6.305853, 106.858581 -6.3058, 106.858624 -6.305532, 106.858596 -6.305449, 106.858474 -6.305202, 106.858372 -6.305053, 106.85819 -6.30493, 106.857564 -6.30467, 106.856766 -6.304448, 106.856106 -6.304208, 106.855154 -6.303688, 106.85474 -6.303362, 106.854472 -6.303018, 106.854386 -6.302792, 106.854395 -6.302495, 106.854471 -6.30232, 106.854595 -6.302173, 106.854807 -6.301887, 106.855006 -6.301493, 106.855125 -6.301175, 106.855115 -6.301165, 106.855072 -6.300614, 106.855051 -6.30025, 106.854985 -6.299911, 106.854919 -6.299567, 106.854775 -6.2994, 106.85444 -6.29939, 106.853894 -6.29954, 106.853419 -6.299736, 106.852969 -6.299775, 106.8527 -6.299768, 106.852506 -6.299833, 106.852344 -6.299933, 106.852262 -6.300033, 106.852214 -6.30016, 106.852201 -6.300341, 106.852075 -6.300758, 106.851878 -6.301014, 106.851736 -6.301112, 106.851619 -6.301118, 106.851396 -6.300958, 106.851307 -6.300897, 106.851166 -6.300797, 106.85076 -6.300518, 106.850409 -6.300198, 106.849996 -6.299803, 106.849816 -6.299577, 106.849741 -6.299489, 106.849657 -6.299193, 106.849653 -6.298994, 106.849679 -6.29886, 106.84979 -6.298744, 106.85003 -6.298683, 106.850409 -6.298703, 106.850727 -6.298766, 106.851174 -6.298958, 106.851332 -6.299125, 106.851406 -6.299218, 106.851491 -6.299306, 106.851526 -6.299421, 106.851607 -6.299462, 106.851737 -6.299486, 106.851895 -6.299416, 106.851981 -6.299377, 106.852085 -6.299347, 106.852172 -6.29926, 106.852216 -6.299168, 106.852298 -6.298868, 106.852343 -6.298586, 106.852331 -6.298201, 106.852286 -6.297893, 106.852146 -6.297706, 106.851862 -6.297533, 106.850975 -6.297008, 106.850614 -6.2967, 106.850455 -6.296485, 106.850419 -6.296406, 106.850401 -6.29631, 106.850438 -6.296186, 106.850502 -6.296084, 106.850716 -6.295903, 106.850835 -6.295836, 106.85124 -6.295711, 106.851463 -6.295672, 106.85178 -6.295669, 106.851827 -6.295674, 106.852293 -6.295723, 106.852452 -6.295746, 106.852599 -6.29577, 106.852865 -6.295829, 106.853082 -6.295871, 106.85319 -6.295896, 106.853309 -6.295934, 106.85372 -6.296158, 106.85402 -6.29626, 106.854143 -6.296263, 106.854261 -6.296228, 106.85439 -6.296072, 106.854435 -6.295794, 106.854434 -6.2952, 106.854438 -6.294372, 106.854331 -6.294041, 106.854195 -6.29382, 106.853998 -6.29368, 106.853868 -6.293622, 106.853766 -6.293641, 106.853648 -6.29373, 106.853532 -6.293759, 106.853396 -6.293806, 106.853264 -6.29386, 106.853202 -6.293893, 106.853122 -6.293987, 106.853043 -6.294088, 106.852815 -6.294313, 106.852716 -6.29446, 106.852627 -6.294573, 106.852509 -6.294598, 106.852413 -6.294586, 106.852333 -6.294487, 106.852412 -6.294015, 106.852665 -6.293695, 106.852839 -6.293496, 106.853045 -6.293229, 106.853201 -6.29311, 106.853506 -6.292782, 106.853775 -6.292479, 106.85403 -6.292129, 106.854374 -6.29161, 106.854485 -6.291311, 106.854574 -6.290992, 106.854617 -6.290632)"
drain,,"LINESTRING (106.874087 -6.297563, 106.873879 -6.297428)"
drain,,"LINESTRING (106.853721 -6.29516, 106.854018 -6.295198, 106.854244 -6.295209, 106.854434 -6.2952)"
river,Kali Cipinang,"LINESTRING (106.874648 -6.300921, 106.874759 -6.300822, 106.874802 -6.300727, 106.874753 -6.300646, 106.874598 -6.300604, 106.874555 -6.300556, 106.874602 -6.30044, 106.874642 -6.30001, 106.874608 -6.299896, 106.874507 -6.299851, 106.874424 -6.299874, 106.874189 -6.3001, 106.873973 -6.300189, 106.873842 -6.300272, 106.873754 -6.30051, 106.873664 -6.300656, 106.873557 -6.3007, 106.873455 -6.300684, 106.873358 -6.300606, 106.873274 -6.300566, 106.873212 -6.300497, 106.873138 -6.300437, 106.873072 -6.300317, 106.873043 -6.300155, 106.87305 -6.300027, 106.873087 -6.299905, 106.873109 -6.29975, 106.873103 -6.299661, 106.873088 -6.299598, 106.873084 -6.299511, 106.873 -6.299333, 106.872976 -6.299276, 106.872917 -6.299225, 106.872784 -6.299138, 106.87276 -6.299013, 106.872814 -6.29889, 106.873022 -6.298669, 106.87312 -6.298365, 106.873148 -6.298255, 106.873322 -6.298194, 106.873679 -6.298305, 106.873921 -6.298288, 106.874092 -6.298136, 106.874197 -6.297955, 106.874188 -6.297863, 106.873906 -6.297591, 106.873879 -6.297428, 106.87391 -6.297212, 106.874265 -6.297193, 106.874411 -6.297089, 106.874396 -6.297035, 106.874354 -6.297001, 106.874278 -6.297008, 106.874219 -6.296985, 106.874215 -6.29691, 106.87429 -6.296817, 106.874151 -6.296444, 106.874206 -6.296293, 106.874369 -6.296246, 106.874467 -6.29614, 106.87451 -6.296101, 106.874631 -6.296006, 106.874723 -6.295937, 106.874809 -6.295912, 106.874963 -6.295912, 106.875033 -6.295904, 106.875133 -6.295864, 106.875197 -6.295831, 106.875226 -6.295763, 106.875241 -6.295674, 106.875208 -6.295612, 106.875208 -6.295457, 106.875228 -6.295233, 106.875235 -6.295173, 106.875264 -6.295079, 106.875262 -6.295002, 106.875224 -6.294958, 106.87512 -6.294892, 106.874935 -6.294835, 106.874864 -6.294807, 106.874839 -6.294772, 106.874824 -6.294728, 106.874805 -6.294702, 106.874776 -6.294648, 106.874716 -6.294621, 106.874397 -6.294676, 106.874077 -6.294739, 106.873852 -6.294691, 106.873798 -6.294632, 106.873793 -6.294488, 106.873782 -6.294317, 106.873616 -6.293949, 106.873584 -6.293596, 106.873774 -6.293125, 106.87378 -6.293052, 106.873757 -6.292987, 106.873739 -6.29296, 106.873613 -6.29283, 106.873179 -6.292715, 106.873125 -6.292712, 106.87309 -6.292691, 106.873085 -6.292648, 106.873248 -6.292392, 106.873219 -6.292174, 106.873109 -6.292048, 106.873085 -6.291952, 106.87324 -6.291806, 106.873284 -6.291569, 106.87323 -6.291471, 106.873283 -6.290902, 106.873224 -6.290838, 106.87327 -6.29075, 106.873264 -6.290609, 106.872838 -6.289622, 106.872646 -6.28933, 106.872466 -6.289276, 106.872109 -6.288926, 106.871818 -6.288329, 106.871852 -6.288082, 106.871973 -6.287833, 106.872131 -6.28751)"
river,,"LINESTRING (106.871988 -6.293821, 106.872008 -6.293602)"
drain,,"LINESTRING (106.852097 -6.290157, 106.852099 -6.290229, 106.852009 -6.290268, 106.851998 -6.290559, 106.852 -6.290637, 106.851701 -6.290791, 106.851659 -6.29084, 106.851647 -6.290933, 106.851638 -6.291006, 106.851653 -6.291056, 106.851663 -6.291105)"
river,Krukut,"MULTILINESTRING ((106.794593 -6.364369, 106.794612 -6.364296, 106.794463 -6.364236, 106.794236 -6.364359), (106.793809 -6.364391, 106.793804 -6.364385), (106.793703 -6.364044, 106.793687 -6.363979, 106.79373 -6.363907, 106.793647 -6.363727, 106.793166 -6.363506), (106.793166 -6.363506, 106.793085 -6.363433), (106.793225 -6.362931, 106.793252 -6.362847, 106.793419 -6.362722, 106.793506 -6.36245, 106.793501 -6.362387))"
river,Krukut,"LINESTRING (106.793501 -6.362387, 106.793498 -6.362347)"
canal,Kali Baru Barat,"LINESTRING (106.807425 -6.360701, 106.80749 -6.360712, 106.807508 -6.360693, 106.807519 -6.360669, 106.807658 -6.359942, 106.807712 -6.359643, 106.807789 -6.359208, 106.807827 -6.359035, 106.807897 -6.358894, 106.808039 -6.358752, 106.808251 -6.358526, 106.808457 -6.358254, 106.808546 -6.358129, 106.808586 -6.358062, 106.808597 -6.357984, 106.808924 -6.357505, 106.810115 -6.355702, 106.810486 -6.355043, 106.810523 -6.354979, 106.810604 -6.354881, 106.811364 -6.353188, 106.811433 -6.353048, 106.811589 -6.35263, 106.811759 -6.352211, 106.811904 -6.351997, 106.811955 -6.351851, 106.812042 -6.351618, 106.812483 -6.350558, 106.812579 -6.350292, 106.812676 -6.350067, 106.812788 -6.349796, 106.813155 -6.349093, 106.813311 -6.348696, 106.813394 -6.348454, 106.813586 -6.348066, 106.813672 -6.347858, 106.813741 -6.347721, 106.814203 -6.346938, 106.814361 -6.346746, 106.814482 -6.346602, 106.814954 -6.346116, 106.815161 -6.345842, 106.815254 -6.345735, 106.815287 -6.345658, 106.815358 -6.34561, 106.815458 -6.345498, 106.815654 -6.345293, 106.815849 -6.345029, 106.815922 -6.344925, 106.816074 -6.344772, 106.816094 -6.344752, 106.816165 -6.344666, 106.816456 -6.344318, 106.81684 -6.343856, 106.817129 -6.343429, 106.817352 -6.34317, 106.817445 -6.343064, 106.817534 -6.342987, 106.817687 -6.342884, 106.818543 -6.342271, 106.819234 -6.34179)"
river,Sungai Krukut,"MULTILINESTRING ((106.806454 -6.322656, 106.806496 -6.32266, 106.80674 -6.322633, 106.80675 -6.322626), (106.806829 -6.322567, 106.807014 -6.32243), (106.807028 -6.32242, 106.80703 -6.322418))"
river,Sungai Krukut,"LINESTRING (106.80703 -6.322418, 106.807198 -6.322225)"
river,Sungai Krukut,"GEOMETRYCOLLECTION (LINESTRING (106.807198 -6.322225, 106.807266 -6.322127, 106.807199 -6.321941, 106.807197 -6.321939), LINESTRING (106.807192 -6.321935, 106.807086 -6.321853, 106.807013 -6.321814), LINESTRING (106.806897 -6.32169, 106.806888 -6.321679, 106.806778 -6.321661, 106.806776 -6.321661), LINESTRING (106.806645 -6.321672, 106.806576 -6.321678), LINESTRING (106.806535 -6.321375, 106.806546 -6.321332, 106.806642 -6.321198, 106.806774 -6.321104, 106.806924 -6.321063, 106.80714 -6.321058, 106.807209 -6.321018), POINT (106.807388 -6.320882))"
river,Krukut,"GEOMETRYCOLLECTION (LINESTRING (106.793461 -6.36187, 106.793637 -6.361392), LINESTRING (106.793637 -6.361392, 106.793526 -6.360676), LINESTRING (106.793526 -6.360676, 106.793676 -6.360566), LINESTRING (106.793676 -6.360566, 106.793709 -6.360145), LINESTRING (106.793709 -6.360145, 106.7936 -6.359935), LINESTRING (106.7936 -6.359935, 106.792637 -6.358838), LINESTRING (106.792637 -6.358838, 106.792498 -6.358125), LINESTRING (106.792498 -6.358125, 106.792648 -6.357882), LINESTRING (106.792648 -6.357882, 106.792904 -6.35783), LINESTRING (106.793217 -6.356978, 106.793211 -6.356682), LINESTRING (106.793002 -6.355297, 106.793352 -6.354832), LINESTRING (106.793352 -6.354832, 106.793933 -6.354626), LINESTRING (106.793933 -6.354626, 106.794026 -6.354521), LINESTRING (106.794026 -6.354521, 106.794002 -6.354299), LINESTRING (106.793583 -6.354004, 106.793514 -6.353955), POINT (106.792978 -6.357159), POINT (106.793026 -6.356105))"
drain,,"LINESTRING (106.798754 -6.350684, 106.798817 -6.350689)"
river,Krukut,"MULTILINESTRING ((106.793514 -6.353955, 106.793245 -6.353917), (106.793245 -6.353667, 106.793289 -6.35346, 106.793323 -6.353279, 106.79331 -6.35325), (106.793269 -6.353164, 106.793156 -6.353105, 106.793053 -6.35306), (106.793053 -6.35306, 106.792923 -6.35295, 106.792717 -6.352819), (106.792717 -6.352819, 106.792493 -6.352417), (106.792493 -6.352417, 106.792523 -6.352263), (106.792523 -6.352263, 106.793195 -6.351701), (106.793995 -6.351233, 106.794199 -6.351026, 106.794256 -6.350544, 106.794135 -6.350384, 106.793744 -6.350217), (106.79373 -6.35017, 106.793767 -6.349854, 106.793542 -6.349688, 106.793423 -6.349609, 106.793117 -6.349566, 106.793042 -6.349501, 106.792988 -6.349407, 106.792909 -6.349073, 106.792838 -6.348884, 106.792775 -6.348717, 106.792747 -6.348562, 106.792554 -6.348213), (106.792554 -6.348213, 106.793086 -6.347712), (106.793889 -6.34701, 106.794119 -6.346866, 106.794131 -6.346843), (106.794187 -6.346733, 106.7942 -6.346654), (106.794875 -6.346364, 106.794887 -6.34636, 106.794944 -6.346318), (106.795456 -6.345979, 106.795497 -6.345972, 106.795635 -6.346006, 106.795767 -6.346153, 106.79581 -6.346292, 106.795845 -6.346441, 106.795928 -6.34651, 106.796169 -6.346553), (106.797316 -6.345639, 106.797332 -6.345616, 106.797476 -6.34511, 106.79746 -6.345003, 106.797434 -6.344957), (106.79822 -6.344602, 106.798246 -6.344597, 106.798628 -6.34419), (106.798972 -6.343825, 106.798984 -6.343812))"
drain,,"LINESTRING (106.798575 -6.348699, 106.798646 -6.348799)"
drain,,"LINESTRING (106.796551 -6.346571, 106.796686 -6.346608, 106.79685 -6.346484, 106.797205 -6.346021, 106.797332 -6.3461)"
drain,,"LINESTRING (106.797968 -6.344914, 106.79803 -6.344867)"
drain,,"LINESTRING (106.79803 -6.344867, 106.798091 -6.34482)"
drain,,"LINESTRING (106.798091 -6.34482, 106.798106 -6.344808, 106.798131 -6.34475, 106.798115 -6.344688)"
river,Sungai Krukut,"MULTILINESTRING ((106.798984 -6.343812, 106.798966 -6.343572, 106.798963 -6.343311, 106.799042 -6.343206, 106.799361 -6.343146, 106.799453 -6.343109, 106.799529 -6.343046, 106.799516 -6.342906, 106.799501 -6.342726), (106.79952 -6.342704, 106.799583 -6.342646, 106.799643 -6.342567), (106.799693 -6.3425, 106.799694 -6.3425, 106.79964 -6.342365, 106.799539 -6.342181, 106.79948 -6.341786, 106.799759 -6.341236, 106.799903 -6.341236), (106.800166 -6.340951, 106.800166 -6.340944, 106.79993 -6.34087, 106.79993 -6.340667, 106.79999 -6.340579), (106.800065 -6.340468, 106.800066 -6.340466, 106.799883 -6.340146, 106.799846 -6.339926, 106.79983 -6.339618, 106.799778 -6.339527), (106.798913 -6.338556, 106.798881 -6.338485, 106.798806 -6.338378), (106.798936 -6.337149, 106.798916 -6.337105, 106.798889 -6.33708), (106.798772 -6.336974, 106.798754 -6.336957), (106.798684 -6.336568, 106.79875 -6.336455, 106.798884 -6.336316, 106.798885 -6.336312))"
river,Sungai Krukut,"MULTILINESTRING ((106.799551 -6.333819, 106.799523 -6.333709, 106.799376 -6.333526, 106.799373 -6.333523), (106.799826 -6.333395, 106.799966 -6.333422, 106.800007 -6.333418, 106.800042 -6.333412), (106.800252 -6.333491, 106.80028 -6.333505, 106.800385 -6.333527), (106.801074 -6.333684, 106.8012 -6.333686, 106.801424 -6.333654, 106.801627 -6.333556, 106.801629 -6.333555), (106.801909 -6.332801, 106.801905 -6.332747, 106.80188 -6.33266), (106.801859 -6.332429, 106.801856 -6.332378, 106.801805 -6.332273, 106.801686 -6.332194, 106.801594 -6.332139, 106.801418 -6.332034, 106.801389 -6.331989), (106.801291 -6.331681, 106.801307 -6.331568, 106.801418 -6.331447, 106.801484 -6.331356, 106.801488 -6.331338), (106.802485 -6.330815, 106.802494 -6.330805, 106.802631 -6.33068, 106.802792 -6.330628, 106.802847 -6.330602, 106.80292 -6.330569), (106.803412 -6.329987, 106.803456 -6.329912, 106.803461 -6.329761, 106.803424 -6.329429), (106.803327 -6.328488, 106.803362 -6.327835), (106.803471 -6.327429, 106.803561 -6.327298, 106.80371 -6.32725), (106.804124 -6.326999, 106.804192 -6.326832), (106.804154 -6.325998, 106.804156 -6.32598, 106.80417 -6.325831, 106.804165 -6.325764), (106.804161 -6.325713, 106.804156 -6.32564, 106.80409 -6.325449), (106.804586 -6.324635, 106.804549 -6.3246, 106.804532 -6.324505, 106.804765 -6.324312), (106.805 -6.324226, 106.80503 -6.324187, 106.805027 -6.324165), (106.805022 -6.324109, 106.805015 -6.324059, 106.804968 -6.32396, 106.804923 -6.323893), (106.804922 -6.32389, 106.804948 -6.323769, 106.804995 -6.323708), (106.80513 -6.323642, 106.805192 -6.323613, 106.805377 -6.323567, 106.805388 -6.323565), (106.806257 -6.323771, 106.806271 -6.323766, 106.806287 -6.323751), (106.806374 -6.323615, 106.806376 -6.323603, 106.806332 -6.323502, 106.806308 -6.323453), (106.806279 -6.323396, 106.806228 -6.323307, 106.806132 -6.323234), (106.805986 -6.322858, 106.806022 -6.322746, 106.806038 -6.322732))"
river,Kali Grogol,"LINESTRING (106.785624 -6.316332, 106.785597 -6.316165, 106.785484 -6.315965, 106.785422 -6.315837, 106.785452 -6.315762, 106.785658 -6.315621, 106.785747 -6.315616, 106.786122 -6.315693, 106.78624 -6.315658, 106.786246 -6.315536, 106.786181 -6.315306, 106.786112 -6.314925, 106.786136 -6.314723, 106.786254 -6.314664, 106.786503 -6.314731, 106.786707 -6.31476, 106.786948 -6.314709, 106.78709 -6.314509, 106.787128 -6.314262, 106.787085 -6.314062, 106.786989 -6.313771, 106.786999 -6.313566, 106.787064 -6.31348, 106.787211 -6.313496, 106.787461 -6.313499, 106.787549 -6.313435, 106.787568 -6.313091, 106.787506 -6.312912, 106.787412 -6.312731, 106.787399 -6.312326, 106.787423 -6.312041, 106.787498 -6.311846, 106.787582 -6.31154, 106.787697 -6.311356, 106.787852 -6.311238, 106.787936 -6.311229, 106.788017 -6.311241, 106.788287 -6.31126, 106.788375 -6.311217, 106.788426 -6.311025, 106.788472 -6.310694, 106.788485 -6.310446, 106.78856 -6.31023, 106.788534 -6.310111, 106.788437 -6.309924, 106.788367 -6.309511, 106.788247 -6.309345, 106.788241 -6.309244, 106.788311 -6.309156, 106.788359 -6.309034, 106.788365 -6.308884, 106.788324 -6.308762, 106.788268 -6.30861, 106.788214 -6.308434, 106.788238 -6.308282, 106.78833 -6.308098, 106.788413 -6.307978, 106.788338 -6.307826, 106.788198 -6.307653, 106.788177 -6.307471, 106.78822 -6.307255, 106.788308 -6.307015, 106.788249 -6.306834, 106.788265 -6.306573, 106.788214 -6.306368, 106.788236 -6.306146, 106.788292 -6.306005, 106.788432 -6.30596, 106.788649 -6.30601, 106.78877 -6.305954, 106.788829 -6.305754, 106.788807 -6.305512, 106.788861 -6.305301, 106.789057 -6.304664, 106.789169 -6.304459, 106.789298 -6.304397, 106.789488 -6.304432, 106.789628 -6.304408, 106.790018 -6.304198, 106.79019 -6.30408, 106.790273 -6.303941, 106.790303 -6.303812, 106.790222 -6.303703, 106.790174 -6.303505, 106.79015 -6.303321, 106.790204 -6.303164, 106.790314 -6.302977, 106.790327 -6.302815, 106.790276 -6.302724, 106.789858 -6.302668, 106.789732 -6.302631, 106.789627 -6.302522, 106.789611 -6.302298, 106.789672 -6.30202, 106.789694 -6.301895, 106.789678 -6.30162, 106.789435 -6.30127, 106.789382 -6.301017, 106.789345 -6.300898, 106.789388 -6.300631, 106.78937 -6.300605, 106.789343 -6.30059, 106.789241 -6.300613, 106.789133 -6.300631, 106.789041 -6.300618, 106.788848 -6.300497, 106.788779 -6.300491, 106.78875 -6.300541, 106.788767 -6.300709, 106.788744 -6.300758, 106.788688 -6.300786, 106.788423 -6.300723, 106.78831 -6.300728, 106.788106 -6.300771, 106.78799 -6.300841, 106.787938 -6.300854, 106.787708 -6.300749, 106.787648 -6.300737, 106.787596 -6.300757, 106.787559 -6.300807, 106.78752 -6.300905, 106.787443 -6.301046, 106.787378 -6.301105, 106.787303 -6.301127, 106.786754 -6.301061, 106.78644 -6.300978, 106.786394 -6.300879, 106.786329 -6.300735, 106.786222 -6.300623, 106.786044 -6.300501, 106.785988 -6.300388, 106.7861 -6.300176, 106.786144 -6.300018, 106.786124 -6.29986, 106.785853 -6.299677, 106.785695 -6.299496, 106.785547 -6.299152, 106.785464 -6.29893, 106.785295 -6.298776, 106.78518 -6.298608, 106.785129 -6.298469, 106.785182 -6.29824, 106.785177 -6.298072, 106.785118 -6.298003, 106.78492 -6.297872, 106.784858 -6.297707, 106.784882 -6.29752, 106.784989 -6.297334, 106.78522 -6.297136, 106.785443 -6.29692, 106.785502 -6.296691, 106.785478 -6.296592, 106.785161 -6.296142, 106.784922 -6.2958, 106.784882 -6.295643, 106.784858 -6.295334, 106.784804 -6.295003, 106.784678 -6.294734, 106.784499 -6.29455, 106.783809 -6.29415, 106.783694 -6.294025, 106.783699 -6.293892, 106.783756 -6.293769, 106.783882 -6.293558, 106.783863 -6.29346, 106.783847 -6.293332, 106.783922 -6.293041, 106.784002 -6.292705, 106.784024 -6.292268, 106.784128 -6.292001)"
drain,,"LINESTRING (106.786394 -6.300879, 106.786507 -6.300841, 106.786538 -6.300842)"
drain,,"LINESTRING (106.78657 -6.300843, 106.786585 -6.300844)"
drain,,"LINESTRING (106.786538 -6.300842, 106.78657 -6.300843)"
drain,,"LINESTRING (106.789343 -6.30059, 106.789441 -6.300532)"
river,Krukut,"LINESTRING (106.805457 -6.294313, 106.805218 -6.294048, 106.8051 -6.293805, 106.805046 -6.293635, 106.805053 -6.293428, 106.805053 -6.293231, 106.805089 -6.29314, 106.805177 -6.293056, 106.805362 -6.292914, 106.80542 -6.292867, 106.805533 -6.292738, 106.805636 -6.29253, 106.805678 -6.292367, 106.805705 -6.291824)"
river,Pesanggrahan,"MULTILINESTRING ((106.780013 -6.316355, 106.78002 -6.31617, 106.779969 -6.316081, 106.779867 -6.316022, 106.779761 -6.316, 106.779629 -6.315932, 106.779462 -6.315775, 106.77927 -6.31568, 106.779038 -6.31562, 106.777869 -6.315371, 106.777051 -6.315256, 106.776924 -6.315203, 106.776835 -6.31514, 106.776766 -6.315008, 106.776705 -6.314802, 106.776663 -6.314515, 106.776663 -6.314337, 106.776682 -6.313972, 106.776678 -6.313863, 106.77662 -6.313608, 106.776544 -6.31346, 106.776506 -6.313367, 106.776484 -6.313275, 106.776479 -6.313163, 106.776484 -6.312856, 106.776504 -6.312635), (106.776584 -6.312419, 106.776611 -6.31235, 106.7766 -6.312256, 106.776572 -6.312224, 106.776453 -6.312218, 106.776416 -6.312191, 106.77639 -6.312125, 106.776394 -6.312084), (106.776418 -6.311957, 106.77644 -6.31188, 106.776439 -6.311793, 106.776398 -6.311732, 106.776298 -6.311698, 106.776081 -6.311683, 106.775927 -6.311675, 106.775848 -6.311644, 106.775775 -6.311602, 106.775667 -6.311594, 106.77554 -6.311602, 106.775449 -6.311632, 106.775326 -6.311706, 106.775206 -6.31182, 106.775094 -6.311948, 106.77505 -6.312023, 106.77502 -6.312102, 106.774906 -6.312138, 106.774795 -6.312137, 106.774645 -6.312071, 106.774587 -6.312001, 106.774557 -6.311916, 106.774554 -6.311828, 106.774551 -6.311708, 106.774529 -6.311537, 106.774511 -6.311381, 106.774515 -6.311309), (106.77538 -6.310442, 106.775406 -6.3104, 106.775411 -6.310336, 106.775363 -6.310282, 106.775255 -6.310237, 106.77502 -6.310193, 106.774824 -6.310133, 106.774417 -6.310034, 106.773775 -6.309892, 106.77365 -6.309828, 106.773508 -6.309736, 106.773365 -6.309596, 106.773338 -6.309538, 106.773332 -6.309514), (106.775165 -6.308322, 106.775172 -6.308302, 106.775188 -6.308195, 106.77519 -6.30811, 106.775132 -6.308024, 106.775052 -6.307956, 106.774921 -6.307855, 106.774786 -6.307724, 106.774591 -6.30751, 106.774457 -6.307345, 106.774236 -6.307118, 106.77414 -6.307027, 106.774068 -6.306997, 106.773973 -6.306984, 106.773912 -6.306926, 106.773878 -6.306863, 106.773859 -6.306786, 106.773859 -6.306704, 106.773875 -6.306614, 106.773908 -6.306509, 106.77397 -6.306407, 106.77407 -6.306329, 106.774232 -6.306236, 106.774423 -6.306156, 106.774498 -6.306133), (106.775578 -6.30374, 106.775488 -6.303585, 106.775388 -6.30345, 106.775223 -6.303319, 106.775049 -6.303214, 106.774904 -6.30316, 106.774752 -6.303141, 106.77459 -6.303151, 106.774474 -6.303193), (106.774185 -6.303404, 106.77416 -6.303432, 106.774053 -6.303602, 106.773944 -6.303845, 106.773843 -6.304148, 106.773825 -6.304196), (106.773434 -6.30468, 106.773396 -6.304695, 106.773289 -6.304721, 106.7732 -6.304713, 106.773112 -6.304679, 106.773037 -6.304631, 106.772988 -6.304553), (106.772987 -6.304552, 106.772985 -6.30454), (106.773137 -6.304089, 106.773153 -6.304068, 106.773224 -6.30397, 106.77333 -6.303792), (106.773478 -6.303546, 106.773564 -6.303403, 106.773594 -6.30332, 106.773605 -6.303238, 106.77358 -6.303127, 106.773517 -6.303021, 106.773448 -6.302952, 106.773367 -6.30289, 106.773264 -6.302856, 106.773159 -6.302841, 106.772966 -6.302862, 106.772622 -6.302939, 106.772238 -6.303041, 106.771804 -6.303124, 106.771688 -6.303146, 106.771627 -6.303142, 106.771574 -6.303126, 106.771522 -6.303094, 106.771421 -6.302987, 106.771306 -6.302788, 106.771054 -6.302414, 106.770997 -6.302306, 106.770966 -6.30221, 106.770953 -6.302146), (106.773097 -6.301428, 106.773139 -6.301422, 106.773176 -6.301405, 106.773189 -6.301369), (106.773195 -6.301223, 106.773187 -6.301138, 106.773159 -6.301048, 106.77259 -6.300168, 106.772408 -6.299982, 106.772296 -6.299889, 106.771975 -6.299698, 106.771771 -6.299541, 106.771633 -6.299389, 106.771433 -6.29916, 106.77119 -6.298785, 106.771123 -6.29865, 106.770926 -6.29819, 106.770896 -6.298096, 106.77088 -6.297982, 106.77091 -6.297689, 106.770905 -6.297588, 106.770882 -6.2975, 106.770841 -6.297418, 106.770787 -6.297361, 106.770716 -6.297317, 106.770648 -6.297321, 106.770592 -6.297348, 106.770523 -6.297401, 106.77043 -6.297461, 106.770343 -6.297526, 106.770275 -6.29757, 106.770184 -6.297609, 106.770109 -6.297616, 106.770019 -6.297586, 106.769906 -6.297514, 106.769837 -6.297457, 106.769808 -6.297388, 106.769798 -6.297184, 106.769795 -6.297045, 106.769804 -6.296915, 106.76982 -6.29677, 106.769841 -6.296632, 106.769876 -6.2965, 106.769924 -6.296386, 106.769983 -6.296306, 106.770057 -6.296223, 106.770116 -6.296151, 106.770165 -6.29607, 106.770206 -6.295967, 106.770254 -6.295831, 106.770259 -6.295736, 106.770235 -6.295631, 106.770148 -6.295543, 106.769996 -6.295487, 106.769816 -6.295458, 106.769691 -6.295456, 106.76957 -6.295488, 106.769354 -6.295582, 106.769287 -6.295637, 106.76912 -6.295728, 106.768988 -6.295825, 106.768874 -6.295873, 106.768688 -6.295893, 106.768524 -6.295848, 106.768253 -6.295831, 106.768072 -6.2958, 106.7679 -6.295759, 106.767778 -6.295681, 106.767621 -6.295548, 106.767482 -6.295382, 106.767354 -6.29529, 106.767284 -6.295216, 106.767209 -6.29511, 106.767197 -6.295002, 106.76724 -6.294818, 106.767266 -6.294762), (106.768286 -6.293306, 106.768296 -6.293284, 106.768248 -6.293127, 106.768116 -6.292969, 106.767895 -6.292757, 106.767742 -6.292597, 106.767666 -6.292521, 106.767593 -6.292448, 106.767565 -6.292409), (106.767865 -6.291487, 106.767677 -6.291511, 106.767367 -6.291504, 106.767191 -6.291445, 106.767102 -6.291359, 106.767006 -6.291219, 106.766902 -6.29106, 106.766554 -6.290279, 106.766499 -6.290001, 106.766488 -6.289806, 106.766507 -6.289478, 106.766492 -6.289393, 106.766432 -6.28932, 106.766371 -6.289285, 106.766178 -6.289217, 106.766124 -6.289183, 106.766106 -6.289091, 106.766138 -6.288988, 106.766239 -6.288894, 106.766645 -6.288778, 106.766877 -6.288662, 106.767025 -6.288538, 106.767155 -6.288305, 106.767165 -6.288169, 106.767108 -6.288058, 106.766989 -6.287842, 106.766902 -6.28729, 106.766748 -6.287043, 106.766656 -6.28691, 106.766531 -6.286644, 106.766624 -6.286313, 106.766977 -6.286106, 106.76718 -6.2861, 106.767636 -6.286415, 106.767915 -6.286436, 106.768012 -6.286223, 106.767985 -6.286031, 106.767862 -6.285839, 106.767502 -6.285418, 106.767359 -6.285033, 106.76673 -6.284826, 106.766447 -6.284724, 106.76607 -6.284557))"
drain,,"LINESTRING (106.767851 -6.29583, 106.767778 -6.295681)"
river,,"LINESTRING (106.751509 -6.274545, 106.751502 -6.274528, 106.751534 -6.274328, 106.751497 -6.273758, 106.751475 -6.273217, 106.751436 -6.27298, 106.751377 -6.27253)"
river,,"LINESTRING (106.757543 -6.277745, 106.75756 -6.277702, 106.757543 -6.277598, 106.757566 -6.277487, 106.75756 -6.277353, 106.757623 -6.277042, 106.75778 -6.276881, 106.757742 -6.276696, 106.757773 -6.276573, 106.75777 -6.276501, 106.757842 -6.276128, 106.757573 -6.276117, 106.757545 -6.276064, 106.757544 -6.276016, 106.75756 -6.275965, 106.757595 -6.27592, 106.757668 -6.275918, 106.757652 -6.274455, 106.757652 -6.274307)"
river,,"LINESTRING (106.757652 -6.274307, 106.757653 -6.274006, 106.757434 -6.27403, 106.757314 -6.274049, 106.757183 -6.274066, 106.757173 -6.274019, 106.757161 -6.27398, 106.757047 -6.273272, 106.756878 -6.273181, 106.756864 -6.272983, 106.756801 -6.272709)"
river,,"LINESTRING (106.751053 -6.271636, 106.750982 -6.271568)"
river,,"LINESTRING (106.894946 -6.299404, 106.894938 -6.299033, 106.894941 -6.298921, 106.894905 -6.298799, 106.894845 -6.298694, 106.894797 -6.298611, 106.894758 -6.298591, 106.894728 -6.298556, 106.89472 -6.298508, 106.894725 -6.298468, 106.894746 -6.298369, 106.894806 -6.298252, 106.894874 -6.29812, 106.894901 -6.29806, 106.894899 -6.297989, 106.894901 -6.297923, 106.894897 -6.297847, 106.894885 -6.2978, 106.894855 -6.297758, 106.89481 -6.297728, 106.894767 -6.297708, 106.894706 -6.297701, 106.894639 -6.297704, 106.894605 -6.297702, 106.89459 -6.297678, 106.894588 -6.297616, 106.894597 -6.297577, 106.894586 -6.297559, 106.894538 -6.297547, 106.894449 -6.297543, 106.894357 -6.297529, 106.894283 -6.297515, 106.894259 -6.297501, 106.894255 -6.297385, 106.894262 -6.29726, 106.894256 -6.297127, 106.894192 -6.296945, 106.894111 -6.296741, 106.894094 -6.296633, 106.894103 -6.296541, 106.894143 -6.296432, 106.894153 -6.296324, 106.894162 -6.296116, 106.894181 -6.296032, 106.894238 -6.29589, 106.894292 -6.295776, 106.894407 -6.29565, 106.894481 -6.295568, 106.89454 -6.295448, 106.894618 -6.295286, 106.894664 -6.295124, 106.89468 -6.295004, 106.894751 -6.294872, 106.894816 -6.294816, 106.894904 -6.294784, 106.894957 -6.294692, 106.895011 -6.294663, 106.895094 -6.294584, 106.895154 -6.294529, 106.895189 -6.294486, 106.895234 -6.294354, 106.895302 -6.294274, 106.895386 -6.294175, 106.895427 -6.294099, 106.895503 -6.294043, 106.895605 -6.293977, 106.895731 -6.293943, 106.895796 -6.293873, 106.895805 -6.293819, 106.895832 -6.293761, 106.895914 -6.293682, 106.895992 -6.293531, 106.896028 -6.29342, 106.896372 -6.292926, 106.896557 -6.292754, 106.896812 -6.292569)"
drain,,"LINESTRING (106.875735 -6.284927, 106.875792 -6.285158)"
drain,,"LINESTRING (106.885867 -6.273457, 106.885882 -6.273486)"
drain,,"LINESTRING (106.885798 -6.27332, 106.885867 -6.273457)"
drain,,"LINESTRING (106.885761 -6.273246, 106.885798 -6.27332)"
drain,,"LINESTRING (106.889943 -6.270899, 106.889959 -6.270917)"
drain,,"LINESTRING (106.889789 -6.270767, 106.889943 -6.270899)"
drain,,"LINESTRING (106.889751 -6.270735, 106.889789 -6.270767)"
drain,,"LINESTRING (106.889951 -6.26957, 106.889835 -6.269597, 106.889706 -6.269565, 106.889527 -6.269368, 106.889452 -6.269336, 106.889326 -6.269341, 106.889331 -6.269253, 106.889315 -6.269186, 106.889277 -6.269106, 106.889546 -6.268981)"
river,Kali Mati,"LINESTRING (106.878941 -6.267243, 106.879074 -6.267347, 106.879065 -6.267485, 106.879058 -6.267556, 106.8791 -6.267588, 106.879144 -6.267614, 106.879182 -6.267644, 106.879198 -6.267696, 106.879185 -6.267771, 106.879169 -6.267836, 106.879187 -6.267891, 106.879294 -6.267928, 106.879341 -6.267969, 106.879371 -6.268036, 106.879392 -6.268136, 106.879406 -6.268178, 106.879467 -6.268219, 106.879523 -6.268243, 106.87955 -6.268281, 106.879564 -6.268353, 106.879596 -6.26841, 106.879615 -6.268421, 106.879675 -6.268402, 106.879751 -6.268345, 106.879808 -6.268314, 106.879856 -6.268325, 106.879906 -6.268382, 106.879904 -6.268436, 106.879886 -6.268555, 106.87986 -6.268648, 106.879819 -6.268733, 106.879806 -6.268795, 106.879803 -6.268841, 106.879829 -6.268879, 106.879906 -6.268905, 106.880014 -6.268885, 106.88009 -6.268887, 106.880151 -6.268888, 106.880202 -6.268895, 106.880258 -6.268916, 106.880302 -6.26895, 106.88031 -6.269014, 106.880282 -6.269073, 106.880241 -6.269109, 106.880184 -6.269127, 106.880149 -6.269174, 106.880143 -6.269243, 106.880177 -6.269297, 106.880223 -6.269329, 106.880296 -6.269373, 106.880388 -6.269372, 106.880435 -6.269359, 106.88046 -6.269369, 106.880468 -6.26939, 106.88048 -6.269416, 106.880485 -6.269451, 106.880447 -6.269494, 106.880434 -6.269537, 106.880414 -6.269609, 106.880399 -6.269674, 106.880417 -6.269731, 106.880484 -6.269751, 106.880555 -6.269739, 106.880639 -6.269726, 106.880724 -6.269718, 106.880764 -6.26971, 106.880803 -6.269765, 106.880826 -6.269818, 106.880826 -6.269868)"
drain,,"LINESTRING (106.849072 -6.290604, 106.849288 -6.290602)"
canal,,"LINESTRING (106.871973 -6.287833, 106.871764 -6.287814, 106.871495 -6.287747, 106.871208 -6.287662, 106.871112 -6.287563)"
canal,,"LINESTRING (106.871112 -6.287563, 106.870883 -6.287507, 106.870655 -6.287452)"
river,Kali Cipinang,"LINESTRING (106.872131 -6.28751, 106.872204 -6.287299)"
canal,Kali Baru Timur,"LINESTRING (106.872008 -6.293602, 106.872078 -6.293212, 106.872056 -6.2931, 106.872021 -6.292863, 106.871944 -6.292554, 106.871858 -6.292223, 106.871654 -6.291557, 106.870981 -6.289675, 106.870734 -6.28842, 106.870686 -6.288068, 106.87067 -6.287745, 106.870655 -6.287452, 106.87065 -6.287364, 106.870668 -6.286572, 106.87068 -6.286036, 106.870721 -6.285757, 106.870842 -6.285492, 106.87102 -6.285195, 106.871068 -6.284974, 106.871073 -6.284854, 106.871084 -6.284588, 106.871225 -6.284057, 106.871345 -6.283557, 106.871442 -6.28315, 106.871663 -6.282523, 106.87178 -6.282179, 106.871828 -6.282051, 106.871852 -6.281919, 106.871844 -6.281824, 106.871796 -6.281748, 106.871683 -6.281588, 106.871253 -6.281112, 106.871104 -6.28096, 106.871011 -6.280805, 106.87096 -6.280685, 106.870917 -6.280567, 106.870793 -6.280333, 106.87069 -6.280094, 106.870542 -6.279847)"
drain,,"LINESTRING (106.874888 -6.285893, 106.874809 -6.285956)"
river,Kali Cipinang,"LINESTRING (106.872204 -6.287299, 106.872232 -6.287171, 106.872313 -6.287172, 106.872728 -6.287284, 106.872811 -6.287276, 106.872897 -6.287235, 106.872971 -6.287121, 106.873036 -6.286981, 106.873036 -6.286845, 106.873071 -6.286768, 106.873191 -6.2867, 106.873302 -6.28664, 106.873354 -6.286546, 106.873465 -6.286495, 106.873929 -6.286461, 106.874083 -6.286427, 106.874212 -6.286376, 106.874298 -6.286273, 106.874281 -6.28615, 106.874288 -6.286013, 106.874328 -6.285942, 106.8744 -6.285915, 106.874582 -6.285907, 106.874654 -6.285883, 106.874701 -6.285842, 106.874709 -6.285756, 106.87468 -6.285673, 106.874619 -6.285516, 106.8746 -6.285437, 106.874658 -6.285345, 106.875117 -6.285042, 106.875307 -6.284955, 106.875447 -6.284931, 106.875735 -6.284927, 106.875915 -6.284863, 106.876073 -6.284768, 106.876162 -6.28466, 106.876226 -6.28447, 106.876212 -6.284243, 106.875748 -6.283091, 106.87556 -6.282682, 106.874581 -6.280549, 106.874547 -6.280361, 106.874578 -6.28023, 106.874708 -6.280103)"
river,Ci Liwung,"LINESTRING (106.854617 -6.290632, 106.854569 -6.290409, 106.854444 -6.290308, 106.854184 -6.290206, 106.853958 -6.290202, 106.853555 -6.290301, 106.853152 -6.290529, 106.852827 -6.290788, 106.852646 -6.290873, 106.852426 -6.290958, 106.852267 -6.290984, 106.851763 -6.291005, 106.851663 -6.291105, 106.851624 -6.291283, 106.851587 -6.29167, 106.851595 -6.292048, 106.851535 -6.292158, 106.851506 -6.292328, 106.851535 -6.292502, 106.851377 -6.292746, 106.851282 -6.292832, 106.851094 -6.292926, 106.850918 -6.2929, 106.850568 -6.292809, 106.850318 -6.292628, 106.850261 -6.292539, 106.850142 -6.292297, 106.850037 -6.292074, 106.849471 -6.290853, 106.849385 -6.290597, 106.849379 -6.290377, 106.849494 -6.290175, 106.849732 -6.29014, 106.849917 -6.290102, 106.850284 -6.289986, 106.850588 -6.289899, 106.850791 -6.289845, 106.850973 -6.289685, 106.851065 -6.289497, 106.85128 -6.288988, 106.851325 -6.288728, 106.85128 -6.28831, 106.85122 -6.288208, 106.851043 -6.288098, 106.850793 -6.287936, 106.850601 -6.287855, 106.850428 -6.287826, 106.850099 -6.287987, 106.849986 -6.28817, 106.849871 -6.288337, 106.84965 -6.288494, 106.849419 -6.288521, 106.849382 -6.288512, 106.848497 -6.288044, 106.84833 -6.28788, 106.848128 -6.287664, 106.84797 -6.287454, 106.847798 -6.287213, 106.847711 -6.287048, 106.847571 -6.286836, 106.847485 -6.286436, 106.84745 -6.286244, 106.847406 -6.285948, 106.847358 -6.285579, 106.847674 -6.284998, 106.848047 -6.284568, 106.848239 -6.28441, 106.848374 -6.284301, 106.848625 -6.284071, 106.848699 -6.283957, 106.848807 -6.283842, 106.848872 -6.283805, 106.848915 -6.28364, 106.848867 -6.283482, 106.848787 -6.283341, 106.848591 -6.2833, 106.848425 -6.283406, 106.848292 -6.283479, 106.848115 -6.283492, 106.847904 -6.283466, 106.847752 -6.283396, 106.847643 -6.283271, 106.847618 -6.283067, 106.847671 -6.282915, 106.84772 -6.282852, 106.847754 -6.28278, 106.847798 -6.282706, 106.847956 -6.282535, 106.848034 -6.282432, 106.848136 -6.282293, 106.84831 -6.282073, 106.848473 -6.281884, 106.848567 -6.28173, 106.848791 -6.281404, 106.848888 -6.281286, 106.849005 -6.281206, 106.849072 -6.281123, 106.849102 -6.280988, 106.8494 -6.280627, 106.849587 -6.280442, 106.849894 -6.28028, 106.850289 -6.279987, 106.850397 -6.27988, 106.850486 -6.279733, 106.850496 -6.279677, 106.850466 -6.279563, 106.850294 -6.279473, 106.850033 -6.279482, 106.849444 -6.279559, 106.848957 -6.279642, 106.848448 -6.279795, 106.848315 -6.279895, 106.848113 -6.279974, 106.847833 -6.280025, 106.847434 -6.27988, 106.847259 -6.279772, 106.847035 -6.279544, 106.847008 -6.279517, 106.846822 -6.27934, 106.846796 -6.27905, 106.846892 -6.278804, 106.847542 -6.278364, 106.84776 -6.278237, 106.847956 -6.278106, 106.848136 -6.277985, 106.848574 -6.277618, 106.848819 -6.277345, 106.848964 -6.277086, 106.849091 -6.276933, 106.849234 -6.276632, 106.849455 -6.276518, 106.849756 -6.276512, 106.850352 -6.276722, 106.850623 -6.276765, 106.850765 -6.276751, 106.85094 -6.276773, 106.851327 -6.27661, 106.851542 -6.276473, 106.851764 -6.276093, 106.851804 -6.276008, 106.852005 -6.275501, 106.852031 -6.275336, 106.852025 -6.275182, 106.851734 -6.274534, 106.851515 -6.2742, 106.851375 -6.273998, 106.851274 -6.273834, 106.851282 -6.273616, 106.851457 -6.273426, 106.851766 -6.273221, 106.852034 -6.273142, 106.852332 -6.27322, 106.8526 -6.273284, 106.8531 -6.273373, 106.853315 -6.273329, 106.853466 -6.27318, 106.85362 -6.272949, 106.853571 -6.272797, 106.853554 -6.272563, 106.853508 -6.272352, 106.85354 -6.272059, 106.853632 -6.271914, 106.853982 -6.271914, 106.854403 -6.271943, 106.854796 -6.27217, 106.855158 -6.272436, 106.855454 -6.272582, 106.8564 -6.272686, 106.85658 -6.272721, 106.856703 -6.272696)"
river,Kali Cipinang,"LINESTRING (106.874708 -6.280103, 106.875234 -6.279886)"
canal,Kali Baru Timur,"LINESTRING (106.870542 -6.279847, 106.870486 -6.279754)"
river,,"LINESTRING (106.832906 -6.289124, 106.833211 -6.289108, 106.833243 -6.288628, 106.833286 -6.288255, 106.833587 -6.288073, 106.833651 -6.287935, 106.833941 -6.287903, 106.834198 -6.2877, 106.834424 -6.28738, 106.834563 -6.287295, 106.834795 -6.286732, 106.83533 -6.286673, 106.835316 -6.286545, 106.835272 -6.286171, 106.835159 -6.285535, 106.83511 -6.285119, 106.835078 -6.284351, 106.834968 -6.283825, 106.834992 -6.283637, 106.834937 -6.283378, 106.834547 -6.283152, 106.834542 -6.283005, 106.83454 -6.282872, 106.834458 -6.282757, 106.834215 -6.282659, 106.834 -6.282634, 106.833968 -6.282395, 106.834043 -6.281754, 106.834006 -6.281409, 106.833875 -6.281143, 106.833984 -6.28096, 106.833941 -6.280854, 106.834043 -6.280555, 106.834284 -6.279894, 106.834301 -6.279786, 106.834305 -6.279732, 106.834354 -6.279494, 106.834397 -6.279296, 106.834246 -6.279227, 106.834086 -6.279104, 106.833996 -6.278962, 106.833914 -6.278885, 106.833908 -6.278686, 106.833831 -6.278607, 106.833741 -6.278461, 106.833769 -6.278315, 106.833672 -6.277963, 106.833479 -6.277718, 106.833361 -6.277388, 106.833447 -6.27711, 106.833424 -6.276724, 106.833187 -6.276474, 106.83317 -6.276309, 106.832993 -6.276156, 106.832924 -6.275904, 106.832993 -6.275617, 106.832955 -6.27545, 106.832876 -6.275259, 106.832906 -6.27509, 106.83288 -6.275017, 106.832651 -6.274972, 106.832637 -6.274682, 106.832615 -6.274632, 106.832629 -6.274543, 106.832659 -6.274378, 106.832492 -6.274242, 106.83231 -6.274028, 106.832324 -6.273963, 106.832363 -6.273875, 106.832394 -6.273819, 106.832396 -6.27371, 106.832348 -6.273659, 106.832289 -6.273511, 106.832294 -6.273409, 106.832292 -6.273348, 106.832258 -6.273273, 106.832198 -6.273194, 106.832175 -6.273121, 106.832205 -6.273049, 106.83223 -6.272884, 106.83219 -6.27274, 106.832179 -6.27262, 106.832265 -6.272518, 106.832355 -6.272462, 106.832418 -6.272389, 106.832428 -6.272332, 106.832411 -6.272293, 106.832352 -6.272226, 106.832337 -6.272164, 106.832332 -6.272118, 106.832333 -6.27198, 106.832422 -6.2718, 106.832466 -6.27171, 106.832453 -6.271618, 106.832487 -6.271505)"
canal,Kali Baru Barat,"LINESTRING (106.836489 -6.301307, 106.83638 -6.300849, 106.836299 -6.300402, 106.836235 -6.299529, 106.836203 -6.298919, 106.836192 -6.298716, 106.836188 -6.298681, 106.836002 -6.297306, 106.835997 -6.297197, 106.836013 -6.29713, 106.836057 -6.29703, 106.836187 -6.296789, 106.836624 -6.296186, 106.836879 -6.295848, 106.837322 -6.295346, 106.837619 -6.295026, 106.837685 -6.294924, 106.837861 -6.294694, 106.837933 -6.294597, 106.838009 -6.294544, 106.838081 -6.294514, 106.838116 -6.294509, 106.838234 -6.294474, 106.838321 -6.294394, 106.838425 -6.294297, 106.838816 -6.294122, 106.839065 -6.293987, 106.839128 -6.293977, 106.839274 -6.293911, 106.839682 -6.293786, 106.839767 -6.293722, 106.84006 -6.293468, 106.84023 -6.293309, 106.840339 -6.293208, 106.840902 -6.292784, 106.841241 -6.292534, 106.841366 -6.292331, 106.841513 -6.291999, 106.841688 -6.291491, 106.842039 -6.290653, 106.842207 -6.290226, 106.842329 -6.289947, 106.842446 -6.289603, 106.842512 -6.289455, 106.842568 -6.289306, 106.842642 -6.289116, 106.842729 -6.288884, 106.842789 -6.288776, 106.842897 -6.288652, 106.843085 -6.288311, 106.843137 -6.287932, 106.843179 -6.287695, 106.843233 -6.287252, 106.843282 -6.286935, 106.843453 -6.285946, 106.843524 -6.285357, 106.843577 -6.285058, 106.843737 -6.284064, 106.843803 -6.283925, 106.84392 -6.28372, 106.844048 -6.283466, 106.844119 -6.283336, 106.844199 -6.283022, 106.844323 -6.282478, 106.844552 -6.281481, 106.844602 -6.281206, 106.844672 -6.280726, 106.844741 -6.280068, 106.844885 -6.27951, 106.84516 -6.278687, 106.845246 -6.278484, 106.845536 -6.277572, 106.845797 -6.27655, 106.846012 -6.275068, 106.846076 -6.274588, 106.84614 -6.273938, 106.846173 -6.272927, 106.846198 -6.272462, 106.846217 -6.272241, 106.846245 -6.271782, 106.846273 -6.271583, 106.846273 -6.271299, 106.846298 -6.271047, 106.846396 -6.270891, 106.846297 -6.270304, 106.846001 -6.269448, 106.845733 -6.268968, 106.845604 -6.268424, 106.844623 -6.26695, 106.844409 -6.266628, 106.844246 -6.266304, 106.843931 -6.265651, 106.843287 -6.264361, 106.843115 -6.26274, 106.843051 -6.261129, 106.843158 -6.259967, 106.843213 -6.259154, 106.843319 -6.258356, 106.843351 -6.258004, 106.843244 -6.257418, 106.842944 -6.25568, 106.842774 -6.255293, 106.842451 -6.254824, 106.842062 -6.254256, 106.841964 -6.254062, 106.841935 -6.253819, 106.841904 -6.253446, 106.841904 -6.253311, 106.84193 -6.253206, 106.842377 -6.2521, 106.842459 -6.251851, 106.842545 -6.251489, 106.842584 -6.250783, 106.842621 -6.250156, 106.842685 -6.248253, 106.842647 -6.247495, 106.842709 -6.246486, 106.842738 -6.246168, 106.842772 -6.245804, 106.842788 -6.245506, 106.842814 -6.245177, 106.842702 -6.244377, 106.842844 -6.243661)"
river,,"LINESTRING (106.832487 -6.271505, 106.832463 -6.271214, 106.83213 -6.271141, 106.832123 -6.27104, 106.832151 -6.271006, 106.83221 -6.270934, 106.832226 -6.27092, 106.83227 -6.270875, 106.832317 -6.270809, 106.832356 -6.270735, 106.832377 -6.270525, 106.832372 -6.270407, 106.832376 -6.270312, 106.832407 -6.270235, 106.83244 -6.270139, 106.832468 -6.270101, 106.832515 -6.270047, 106.832561 -6.270003, 106.832588 -6.269963, 106.83259 -6.269908, 106.832599 -6.269848, 106.832674 -6.26984, 106.83271 -6.269824, 106.832726 -6.26977, 106.832711 -6.269703, 106.83267 -6.269618, 106.832624 -6.26955, 106.832561 -6.26948, 106.832502 -6.269412, 106.832504 -6.269357, 106.832565 -6.269227, 106.832669 -6.269147, 106.832723 -6.26911, 106.832795 -6.269076, 106.832911 -6.269045, 106.832956 -6.268996, 106.832945 -6.268912, 106.832887 -6.268833, 106.832773 -6.268765, 106.832693 -6.268704, 106.832598 -6.268671, 106.832496 -6.268661, 106.832417 -6.26868, 106.832397 -6.268607, 106.832376 -6.268603, 106.832368 -6.268531, 106.832361 -6.268503, 106.832294 -6.268509, 106.832233 -6.268504, 106.832181 -6.26848, 106.832145 -6.26841, 106.83213 -6.268362, 106.832113 -6.268307, 106.832083 -6.268252, 106.83203 -6.268155, 106.832002 -6.268058, 106.831976 -6.267894, 106.831922 -6.26783, 106.83187 -6.267714, 106.831822 -6.26758, 106.831829 -6.267488, 106.831868 -6.267426, 106.831894 -6.267396, 106.83192 -6.267367, 106.831981 -6.267341, 106.832063 -6.267324, 106.832105 -6.267294, 106.832125 -6.267212, 106.832126 -6.267152, 106.832087 -6.267058, 106.83205 -6.266984, 106.83204 -6.266918, 106.832065 -6.266892, 106.832091 -6.266856, 106.83213 -6.26685, 106.832177 -6.266834, 106.83221 -6.26677, 106.832222 -6.266709, 106.832215 -6.26663, 106.832148 -6.266546, 106.83203 -6.266424, 106.831901 -6.266273, 106.831861 -6.266184, 106.831838 -6.266122, 106.831839 -6.26609, 106.831806 -6.266077, 106.83172 -6.266102, 106.831632 -6.266148, 106.831587 -6.266229, 106.831562 -6.266296, 106.831509 -6.266356, 106.83143 -6.266312, 106.831354 -6.26625, 106.831284 -6.26614, 106.831244 -6.266096, 106.831182 -6.266008, 106.831155 -6.26594, 106.831123 -6.265878, 106.83108 -6.265823, 106.830918 -6.26578, 106.830828 -6.26585, 106.830779 -6.265967, 106.830458 -6.266163, 106.830388 -6.266178, 106.830348 -6.26612, 106.830255 -6.265844, 106.830203 -6.265826, 106.830104 -6.265835, 106.829993 -6.26589, 106.829895 -6.265915, 106.829796 -6.265927, 106.829688 -6.265924, 106.829602 -6.26589, 106.829491 -6.265875, 106.829322 -6.265872, 106.829214 -6.265878, 106.829174 -6.265896, 106.82909 -6.265915, 106.829007 -6.265905, 106.828828 -6.265831, 106.828725 -6.265836, 106.828671 -6.265883, 106.828593 -6.265908, 106.828506 -6.265891, 106.828472 -6.265855, 106.828472 -6.265794, 106.828469 -6.265724, 106.828386 -6.26556, 106.828249 -6.265429, 106.828083 -6.265381, 106.82735 -6.26549)"
river,Mampang,"LINESTRING (106.82893 -6.278934, 106.828834 -6.278786, 106.828678 -6.278409, 106.828615 -6.278143, 106.828512 -6.278099, 106.828344 -6.277596, 106.828374 -6.27741, 106.828426 -6.277217, 106.828492 -6.276991, 106.82869 -6.276844, 106.8289 -6.276687, 106.828975 -6.27657, 106.828984 -6.276086, 106.828968 -6.275909, 106.829029 -6.275701, 106.829043 -6.275551, 106.828874 -6.275329, 106.828812 -6.275127, 106.828812 -6.274743, 106.829091 -6.274487, 106.829118 -6.27431, 106.829081 -6.274156, 106.82893 -6.274028, 106.828898 -6.273858, 106.828952 -6.27374, 106.828923 -6.273574, 106.828769 -6.273356, 106.828716 -6.273282, 106.828662 -6.273175, 106.828737 -6.273079, 106.828866 -6.272983, 106.828941 -6.272887, 106.828792 -6.272687, 106.828792 -6.272671, 106.828797 -6.272561, 106.828878 -6.27251, 106.828911 -6.272402, 106.828882 -6.272264, 106.828781 -6.272118, 106.828647 -6.271933, 106.828666 -6.271792, 106.828796 -6.271602, 106.828875 -6.271444, 106.828777 -6.271284, 106.828709 -6.270979, 106.828716 -6.270867, 106.829013 -6.270508, 106.828949 -6.270348, 106.828741 -6.270235, 106.82896 -6.269782, 106.829095 -6.269456, 106.829005 -6.269219, 106.828787 -6.268959, 106.828716 -6.268632, 106.82848 -6.268248, 106.828382 -6.267789, 106.828379 -6.267758, 106.828398 -6.267735, 106.82849 -6.267681, 106.828513 -6.26764, 106.828521 -6.267584, 106.828502 -6.267532, 106.828454 -6.267457, 106.828401 -6.267354, 106.828383 -6.267235, 106.82833 -6.266904, 106.828276 -6.266776, 106.82813 -6.266566, 106.828039 -6.266506, 106.82796 -6.266408, 106.827915 -6.266052, 106.827874 -6.265976, 106.827852 -6.265896, 106.827825 -6.265688, 106.82735 -6.26549, 106.827244 -6.265445, 106.827039 -6.265459, 106.826896 -6.26555, 106.826777 -6.265566, 106.826662 -6.265573, 106.826619 -6.265488, 106.826481 -6.265155, 106.826404 -6.265053, 106.82631 -6.264873, 106.826274 -6.264341, 106.826274 -6.264144, 106.826317 -6.263889, 106.826343 -6.263684, 106.826257 -6.263428, 106.826146 -6.263172, 106.826103 -6.262976, 106.826034 -6.262506, 106.826 -6.262208, 106.825948 -6.261892, 106.825888 -6.261551, 106.825802 -6.261227, 106.82557 -6.261039, 106.825287 -6.260902, 106.825056 -6.260715, 106.824784 -6.260546, 106.824634 -6.260427, 106.824571 -6.260276, 106.824587 -6.260075, 106.824742 -6.260014, 106.824853 -6.259972, 106.824916 -6.2599, 106.824987 -6.259756, 106.824957 -6.259652, 106.824864 -6.259494, 106.824911 -6.259199, 106.824846 -6.258958, 106.824779 -6.258683, 106.82479 -6.2583, 106.824858 -6.257703, 106.824841 -6.257387, 106.824858 -6.25702, 106.82479 -6.256662, 106.82479 -6.256406, 106.824729 -6.255962, 106.824875 -6.255681, 106.825013 -6.255536, 106.825116 -6.255382, 106.825373 -6.255084, 106.825287 -6.254632, 106.825149 -6.254625, 106.825014 -6.254632, 106.824686 -6.254597, 106.824552 -6.254416, 106.824503 -6.25443, 106.824463 -6.25449, 106.8244 -6.254531, 106.824274 -6.254512, 106.824189 -6.254316, 106.823975 -6.254152, 106.823871 -6.253804, 106.823725 -6.253949, 106.823668 -6.253976, 106.823602 -6.253974, 106.82355 -6.253891, 106.823497 -6.253885, 106.823401 -6.253916, 106.823309 -6.25393, 106.823238 -6.253856, 106.823293 -6.253705, 106.82333 -6.253513, 106.823382 -6.253318, 106.82367 -6.253216, 106.823699 -6.253036, 106.823571 -6.252652, 106.823554 -6.252242, 106.823794 -6.252146, 106.82396 -6.25196, 106.823904 -6.25167, 106.82396 -6.251252, 106.823953 -6.250768, 106.823921 -6.250529, 106.823895 -6.249882, 106.823744 -6.249179, 106.823639 -6.249043, 106.823413 -6.248563, 106.823202 -6.24834, 106.822817 -6.248116, 106.822549 -6.247713, 106.822435 -6.247106, 106.822352 -6.246877, 106.822272 -6.246605, 106.822381 -6.246171, 106.82247 -6.24594, 106.822623 -6.245728, 106.822677 -6.245432, 106.822629 -6.244858, 106.822606 -6.244611, 106.822628 -6.244542, 106.822685 -6.244512, 106.822856 -6.244484, 106.823032 -6.244458, 106.823235 -6.244408, 106.823308 -6.24436, 106.823404 -6.244205, 106.823458 -6.243956, 106.823485 -6.243863, 106.823508 -6.243806, 106.823566 -6.243652, 106.823543 -6.243593, 106.82348 -6.243516, 106.823319 -6.243484, 106.823209 -6.243432, 106.823178 -6.243381, 106.82318 -6.243332, 106.823426 -6.243099, 106.823469 -6.242989, 106.82348 -6.242921, 106.823459 -6.242878, 106.823279 -6.242594, 106.823106 -6.242325, 106.82299 -6.242337, 106.822839 -6.242427, 106.822694 -6.242397, 106.822615 -6.242329, 106.82249 -6.242287, 106.822359 -6.242315, 106.822258 -6.242295, 106.822192 -6.242174, 106.82212 -6.242085, 106.82205 -6.242082, 106.821929 -6.242093, 106.821788 -6.242105, 106.821644 -6.242042, 106.821496 -6.24193, 106.821441 -6.241837, 106.821363 -6.241756, 106.821344 -6.241654, 106.821392 -6.241594, 106.821483 -6.241578, 106.821628 -6.241558, 106.821688 -6.241426, 106.82167 -6.241243, 106.821544 -6.240998, 106.821466 -6.240821, 106.821359 -6.240661)"
river,Kali Cideng,"LINESTRING (106.835644 -6.252516, 106.835666 -6.252354, 106.83574 -6.252117, 106.83578 -6.252013, 106.835787 -6.251946, 106.835759 -6.251893, 106.835733 -6.251845)"
river,Kali Cideng,"LINESTRING (106.835733 -6.251845, 106.835736 -6.251751)"
river,Kali Cideng,"LINESTRING (106.835736 -6.251751, 106.835737 -6.251714, 106.835725 -6.251611, 106.835736 -6.251535, 106.835724 -6.25132, 106.835714 -6.251217, 106.835743 -6.251112, 106.835747 -6.250989)"
river,Kali Cideng,"LINESTRING (106.835747 -6.250989, 106.835749 -6.250916)"
river,Kali Cideng,"LINESTRING (106.835749 -6.250916, 106.835754 -6.250755, 106.835761 -6.250435, 106.83573 -6.250392, 106.835684 -6.250336, 106.835679 -6.250308, 106.835637 -6.250075, 106.835617 -6.249992, 106.835611 -6.249955, 106.835613 -6.249923, 106.835596 -6.249838, 106.835577 -6.249722, 106.835528 -6.249623, 106.835487 -6.249494, 106.835446 -6.249394, 106.835417 -6.249287, 106.835329 -6.24898, 106.835248 -6.248839, 106.835231 -6.248725, 106.835219 -6.248681, 106.835212 -6.248655, 106.835206 -6.248575, 106.835218 -6.248484, 106.835304 -6.248091, 106.835372 -6.247344)"
river,Kali Cideng,"LINESTRING (106.835372 -6.247344, 106.835373 -6.247325, 106.835397 -6.247203, 106.835446 -6.246926, 106.835463 -6.246825, 106.83547 -6.246787, 106.835473 -6.246749, 106.83548 -6.246724, 106.83549 -6.246692, 106.835492 -6.246677, 106.835506 -6.246617, 106.835512 -6.246558, 106.835518 -6.246494, 106.835538 -6.246359, 106.835543 -6.246288, 106.835537 -6.246203, 106.835539 -6.246159, 106.835529 -6.246109, 106.835527 -6.246048, 106.835522 -6.245973, 106.8355 -6.24589, 106.835475 -6.245796, 106.83543 -6.245671, 106.835458 -6.245456, 106.83543 -6.245184, 106.835384 -6.24463, 106.835341 -6.244276, 106.835321 -6.244237, 106.835301 -6.244146, 106.835277 -6.244065, 106.835242 -6.243943, 106.835235 -6.243853, 106.835219 -6.243734, 106.835272 -6.24355, 106.835302 -6.243393, 106.835301 -6.243328, 106.835318 -6.243264, 106.835347 -6.243155, 106.835327 -6.243116, 106.835321 -6.242999, 106.835286 -6.242899, 106.835268 -6.242795, 106.835247 -6.242744, 106.835227 -6.242672, 106.835227 -6.242603, 106.835208 -6.24253, 106.835188 -6.24246, 106.835166 -6.2423, 106.835144 -6.241986, 106.83528 -6.241397)"
drain,,"LINESTRING (106.889546 -6.268981, 106.889849 -6.267438, 106.89045 -6.265774, 106.890906 -6.264846)"
river,Cipinang,"LINESTRING (106.875234 -6.279886, 106.875525 -6.27973, 106.875766 -6.279687, 106.876022 -6.27953, 106.876195 -6.279474, 106.876264 -6.279363, 106.87616 -6.27926, 106.876092 -6.278979, 106.876108 -6.278746, 106.876115 -6.278645, 106.876186 -6.278603, 106.876332 -6.278518, 106.876607 -6.278501, 106.87683 -6.27845, 106.87689 -6.278347, 106.876864 -6.278143, 106.876796 -6.277972, 106.876871 -6.277908, 106.876841 -6.277826, 106.876913 -6.277781, 106.877088 -6.277749, 106.877171 -6.277642, 106.877152 -6.277546, 106.877136 -6.277421, 106.877163 -6.277338, 106.87723 -6.277293, 106.877361 -6.277421, 106.877455 -6.277426, 106.877631 -6.277309, 106.877758 -6.277152, 106.877714 -6.277084, 106.877473 -6.277, 106.877454 -6.276954, 106.877463 -6.276807, 106.87762 -6.276731, 106.877646 -6.276638, 106.877643 -6.276463, 106.877571 -6.276233, 106.877583 -6.276095, 106.877807 -6.275654, 106.878201 -6.275801, 106.878578 -6.275918, 106.878696 -6.276003, 106.87876 -6.276099, 106.878846 -6.276217, 106.879055 -6.276347, 106.879004 -6.276457, 106.878956 -6.276683, 106.879098 -6.276744, 106.879417 -6.276592, 106.879541 -6.27656, 106.879656 -6.27655, 106.879683 -6.276579, 106.879669 -6.276888, 106.879726 -6.277056, 106.879978 -6.277032, 106.880042 -6.276862, 106.880056 -6.276683, 106.880155 -6.276654, 106.880243 -6.2768, 106.880404 -6.27684, 106.88053 -6.276838, 106.880678 -6.276912, 106.880799 -6.276816, 106.880796 -6.276718, 106.880659 -6.27656, 106.88064 -6.276417, 106.880664 -6.276254, 106.88071 -6.276115, 106.880782 -6.276129, 106.880866 -6.276251, 106.880965 -6.276337, 106.881142 -6.276321, 106.881204 -6.276091, 106.881265 -6.276001, 106.881354 -6.276033, 106.881424 -6.276134, 106.881517 -6.276198, 106.88159 -6.276049, 106.881595 -6.275905, 106.881542 -6.275793, 106.881598 -6.275654, 106.881689 -6.275555, 106.881654 -6.275507, 106.881539 -6.275433, 106.88156 -6.275334, 106.881638 -6.275062, 106.881625 -6.274617, 106.881633 -6.274286, 106.881708 -6.274041, 106.881778 -6.273926, 106.881912 -6.273833, 106.88199 -6.273625, 106.882081 -6.273628, 106.882231 -6.273657, 106.882276 -6.273564, 106.882263 -6.273318, 106.882295 -6.273095, 106.882354 -6.272948, 106.882311 -6.272647, 106.88214 -6.272471, 106.881552 -6.272676, 106.880023 -6.273369, 106.878519 -6.274092, 106.878194 -6.27419, 106.877778 -6.274129, 106.877438 -6.273702, 106.877121 -6.27294, 106.877096 -6.272495, 106.877214 -6.272066, 106.877415 -6.271618, 106.877532 -6.27121, 106.877606 -6.270928, 106.877652 -6.270624, 106.877657 -6.270522, 106.87769 -6.27047, 106.877872 -6.270305, 106.878286 -6.269841, 106.878573 -6.269545, 106.878743 -6.269334, 106.878779 -6.2692, 106.878764 -6.269038, 106.878637 -6.268901, 106.878467 -6.268859, 106.878371 -6.268595, 106.878424 -6.268426, 106.878552 -6.268289, 106.878634 -6.268222, 106.878626 -6.268099, 106.878594 -6.26793, 106.878669 -6.267803, 106.878839 -6.267761, 106.878881 -6.267571, 106.878913 -6.267434, 106.878941 -6.267243, 106.878945 -6.266989, 106.878958 -6.266818, 106.879012 -6.266598, 106.879136 -6.266483, 106.879202 -6.266275, 106.879136 -6.266146, 106.878924 -6.266019, 106.878848 -6.265722, 106.87869 -6.2655, 106.87859 -6.265473, 106.878524 -6.265407, 106.878573 -6.265322, 106.87874 -6.265283, 106.878756 -6.265121, 106.878732 -6.264974, 106.878775 -6.264731, 106.878881 -6.264551, 106.879112 -6.264522, 106.87932 -6.264198, 106.879083 -6.263918, 106.879094 -6.263717, 106.879317 -6.263612, 106.879558 -6.263433, 106.879457 -6.263222, 106.879292 -6.263122, 106.879274 -6.262928, 106.87934 -6.262868, 106.879478 -6.262847, 106.87959 -6.262779, 106.879653 -6.262615, 106.87969 -6.262388, 106.879728 -6.262214, 106.879776 -6.262092, 106.87985 -6.261955, 106.879988 -6.261902, 106.880062 -6.261786, 106.880158 -6.261538, 106.880248 -6.26138, 106.880285 -6.261163, 106.880275 -6.260968, 106.88036 -6.260915, 106.880476 -6.260862, 106.880551 -6.26072, 106.880623 -6.260589, 106.88074 -6.260262, 106.880846 -6.259934, 106.880944 -6.259692, 106.881122 -6.259523, 106.881271 -6.259386, 106.881332 -6.259363, 106.881439 -6.259374, 106.88165 -6.259403, 106.881853 -6.259423, 106.881961 -6.259386, 106.881978 -6.259302, 106.881914 -6.259201, 106.881721 -6.258971, 106.881738 -6.258879, 106.881855 -6.25871, 106.881993 -6.258573, 106.882112 -6.258431, 106.882264 -6.258299, 106.882344 -6.25815, 106.88219 -6.258016, 106.882124 -6.257977, 106.882099 -6.257876, 106.882132 -6.257806, 106.882184 -6.25776, 106.882322 -6.25757, 106.882422 -6.257409, 106.882545 -6.257211, 106.882538 -6.257097, 106.88246 -6.256936, 106.882322 -6.256841, 106.882216 -6.256704, 106.882237 -6.256567, 106.882323 -6.256534, 106.882397 -6.256472, 106.882421 -6.256349, 106.882381 -6.256205, 106.88225 -6.256073, 106.882155 -6.255978, 106.882078 -6.255828, 106.88212 -6.255638, 106.882099 -6.255501, 106.881759 -6.254814, 106.881218 -6.253769, 106.881154 -6.253547, 106.881356 -6.253283, 106.881632 -6.252998, 106.881653 -6.252344, 106.881504 -6.250443, 106.881409 -6.249926, 106.881621 -6.249525, 106.881876 -6.249134, 106.881963 -6.248685, 106.881731 -6.248154, 106.88149 -6.247901)"
drain,,"LINESTRING (106.890906 -6.264846, 106.890745 -6.264713, 106.890568 -6.264499, 106.890374 -6.264206, 106.890264 -6.263998, 106.890015 -6.263412, 106.889961 -6.263348, 106.889245 -6.262964, 106.888919 -6.262842, 106.888842 -6.262684, 106.888505 -6.262804, 106.887912 -6.2619, 106.887652 -6.261762)"
river,,"LINESTRING (106.872879 -6.271244, 106.87309 -6.271223, 106.873194 -6.271181, 106.873197 -6.270912, 106.873219 -6.270804, 106.873377 -6.270254, 106.873436 -6.270118, 106.873521 -6.270048, 106.873738 -6.269981, 106.873863 -6.269923, 106.873944 -6.269854, 106.873969 -6.269764, 106.873967 -6.269595, 106.873936 -6.269435, 106.873978 -6.268981, 106.874063 -6.268612, 106.874233 -6.268137, 106.874462 -6.267589, 106.874686 -6.267546, 106.87505 -6.267488, 106.875094 -6.266832, 106.875136 -6.26612, 106.875082 -6.265636, 106.874911 -6.265254, 106.874822 -6.265002, 106.874813 -6.264797, 106.874679 -6.264473, 106.874648 -6.264072, 106.874605 -6.263608, 106.874541 -6.26328, 106.874626 -6.26309, 106.874701 -6.262763, 106.874849 -6.262319, 106.874962 -6.261945, 106.875027 -6.261583, 106.875267 -6.260116, 106.875505 -6.258665, 106.875548 -6.258473, 106.875591 -6.258168, 106.875652 -6.257425, 106.875707 -6.256438, 106.875784 -6.256021, 106.875791 -6.25598, 106.87584 -6.255575, 106.875881 -6.255385, 106.875939 -6.25527, 106.87602 -6.255106, 106.876014 -6.254962, 106.87595 -6.254826, 106.875866 -6.254662, 106.875838 -6.254562, 106.875861 -6.254354, 106.875922 -6.254153, 106.875962 -6.253974, 106.876376 -6.253531, 106.876422 -6.253157, 106.876553 -6.252605, 106.876582 -6.252449, 106.876605 -6.252308, 106.876625 -6.252161, 106.876723 -6.252061, 106.876752 -6.251989, 106.876894 -6.251589, 106.877033 -6.251091, 106.877178 -6.250541, 106.877214 -6.250316, 106.877266 -6.250097, 106.877375 -6.249616, 106.877565 -6.24891)"
river,,"LINESTRING (106.875784 -6.256021, 106.875641 -6.256026, 106.875467 -6.256018, 106.875368 -6.256012, 106.87527 -6.256009, 106.875227 -6.255989, 106.875209 -6.255928)"
river,Kali Sunter,"LINESTRING (106.90532 -6.260409, 106.905366 -6.260052, 106.905394 -6.259908, 106.905462 -6.259783, 106.905546 -6.259699, 106.905746 -6.259558, 106.905932 -6.259496, 106.906144 -6.259419, 106.906286 -6.259314, 106.906351 -6.259189, 106.906274 -6.258942, 106.906004 -6.258754, 106.905718 -6.258774, 106.905472 -6.258778, 106.905358 -6.258672, 106.90524 -6.2584, 106.905158 -6.257991, 106.905153 -6.257851, 106.905224 -6.257698, 106.905271 -6.257612, 106.905376 -6.257537, 106.905539 -6.257508, 106.905648 -6.257483, 106.90575 -6.257472, 106.905821 -6.25746, 106.905986 -6.257409, 106.906179 -6.257293, 106.906268 -6.257122, 106.906262 -6.256976, 106.906022 -6.25662, 106.905889 -6.25642, 106.905664 -6.256352, 106.905556 -6.256397, 106.905474 -6.256661, 106.905361 -6.256797, 106.905159 -6.256886, 106.904935 -6.256948, 106.904734 -6.256981, 106.904447 -6.257124, 106.904218 -6.257073, 106.903996 -6.256868, 106.903843 -6.256298, 106.903879 -6.256119, 106.904124 -6.255914, 106.904216 -6.255827, 106.904244 -6.255709, 106.904123 -6.255482, 106.903945 -6.255218, 106.903688 -6.254969, 106.903438 -6.254769, 106.903258 -6.254536, 106.903152 -6.254322, 106.903144 -6.254032, 106.903167 -6.253849, 106.903395 -6.253451, 106.903438 -6.253337, 106.90345 -6.253212, 106.903419 -6.253092, 106.902585 -6.252291, 106.901807 -6.251322, 106.90058 -6.249519, 106.900551 -6.249358, 106.900556 -6.24928, 106.900602 -6.249152, 106.900634 -6.249041, 106.900642 -6.248907, 106.900614 -6.248702, 106.900514 -6.248439, 106.900182 -6.248178, 106.900172 -6.248062, 106.900187 -6.247916, 106.90018 -6.24779, 106.900154 -6.247675, 106.900025 -6.247326, 106.899902 -6.246931, 106.899666 -6.246491, 106.899666 -6.246301, 106.899571 -6.246177, 106.899365 -6.246134, 106.899197 -6.246042, 106.89911 -6.245918, 106.899023 -6.245876, 106.898813 -6.245873, 106.898655 -6.245848, 106.898481 -6.245672, 106.898341 -6.245587, 106.898006 -6.245498, 106.897839 -6.245366, 106.897521 -6.245166, 106.897243 -6.245053, 106.896963 -6.244934, 106.896832 -6.244788, 106.896418 -6.244538, 106.896311 -6.244461, 106.896093 -6.244326, 106.894981 -6.243845, 106.894647 -6.243754, 106.894471 -6.243718, 106.894176 -6.24361, 106.893758 -6.243493, 106.893468 -6.243386, 106.893224 -6.24327, 106.893201 -6.243069, 106.893246 -6.242973, 106.893382 -6.242864, 106.893368 -6.242705, 106.89325 -6.242545, 106.893272 -6.242236, 106.893647 -6.242151, 106.893682 -6.241981, 106.893548 -6.241884, 106.893336 -6.241808, 106.893271 -6.241762, 106.893248 -6.241676, 106.893272 -6.241291, 106.893379 -6.240946, 106.893315 -6.240626, 106.893121 -6.240455, 106.892942 -6.240496, 106.892735 -6.240487, 106.892617 -6.240381, 106.892446 -6.24037, 106.892285 -6.240327, 106.892231 -6.240125, 106.892167 -6.239943, 106.892216 -6.239519)"
river,Cipinang,"LINESTRING (106.88149 -6.247901, 106.881405 -6.247823, 106.881243 -6.247674, 106.880982 -6.247392, 106.88061 -6.247094)"
river,Cipinang,"LINESTRING (106.88061 -6.247094, 106.880509 -6.247039, 106.880372 -6.246932, 106.880184 -6.246716, 106.880066 -6.246612, 106.87994 -6.246554, 106.87976 -6.246546, 106.879684 -6.24644)"
canal,Kali Malang,"LINESTRING (106.901451 -6.244797, 106.900101 -6.24435, 106.899112 -6.243994, 106.898728 -6.243772, 106.898301 -6.243454, 106.897349 -6.242655, 106.896353 -6.241855, 106.895728 -6.241315, 106.894674 -6.240401, 106.893888 -6.239868, 106.893282 -6.23964, 106.892694 -6.239538, 106.892216 -6.239519, 106.892017 -6.239509, 106.891641 -6.2395)"
canal,Kali Malang,"LINESTRING (106.880481 -6.239893, 106.879388 -6.23996, 106.878849 -6.239972, 106.878277 -6.24)"
river,Ci Liwung,"LINESTRING (106.856703 -6.272696, 106.85686 -6.27245)"
canal,Kali Baru Timur,"LINESTRING (106.870486 -6.279754, 106.870433 -6.279666, 106.870188 -6.279335, 106.870132 -6.279263, 106.870011 -6.279203, 106.869874 -6.279147, 106.86969 -6.279003, 106.869476 -6.278795, 106.869292 -6.278612, 106.86921 -6.278453, 106.869137 -6.27821, 106.869026 -6.277808, 106.868934 -6.277569, 106.868734 -6.277212, 106.868668 -6.277104, 106.868638 -6.277071, 106.868589 -6.277008, 106.868474 -6.276916, 106.868304 -6.276792, 106.868167 -6.276603, 106.868044 -6.276394, 106.867726 -6.275922, 106.867524 -6.275578, 106.867342 -6.275244, 106.867163 -6.274894, 106.867024 -6.274402, 106.866961 -6.27414, 106.866964 -6.273883, 106.867001 -6.27364, 106.867032 -6.273419, 106.866992 -6.27314, 106.866941 -6.27284, 106.866927 -6.272434, 106.866925 -6.272178, 106.866938 -6.271818, 106.866944 -6.271484, 106.866987 -6.271222, 106.867123 -6.270854, 106.86722 -6.270532, 106.86726 -6.270363, 106.867265 -6.270236, 106.867214 -6.270086, 106.867095 -6.269945, 106.866936 -6.269741, 106.866771 -6.269487, 106.86654 -6.269128, 106.866347 -6.268801, 106.866171 -6.268518, 106.866057 -6.268284, 106.865992 -6.26801, 106.865919 -6.267641, 106.865871 -6.267389, 106.865827 -6.26686, 106.865787 -6.266354, 106.865764 -6.266115, 106.865743 -6.265916, 106.865721 -6.265667, 106.865657 -6.26512, 106.865656 -6.265085, 106.865636 -6.264879, 106.865625 -6.264501, 106.865573 -6.264079, 106.865463 -6.26377, 106.8653 -6.26356, 106.865192 -6.263437, 106.865144 -6.263373, 106.865019 -6.263205, 106.864903 -6.263032, 106.864722 -6.262789, 106.864506 -6.262357)"
river,Ci Liwung,"LINESTRING (106.85686 -6.27245, 106.856725 -6.272062, 106.856691 -6.271867, 106.856615 -6.271724, 106.856512 -6.271617, 106.856253 -6.271508, 106.856044 -6.271403, 106.855894 -6.271328, 106.855268 -6.270902, 106.85501 -6.270663, 106.854885 -6.270373, 106.854881 -6.269878, 106.854951 -6.26964, 106.85516 -6.269593, 106.85538 -6.269638, 106.855594 -6.270066, 106.855841 -6.270454, 106.856066 -6.27056, 106.856215 -6.270626, 106.856362 -6.270568, 106.856442 -6.270513, 106.856578 -6.27037, 106.856605 -6.270246, 106.856555 -6.270151, 106.856424 -6.269808, 106.855791 -6.26803, 106.855508 -6.267199, 106.855525 -6.266986, 106.855525 -6.266619, 106.855369 -6.26614, 106.855093 -6.26593, 106.854468 -6.265579, 106.853963 -6.265083, 106.854178 -6.264699, 106.854996 -6.264508, 106.856066 -6.264375, 106.856882 -6.264245, 106.857199 -6.264016, 106.857216 -6.263863, 106.856924 -6.263675, 106.856512 -6.263607, 106.855697 -6.263334, 106.85517 -6.263027, 106.854721 -6.262828, 106.8545 -6.262726, 106.854263 -6.262445, 106.854359 -6.262163, 106.854649 -6.261982, 106.855043 -6.261846, 106.855336 -6.261777, 106.855465 -6.261802, 106.855624 -6.262003, 106.855796 -6.262198, 106.856031 -6.262433, 106.856306 -6.262657, 106.856881 -6.262865, 106.857353 -6.262865, 106.85786 -6.262866, 106.858125 -6.262878, 106.858338 -6.262888, 106.858674 -6.262974, 106.859012 -6.262995, 106.85918 -6.262891, 106.859406 -6.262573, 106.859448 -6.262524, 106.859688 -6.261534, 106.859892 -6.260596, 106.860037 -6.259696, 106.860229 -6.259068, 106.86052 -6.258002, 106.860572 -6.25743, 106.86051 -6.257165, 106.860239 -6.256983, 106.860123 -6.257009, 106.859917 -6.257043, 106.859681 -6.257059, 106.859451 -6.257049, 106.859322 -6.256909, 106.859336 -6.256722, 106.8594 -6.256554, 106.859507 -6.256456, 106.859767 -6.256309, 106.860287 -6.256002, 106.860457 -6.25588, 106.860698 -6.25562, 106.860768 -6.25551, 106.860788 -6.255377, 106.860731 -6.255007, 106.860503 -6.254657, 106.860023 -6.254439, 106.859808 -6.254372, 106.859606 -6.254342, 106.85943 -6.254376, 106.859238 -6.254463, 106.85907 -6.254616, 106.858886 -6.254745, 106.858418 -6.255058, 106.857942 -6.25533, 106.857787 -6.25528, 106.857621 -6.254995, 106.857594 -6.253856, 106.857681 -6.253522, 106.857887 -6.25295)"
river,,"LINESTRING (106.875267 -6.260116, 106.874532 -6.260093, 106.874344 -6.260073, 106.874139 -6.259998, 106.873792 -6.25996, 106.873587 -6.259932, 106.873572 -6.25993)"
river,,"LINESTRING (106.873572 -6.25993, 106.872926 -6.259791)"
river,,"LINESTRING (106.872926 -6.259791, 106.872785 -6.259694, 106.872625 -6.259689, 106.872401 -6.259693, 106.872169 -6.259632)"
river,,"LINESTRING (106.875209 -6.255928, 106.875209 -6.255877, 106.875166 -6.255851, 106.875102 -6.255808, 106.875067 -6.255744, 106.87507 -6.255675, 106.875038 -6.255635, 106.874972 -6.255621, 106.874891 -6.2556, 106.874871 -6.255563, 106.874847 -6.255474, 106.87483 -6.255307, 106.87481 -6.255224, 106.874787 -6.25518, 106.874755 -6.255169, 106.874706 -6.255103, 106.874659 -6.255005, 106.874624 -6.254956, 106.874436 -6.254979, 106.874266 -6.254999, 106.874054 -6.255016, 106.873935 -6.255002)"
river,Ci Liwung,"LINESTRING (106.857887 -6.25295, 106.857955 -6.252694, 106.858342 -6.25213, 106.858728 -6.251764, 106.858986 -6.251523, 106.859227 -6.251348, 106.859317 -6.251295, 106.85953 -6.251176, 106.859607 -6.251146, 106.860187 -6.250996, 106.860409 -6.251034, 106.860526 -6.251166, 106.860631 -6.251396, 106.860792 -6.252051, 106.860892 -6.252535, 106.861069 -6.253713, 106.861091 -6.253831, 106.86118 -6.253954, 106.861328 -6.254033, 106.862147 -6.25387, 106.86263 -6.253617, 106.862911 -6.253228, 106.862944 -6.253133, 106.862917 -6.25294, 106.862822 -6.252574, 106.862221 -6.251141, 106.862195 -6.250526, 106.862412 -6.250297, 106.863155 -6.249987, 106.863302 -6.249854, 106.863834 -6.249704, 106.863962 -6.249627, 106.864104 -6.24944, 106.864012 -6.249269, 106.863437 -6.248602, 106.862807 -6.247772, 106.862118 -6.246525, 106.861987 -6.245991, 106.861989 -6.245732, 106.86204 -6.245545, 106.862144 -6.245195, 106.862251 -6.244807, 106.862396 -6.244404, 106.862497 -6.244044, 106.862552 -6.243478)"
river,,"LINESTRING (106.862552 -6.243478, 106.862556 -6.242686)"
river,Ci Liwung,"LINESTRING (106.862556 -6.242686, 106.862545 -6.242519, 106.862564 -6.241572, 106.862738 -6.240311, 106.862861 -6.239733, 106.862928 -6.239417, 106.863011 -6.239025, 106.863572 -6.237506, 106.863982 -6.237142, 106.864453 -6.236858, 106.864697 -6.236771, 106.864968 -6.236756, 106.865268 -6.236773, 106.865459 -6.236996)"
canal,Kali Baru Barat,"LINESTRING (106.842844 -6.243661, 106.842916 -6.243523, 106.84356 -6.242424)"
canal,Kali Baru Barat,"LINESTRING (106.84356 -6.242424, 106.843775 -6.242198, 106.84432 -6.241566)"
canal,Kali Baru Barat,"LINESTRING (106.84432 -6.241566, 106.844356 -6.241512)"
river,,"LINESTRING (106.83528 -6.241397, 106.83458 -6.241225)"
river,,"LINESTRING (106.83458 -6.241225, 106.834781 -6.240535)"
river,Mampang,"LINESTRING (106.821359 -6.240661, 106.821221 -6.240452)"
canal,Kali Baru Barat,"LINESTRING (106.844356 -6.241512, 106.844605 -6.241138, 106.845131 -6.240199, 106.845303 -6.239751, 106.845346 -6.239591, 106.845324 -6.239367, 106.845152 -6.239058, 106.844712 -6.238407)"
canal,Kali Baru Barat,"LINESTRING (106.844712 -6.238407, 106.84461 -6.238241)"
canal,Kali Baru Barat,"LINESTRING (106.84461 -6.238241, 106.844538 -6.238105)"
canal,Kali Baru Barat,"LINESTRING (106.844538 -6.238105, 106.844507 -6.238042)"
canal,Kali Malang,"LINESTRING (106.880968 -6.239875, 106.880481 -6.239893)"
canal,Kali Malang,"LINESTRING (106.889942 -6.23944, 106.88901 -6.239497, 106.887891 -6.239549, 106.88569 -6.239617, 106.885236 -6.239654, 106.884191 -6.239715, 106.883554 -6.239745, 106.880968 -6.239875)"
canal,Kali Malang,"LINESTRING (106.891641 -6.2395, 106.89074 -6.239456, 106.889942 -6.23944)"
drain,Sodetan Ciliwung,"LINESTRING (106.876896 -6.231687, 106.877037 -6.231658, 106.877098 -6.231602, 106.877191 -6.231112)"
river,Cipinang,"LINESTRING (106.879112 -6.246636, 106.879183 -6.246694, 106.879239 -6.246702, 106.879287 -6.246678, 106.87951 -6.24656, 106.879684 -6.24644, 106.879739 -6.246334, 106.879797 -6.246224, 106.879864 -6.246003, 106.879898 -6.245792, 106.879809 -6.24562, 106.879546 -6.245439, 106.879505 -6.245337, 106.879501 -6.24514, 106.879501 -6.245132, 106.879511 -6.244858, 106.87945 -6.24462, 106.879342 -6.244453, 106.879264 -6.244368, 106.87916 -6.244257, 106.879132 -6.244211, 106.879068 -6.244103, 106.87909 -6.244003, 106.87917 -6.243864, 106.879297 -6.243694, 106.879445 -6.242869, 106.879414 -6.242737, 106.879358 -6.242586, 106.879343 -6.242378, 106.879376 -6.242199, 106.87945 -6.241801, 106.879221 -6.241325, 106.878916 -6.241138, 106.878849 -6.239972, 106.878849 -6.239911, 106.878828 -6.237938, 106.878593 -6.23693, 106.878531 -6.236417, 106.878209 -6.234791, 106.877465 -6.232199, 106.877324 -6.23145, 106.877284 -6.231358, 106.877228 -6.23123, 106.877191 -6.231112, 106.877171 -6.230938, 106.877172 -6.23076, 106.877282 -6.2305, 106.877767 -6.229848, 106.878108 -6.229469, 106.87835 -6.229132, 106.878096 -6.229049, 106.877826 -6.229035, 106.877678 -6.22895, 106.877342 -6.228733, 106.877118 -6.228784, 106.877029 -6.228762, 106.876918 -6.228722, 106.876845 -6.228683, 106.876782 -6.228627, 106.876766 -6.228551, 106.876788 -6.228419, 106.876824 -6.228317, 106.876859 -6.228276, 106.877013 -6.228217, 106.877208 -6.228159, 106.87738 -6.228166, 106.877471 -6.228153, 106.87754 -6.228115, 106.877574 -6.228077, 106.877492 -6.228013, 106.877392 -6.227921, 106.877308 -6.227836, 106.87724 -6.227774, 106.877164 -6.227692, 106.877054 -6.227564, 106.877002 -6.227538, 106.876947 -6.227546, 106.876859 -6.227592, 106.876815 -6.227734, 106.876697 -6.2278, 106.876605 -6.227788, 106.876552 -6.227663, 106.876522 -6.227179, 106.876425 -6.226832, 106.876351 -6.226423, 106.876366 -6.226047, 106.876477 -6.225434, 106.876582 -6.22527, 106.876768 -6.225184, 106.876968 -6.225112, 106.877184 -6.22494, 106.877264 -6.224756, 106.877287 -6.224707, 106.877308 -6.224664, 106.877359 -6.224557, 106.877419 -6.224432, 106.87738 -6.22424, 106.877352 -6.224038, 106.877476 -6.223559, 106.877832 -6.223391, 106.878032 -6.223258, 106.878168 -6.223137, 106.878239 -6.22302, 106.87833 -6.222871, 106.878335 -6.222866, 106.87841 -6.222796, 106.878573 -6.22278, 106.878718 -6.222826, 106.878817 -6.222898, 106.878944 -6.223052, 106.879118 -6.223341, 106.87923 -6.223353, 106.879339 -6.223365, 106.879472 -6.223379, 106.87961 -6.223394, 106.879768 -6.223387, 106.879785 -6.223246, 106.879772 -6.223094, 106.879764 -6.222995, 106.879789 -6.222908, 106.879984 -6.222781, 106.880112 -6.222698, 106.880328 -6.222507, 106.880438 -6.222411, 106.880533 -6.222367, 106.880702 -6.222288, 106.880782 -6.22225, 106.880884 -6.222203, 106.880912 -6.222085, 106.880957 -6.221894, 106.880988 -6.221763, 106.881011 -6.221564, 106.881019 -6.22146, 106.881016 -6.221306, 106.881014 -6.221258, 106.88097 -6.220964, 106.881012 -6.220823, 106.88114 -6.220583, 106.881839 -6.220719, 106.882021 -6.220516, 106.882042 -6.220106, 106.882141 -6.22005, 106.882254 -6.220002, 106.882349 -6.219975, 106.882459 -6.220023, 106.882985 -6.219934, 106.883276 -6.219915, 106.883434 -6.2199, 106.883551 -6.219972, 106.883724 -6.22012, 106.883779 -6.220109, 106.883808 -6.220076, 106.883802 -6.219824, 106.883836 -6.2197, 106.883916 -6.21964, 106.884054 -6.219643, 106.884243 -6.219687, 106.884444 -6.219805, 106.884527 -6.219972, 106.884624 -6.2201, 106.88477 -6.220216, 106.885327 -6.220141, 106.885374 -6.219691, 106.885752 -6.21921, 106.885649 -6.218985, 106.885579 -6.218795, 106.88564 -6.218526, 106.885601 -6.218403, 106.885568 -6.218327, 106.885545 -6.21816, 106.88563 -6.2181, 106.885793 -6.217967, 106.885894 -6.217899, 106.88602 -6.217847, 106.886139 -6.217833, 106.886436 -6.217764, 106.887338 -6.217609, 106.887692 -6.217364, 106.887885 -6.217012, 106.888025 -6.216905, 106.888614 -6.216846, 106.88881 -6.216885, 106.889194 -6.217054, 106.889505 -6.217054, 106.89001 -6.217172, 106.890224 -6.217193, 106.890407 -6.217118, 106.890718 -6.216932, 106.891002 -6.216724, 106.891175 -6.216573, 106.891487 -6.216106, 106.89175 -6.215602, 106.891976 -6.215298, 106.892136 -6.21521, 106.892385 -6.215179, 106.892481 -6.215131, 106.89253 -6.214969, 106.892405 -6.214116, 106.89237 -6.213791, 106.89237 -6.213548)"
river,Kanal Banjir Timur,"LINESTRING (106.87835 -6.229132, 106.878561 -6.228997)"
river,,"LINESTRING (106.878961 -6.228829, 106.878561 -6.228997)"
river,,"LINESTRING (106.892017 -6.239509, 106.892101 -6.239078, 106.892359 -6.238486, 106.892697 -6.238289, 106.892796 -6.238043, 106.892806 -6.237806, 106.892687 -6.237668, 106.892478 -6.237608, 106.892251 -6.237463, 106.892264 -6.237255, 106.89229 -6.237086, 106.892379 -6.236957, 106.892498 -6.236888, 106.892706 -6.236764, 106.892855 -6.236612, 106.893014 -6.236405, 106.893034 -6.236168, 106.892984 -6.235951, 106.892846 -6.235724, 106.892994 -6.235556, 106.893034 -6.235398, 106.892905 -6.23526, 106.892746 -6.235181, 106.892587 -6.235181, 106.892419 -6.235329, 106.892379 -6.235517, 106.89225 -6.235704, 106.892111 -6.235754, 106.892022 -6.235586, 106.891982 -6.23528, 106.891912 -6.235142, 106.891903 -6.234905, 106.892091 -6.234678, 106.892052 -6.234412, 106.891525 -6.232537, 106.891346 -6.232303, 106.89094 -6.231975, 106.890795 -6.231846, 106.890652 -6.231718, 106.890483 -6.231422, 106.89035 -6.231324, 106.890255 -6.231255, 106.890216 -6.231236, 106.890144 -6.231203, 106.890092 -6.231179, 106.890048 -6.231082, 106.890064 -6.230905, 106.890061 -6.230772, 106.890054 -6.230624, 106.890047 -6.230593, 106.890035 -6.230485, 106.890024 -6.230359, 106.890036 -6.23023, 106.890052 -6.230172, 106.89006 -6.230115, 106.89007 -6.229933, 106.890046 -6.229789, 106.890033 -6.229628, 106.89012 -6.229467, 106.890254 -6.229277, 106.890338 -6.22912, 106.890395 -6.229064, 106.890498 -6.229038, 106.890715 -6.228907, 106.890788 -6.228774, 106.890914 -6.228704, 106.891512 -6.228566, 106.891732 -6.228499, 106.891753 -6.228403, 106.891721 -6.228307, 106.891635 -6.228254, 106.891549 -6.228184, 106.891431 -6.228051, 106.891362 -6.227976, 106.891329 -6.227864, 106.891362 -6.227763, 106.891415 -6.227662, 106.891404 -6.227592, 106.89141 -6.227454, 106.89142 -6.22732, 106.891512 -6.227267, 106.891619 -6.227214, 106.891678 -6.227182, 106.891721 -6.227113, 106.891909 -6.226835, 106.892043 -6.226739, 106.89215 -6.226697, 106.892306 -6.226691, 106.892424 -6.226691, 106.892628 -6.22667, 106.89276 -6.226571, 106.892837 -6.226521, 106.892864 -6.226425, 106.89289 -6.226323, 106.892944 -6.226185, 106.892982 -6.226062, 106.892982 -6.225907, 106.892998 -6.225758, 106.893062 -6.225689, 106.893089 -6.225603, 106.893142 -6.225529, 106.893175 -6.225449, 106.893309 -6.225342, 106.893421 -6.225299, 106.893477 -6.225203, 106.893448 -6.225113, 106.893378 -6.225017, 106.893293 -6.224948, 106.893293 -6.224841, 106.893336 -6.224724, 106.893368 -6.224649, 106.893421 -6.22459, 106.893464 -6.224505, 106.893459 -6.224388, 106.893443 -6.224297, 106.893427 -6.224025, 106.893459 -6.223918, 106.893577 -6.22354, 106.89363 -6.223412, 106.893657 -6.223278, 106.893646 -6.22322, 106.893582 -6.222958, 106.893646 -6.222804, 106.893695 -6.222638, 106.893802 -6.222532, 106.894027 -6.222228, 106.894162 -6.222089, 106.894226 -6.222052, 106.894517 -6.221816, 106.894812 -6.221622, 106.895043 -6.221559, 106.895261 -6.221465, 106.895406 -6.221364, 106.895513 -6.221369, 106.895657 -6.221357, 106.895689 -6.221328, 106.895702 -6.221256, 106.895731 -6.221188, 106.895814 -6.220895, 106.895938 -6.220599, 106.896002 -6.220434, 106.89613 -6.219948, 106.896169 -6.219749, 106.896191 -6.219581, 106.896136 -6.219467, 106.896056 -6.219383, 106.895991 -6.219269, 106.895964 -6.219156, 106.895964 -6.219023, 106.895953 -6.218879, 106.895904 -6.218813, 106.895868 -6.218783, 106.895765 -6.218713, 106.895518 -6.218573, 106.895155 -6.218442, 106.895115 -6.218362, 106.895045 -6.218224, 106.895029 -6.217977, 106.895047 -6.217914, 106.895079 -6.21772, 106.895143 -6.217626, 106.89517 -6.21753, 106.895192 -6.217428, 106.895197 -6.217338, 106.895208 -6.217231, 106.89524 -6.217167, 106.895283 -6.217076, 106.895336 -6.216991, 106.895406 -6.216964, 106.895529 -6.216948, 106.89561 -6.216932, 106.895739 -6.216986, 106.895808 -6.217002, 106.895905 -6.216996, 106.895942 -6.216922, 106.895926 -6.216852, 106.895916 -6.216682, 106.896041 -6.216559)"
river,Sunter,"LINESTRING (106.896041 -6.216559, 106.89608 -6.216451, 106.896143 -6.21641, 106.896156 -6.216356, 106.896168 -6.216209)"
river,Sunter,"LINESTRING (106.896168 -6.216209, 106.896165 -6.216081)"
river,,"LINESTRING (106.834781 -6.240535, 106.834839 -6.240106, 106.83495 -6.239135, 106.835537 -6.238072, 106.835902 -6.237377, 106.836124 -6.236584, 106.83611 -6.236402, 106.836125 -6.23631, 106.83623 -6.236155, 106.83636 -6.236, 106.836369 -6.235746, 106.836412 -6.235536, 106.836419 -6.235162, 106.83646 -6.234751, 106.836459 -6.234654, 106.836435 -6.23456, 106.836439 -6.234402, 106.836435 -6.234306, 106.836467 -6.234142, 106.836529 -6.233964, 106.83656 -6.233831, 106.836454 -6.233611, 106.836435 -6.233526, 106.836468 -6.233388, 106.836557 -6.233118, 106.836609 -6.232627, 106.836701 -6.232456, 106.836729 -6.231884, 106.836718 -6.231703, 106.836748 -6.231527, 106.836734 -6.231273, 106.836721 -6.231042, 106.836729 -6.230946, 106.836764 -6.230719, 106.836842 -6.230148, 106.836826 -6.22989, 106.836769 -6.229751, 106.836603 -6.229463, 106.836447 -6.229084, 106.836356 -6.228882, 106.836246 -6.228743, 106.83613 -6.228543, 106.836029 -6.2282, 106.835965 -6.227963, 106.835922 -6.227917, 106.835808 -6.22788, 106.83577 -6.227862, 106.835724 -6.227711, 106.835642 -6.22748, 106.835601 -6.227304, 106.835562 -6.227176, 106.835527 -6.226996, 106.835501 -6.226813, 106.835399 -6.226597, 106.835308 -6.226373, 106.835271 -6.226186, 106.835159 -6.225873, 106.835154 -6.2258, 106.83518 -6.225734)"
canal,Kali Baru Barat,"LINESTRING (106.844507 -6.238042, 106.844401 -6.237842, 106.84424 -6.237234, 106.844155 -6.236893, 106.844122 -6.236381, 106.844101 -6.235325, 106.844026 -6.235112, 106.84379 -6.234642, 106.843682 -6.234386, 106.843618 -6.23412, 106.8438 -6.233757, 106.844216 -6.233115, 106.845002 -6.23204, 106.845635 -6.231422, 106.846071 -6.231036, 106.846526 -6.230654, 106.846806 -6.230312, 106.846888 -6.230164, 106.847019 -6.229651, 106.847126 -6.22915, 106.847191 -6.228382, 106.847277 -6.227582, 106.847248 -6.225573)"
river,,"LINESTRING (106.83518 -6.225734, 106.835326 -6.22544)"
river,,"LINESTRING (106.835326 -6.22544, 106.835455 -6.225282)"
canal,Kali Baru Barat,"LINESTRING (106.847248 -6.225573, 106.847313 -6.224234)"
canal,Kali Baru Barat,"LINESTRING (106.847313 -6.224234, 106.847395 -6.224041, 106.847429 -6.22387, 106.847395 -6.223699, 106.847361 -6.223486, 106.847335 -6.223324, 106.8473 -6.22311, 106.847189 -6.222914)"
river,,"LINESTRING (106.835455 -6.225282, 106.835462 -6.225079, 106.835392 -6.224567, 106.835427 -6.224055, 106.835612 -6.223586, 106.835721 -6.22287, 106.835766 -6.222576, 106.835833 -6.222328, 106.835908 -6.22183, 106.835842 -6.221422, 106.835733 -6.220832, 106.835643 -6.220412, 106.835571 -6.220254, 106.83547 -6.220091, 106.83533 -6.219895, 106.835292 -6.219773)"
canal,Kali Baru Barat,"LINESTRING (106.847189 -6.222914, 106.846923 -6.222419, 106.84669 -6.222005)"
river,,"LINESTRING (106.835292 -6.219773, 106.835232 -6.219573)"
river,,"LINESTRING (106.835232 -6.219573, 106.835214 -6.219469, 106.835248 -6.219301)"
river,Ci Liwung,"LINESTRING (106.865459 -6.236996, 106.865522 -6.2373, 106.865602 -6.237703, 106.866187 -6.238904, 106.866385 -6.239104, 106.866609 -6.239246)"
river,Ci Liwung,"LINESTRING (106.866609 -6.239246, 106.866733 -6.23923, 106.866778 -6.239195, 106.866844 -6.239095, 106.866939 -6.238883, 106.866975 -6.238516, 106.86691 -6.238249, 106.86679 -6.237887, 106.86658 -6.237333, 106.866482 -6.236851, 106.866202 -6.236373, 106.865378 -6.235589, 106.86524 -6.235322, 106.865216 -6.234975, 106.865391 -6.234793, 106.865835 -6.234733, 106.86612 -6.234639, 106.866301 -6.234436, 106.866287 -6.234159, 106.866208 -6.233952, 106.865687 -6.233045, 106.865476 -6.232759, 106.865026 -6.232149, 106.864426 -6.231765, 106.863765 -6.231424, 106.86347 -6.231225, 106.863335 -6.230956, 106.863327 -6.230771, 106.863816 -6.229871, 106.864419 -6.229251)"
drain,Sodetan Ciliwung,"LINESTRING (106.865476 -6.232759, 106.86629 -6.232206, 106.86641 -6.232147, 106.866511 -6.23211)"
river,,"LINESTRING (106.869783 -6.23342, 106.869739 -6.232808, 106.869723 -6.232452, 106.869702 -6.231884, 106.869701 -6.23163, 106.869724 -6.23104, 106.869731 -6.230651)"
drain,Sodetan Ciliwung,"LINESTRING (106.866511 -6.23211, 106.866897 -6.231972, 106.867077 -6.23193, 106.87239 -6.231667, 106.876896 -6.231687)"
river,,"LINESTRING (106.869731 -6.230651, 106.869776 -6.229939, 106.869926 -6.229267, 106.870125 -6.228448, 106.870241 -6.227991, 106.870327 -6.227498, 106.870423 -6.227116, 106.870558 -6.226666, 106.870622 -6.226396, 106.870649 -6.22606, 106.870665 -6.225863, 106.87063 -6.2257, 106.870587 -6.22561, 106.870525 -6.225492, 106.870461 -6.225359, 106.870421 -6.225255, 106.870372 -6.22511, 106.870295 -6.224796, 106.870218 -6.224469, 106.870145 -6.224202, 106.870083 -6.223967, 106.869924 -6.223374, 106.869747 -6.22276, 106.869572 -6.2223, 106.869501 -6.222107, 106.869464 -6.221958, 106.869291 -6.221382, 106.869126 -6.220793, 106.868839 -6.219809, 106.868707 -6.219425, 106.86844 -6.218782, 106.868338 -6.218588, 106.868257 -6.218432, 106.86795 -6.217835, 106.867813 -6.217552, 106.867757 -6.217444, 106.867456 -6.216769, 106.86727 -6.216296, 106.867224 -6.216201, 106.867011 -6.215762, 106.866914 -6.215538, 106.866769 -6.215306)"
river,,"LINESTRING (106.866769 -6.215306, 106.866719 -6.215212, 106.866678 -6.215153, 106.866555 -6.215139, 106.866378 -6.215124, 106.866159 -6.215038, 106.866088 -6.214996, 106.866049 -6.214946, 106.865912 -6.214698, 106.865729 -6.21447, 106.865609 -6.214352, 106.865269 -6.214017, 106.865226 -6.21399, 106.864925 -6.213679, 106.864358 -6.213123, 106.864237 -6.213, 106.864102 -6.212845)"
river,Kali Utan Kayu,"LINESTRING (106.869745 -6.211751, 106.869692 -6.211768, 106.869621 -6.211793, 106.869577 -6.211804, 106.869482 -6.21183, 106.869326 -6.211873, 106.869214 -6.21189, 106.869128 -6.2119, 106.869021 -6.211906, 106.868868 -6.211903, 106.868737 -6.211899, 106.868644 -6.211893, 106.86859 -6.211887, 106.868555 -6.211881, 106.868486 -6.211888, 106.868352 -6.211896, 106.868239 -6.211906, 106.868177 -6.211909, 106.868155 -6.211904, 106.868133 -6.211911, 106.8681 -6.211929, 106.868067 -6.211938, 106.868052 -6.211939, 106.868034 -6.211938, 106.868005 -6.211946, 106.867957 -6.211944, 106.867883 -6.211946, 106.867801 -6.211912, 106.867704 -6.211858, 106.867552 -6.211743, 106.867461 -6.211673, 106.867347 -6.211583, 106.867181 -6.211484, 106.867124 -6.211433, 106.867035 -6.211392, 106.866996 -6.211383, 106.866948 -6.211389, 106.866886 -6.211354, 106.866879 -6.211276, 106.866877 -6.211176, 106.866862 -6.211141, 106.866837 -6.211054, 106.866795 -6.210896, 106.866779 -6.210778, 106.866754 -6.210671, 106.866714 -6.210488, 106.866707 -6.21046, 106.86665 -6.210237, 106.866555 -6.209919, 106.866527 -6.209838, 106.86641 -6.209453, 106.866374 -6.209346, 106.866345 -6.209241, 106.866328 -6.209187, 106.866344 -6.209158, 106.866364 -6.209136, 106.866437 -6.209118)"
canal,Kanal Banjir Barat,"LINESTRING (106.849126 -6.207541, 106.849012 -6.207552, 106.84868 -6.207672, 106.848448 -6.207812)"
river,Kali Utan Kayu,"LINESTRING (106.866437 -6.209118, 106.866918 -6.209016, 106.867205 -6.208917, 106.867311 -6.208824, 106.867439 -6.20857, 106.867572 -6.208384, 106.868091 -6.207822, 106.868305 -6.207662, 106.868574 -6.207559, 106.86895 -6.207341, 106.869035 -6.207257, 106.869056 -6.207086, 106.86911 -6.206894, 106.869217 -6.20666, 106.869314 -6.206382, 106.869357 -6.206201, 106.869386 -6.20606, 106.8694 -6.205977, 106.869432 -6.2057, 106.869421 -6.205305, 106.869378 -6.204836, 106.869282 -6.204228, 106.869003 -6.202511, 106.868949 -6.202137, 106.868949 -6.201775, 106.869206 -6.199492, 106.869239 -6.199215, 106.869217 -6.198991)"
river,,"LINESTRING (106.835248 -6.219301, 106.835304 -6.219137)"
canal,Kali Baru Barat,"LINESTRING (106.84669 -6.222005, 106.84658 -6.221813, 106.846451 -6.221608, 106.846193 -6.221259, 106.845979 -6.220926, 106.845756 -6.220474, 106.845509 -6.219855, 106.845318 -6.219262, 106.845223 -6.219047, 106.84512 -6.218801, 106.845055 -6.218689, 106.845009 -6.218614, 106.844849 -6.218427, 106.844522 -6.218121, 106.844176 -6.217769, 106.843975 -6.217486, 106.843932 -6.217412, 106.843738 -6.217078, 106.843673 -6.216962, 106.843586 -6.21679, 106.84349 -6.216579, 106.843374 -6.216144, 106.843335 -6.215781, 106.843275 -6.215627, 106.843249 -6.21538, 106.843244 -6.215099)"
canal,Kali Baru Barat,"LINESTRING (106.843244 -6.215099, 106.843272 -6.214947, 106.843353 -6.214628, 106.843434 -6.214417)"
canal,Kali Baru Barat,"LINESTRING (106.843434 -6.214417, 106.843747 -6.21369, 106.844451 -6.211839, 106.845423 -6.209384)"
river,,"LINESTRING (106.835304 -6.219137, 106.835368 -6.218981, 106.835536 -6.218757, 106.835676 -6.218585, 106.835859 -6.218357, 106.835908 -6.218279, 106.835946 -6.218226, 106.835956 -6.21813, 106.835922 -6.218041, 106.835809 -6.217822, 106.835706 -6.217524, 106.835711 -6.21722, 106.835736 -6.217067, 106.835956 -6.216456, 106.836031 -6.216246, 106.836074 -6.21615, 106.836169 -6.215935, 106.83621 -6.215714, 106.836251 -6.215535, 106.836272 -6.215342, 106.836288 -6.215093, 106.836246 -6.214797, 106.836163 -6.214211, 106.836034 -6.214008, 106.835568 -6.213619, 106.83475 -6.213109, 106.83454 -6.212984, 106.833738 -6.212718, 106.832904 -6.21244, 106.832258 -6.212251, 106.831794 -6.212048, 106.831324 -6.211766, 106.831137 -6.211627, 106.830903 -6.211323, 106.830796 -6.21112, 106.830775 -6.210634, 106.830623 -6.209475, 106.830425 -6.208571, 106.829754 -6.207129, 106.829523 -6.206671, 106.829436 -6.206516, 106.82914 -6.205963, 106.828846 -6.205388, 106.828665 -6.205254, 106.828396 -6.20511, 106.827804 -6.204633, 106.827466 -6.204222)"
canal,Kali Baru Barat,"LINESTRING (106.845423 -6.209384, 106.845467 -6.209263)"
canal,Kali Baru Barat,"LINESTRING (106.845467 -6.209263, 106.845567 -6.208997)"
canal,,"LINESTRING (106.845567 -6.208997, 106.845505 -6.208781, 106.845398 -6.208403, 106.845442 -6.208303, 106.845206 -6.208206)"
canal,Kanal Banjir Barat,"LINESTRING (106.848448 -6.207812, 106.848399 -6.207846, 106.848022 -6.208116)"
river,,"LINESTRING (106.828381 -6.205846, 106.82862 -6.206197, 106.828968 -6.206706)"
river,Kali Grogol,"LINESTRING (106.784128 -6.292001, 106.784502 -6.291416)"
river,Krukut,"LINESTRING (106.805705 -6.291824, 106.805758 -6.291498, 106.805782 -6.291427)"
river,Krukut,"LINESTRING (106.805782 -6.291427, 106.805863 -6.291281, 106.806072 -6.290985, 106.806261 -6.290735)"
river,Kali Grogol,"LINESTRING (106.784502 -6.291416, 106.784934 -6.290985, 106.785044 -6.290809, 106.785087 -6.290537, 106.785174 -6.29038, 106.785248 -6.290249, 106.78558 -6.289812, 106.785704 -6.289641, 106.785666 -6.289572, 106.785597 -6.28931, 106.78557 -6.288905, 106.785527 -6.288641, 106.785511 -6.288537, 106.785408 -6.288476, 106.785259 -6.288388, 106.785157 -6.288244, 106.785108 -6.288143, 106.785114 -6.288036, 106.785393 -6.287711, 106.78594 -6.286922, 106.786337 -6.286282, 106.787059 -6.285396, 106.787163 -6.285269, 106.787578 -6.284871, 106.787619 -6.284831, 106.787865 -6.284595)"
river,,"LINESTRING (106.796011 -6.278398, 106.795952 -6.278425, 106.795102 -6.278766, 106.794977 -6.278454, 106.794901 -6.27848, 106.794881 -6.278392, 106.794846 -6.278356, 106.794606 -6.27842, 106.794382 -6.278444, 106.794272 -6.278327, 106.79411 -6.278134, 106.794025 -6.2781, 106.793982 -6.27812, 106.793887 -6.27792, 106.793843 -6.277899, 106.793772 -6.277927, 106.793754 -6.277907, 106.793714 -6.277735, 106.793684 -6.277648, 106.793671 -6.277633, 106.793624 -6.277636, 106.793591 -6.277622, 106.793563 -6.277566, 106.793481 -6.277399, 106.793454 -6.277336, 106.793752 -6.277241, 106.794118 -6.277112, 106.794132 -6.277108, 106.794024 -6.276876, 106.793995 -6.276809, 106.793928 -6.276573, 106.793857 -6.276379, 106.793833 -6.276319, 106.793753 -6.276356, 106.793694 -6.276356, 106.793659 -6.276352, 106.793621 -6.276344, 106.793549 -6.276235, 106.793452 -6.276074, 106.793385 -6.275953, 106.793324 -6.275821, 106.793284 -6.275683, 106.79324 -6.275512, 106.793234 -6.275413, 106.793173 -6.275185, 106.793146 -6.27506, 106.793131 -6.275052, 106.793114 -6.275032, 106.793114 -6.274956, 106.793116 -6.274871, 106.793124 -6.274752, 106.793134 -6.274516, 106.793122 -6.274175, 106.793091 -6.273879, 106.792957 -6.273364, 106.792898 -6.273056, 106.792799 -6.272615, 106.792791 -6.272566, 106.792796 -6.272484, 106.792748 -6.272456, 106.792668 -6.272389, 106.792638 -6.272237, 106.792614 -6.272114, 106.792576 -6.272037, 106.792499 -6.271949, 106.792281 -6.271744, 106.79171 -6.271389, 106.791479 -6.271178, 106.791299 -6.270982)"
river,Sodetan Kali Grogol,"LINESTRING (106.785092 -6.261385, 106.785323 -6.261582, 106.785278 -6.262468, 106.785264 -6.262745, 106.785263 -6.263154, 106.785292 -6.263294, 106.785276 -6.263545, 106.785238 -6.263692, 106.785176 -6.26387, 106.785162 -6.263973, 106.785167 -6.264038, 106.785228 -6.26442, 106.785232 -6.264473, 106.785296 -6.264707, 106.785404 -6.265017, 106.785329 -6.265335, 106.785366 -6.265423, 106.785424 -6.265465, 106.785594 -6.265581, 106.785736 -6.265678, 106.786187 -6.265891, 106.786326 -6.266008, 106.786327 -6.26601, 106.786401 -6.266211, 106.786436 -6.266467, 106.786461 -6.266503, 106.786662 -6.266688, 106.786903 -6.266722, 106.787349 -6.266833, 106.78795 -6.267012, 106.788435 -6.26716, 106.788954 -6.267319, 106.789658 -6.267541, 106.79019 -6.26766, 106.790414 -6.267898, 106.79051 -6.268211, 106.790661 -6.268584, 106.790666 -6.268768, 106.790688 -6.268915, 106.790784 -6.269094, 106.790893 -6.26925, 106.790973 -6.269526, 106.791156 -6.269868, 106.791249 -6.270129, 106.791325 -6.270477, 106.791307 -6.270861, 106.791299 -6.270982, 106.791289 -6.271127, 106.791409 -6.271363, 106.791495 -6.271645, 106.791495 -6.271926, 106.791435 -6.272123, 106.791426 -6.272378, 106.791486 -6.272575, 106.791555 -6.272754, 106.79158 -6.272984, 106.791483 -6.273212, 106.79146 -6.273266, 106.791289 -6.273505, 106.790962 -6.273948, 106.79071 -6.274229, 106.790671 -6.274273, 106.790276 -6.274614, 106.78995 -6.275092, 106.789692 -6.275348, 106.789674 -6.2763, 106.789684 -6.276524, 106.789582 -6.277224, 106.789632 -6.277609, 106.789765 -6.27807, 106.79006 -6.278462, 106.790175 -6.278605, 106.790242 -6.278742, 106.790253 -6.27887, 106.790214 -6.279363, 106.790225 -6.279546, 106.790339 -6.279851, 106.790339 -6.27999, 106.790156 -6.28032, 106.790038 -6.280608, 106.790188 -6.281173, 106.790124 -6.281547, 106.789899 -6.282048, 106.789706 -6.282273, 106.789049 -6.28304, 106.788976 -6.283125, 106.788944 -6.283264, 106.788818 -6.283613, 106.788724 -6.283735, 106.788484 -6.284048, 106.78842 -6.284237, 106.788332 -6.28428, 106.788172 -6.284333, 106.787865 -6.284595)"
river,,"LINESTRING (106.782233 -6.26108, 106.783381 -6.261042, 106.78448 -6.2611, 106.784789 -6.261195, 106.785092 -6.261385)"
river,,"LINESTRING (106.781789 -6.26108, 106.782233 -6.26108)"
river,Kali Grogol,"LINESTRING (106.785536 -6.257117, 106.785604 -6.256993, 106.785686 -6.256957, 106.786277 -6.257021)"
river,Kali Grogol,"LINESTRING (106.786277 -6.257021, 106.786347 -6.256875)"
river,Krukut,"GEOMETRYCOLLECTION (LINESTRING (106.807388 -6.320882, 106.807425 -6.320699, 106.807382 -6.320523), LINESTRING (106.807484 -6.320084, 106.807528 -6.320047, 106.807545 -6.32), LINESTRING (106.807436 -6.319732, 106.807433 -6.319728, 106.807353 -6.319673), LINESTRING (106.807262 -6.31954, 106.807252 -6.319508), LINESTRING (106.807498 -6.319176, 106.807567 -6.31906, 106.807586 -6.319027), LINESTRING (106.808016 -6.318835, 106.808016 -6.318835, 106.808017 -6.318834), LINESTRING (106.808084 -6.318762, 106.808084 -6.318761, 106.808084 -6.318638, 106.807995 -6.318515, 106.807951 -6.318475), LINESTRING (106.807682 -6.317871, 106.807687 -6.317676, 106.807754 -6.317517), LINESTRING (106.808252 -6.316878, 106.808267 -6.316854), LINESTRING (106.808405 -6.316831, 106.808528 -6.316829), LINESTRING (106.808796 -6.316693, 106.808828 -6.316562, 106.808821 -6.316518), LINESTRING (106.808789 -6.316461, 106.808788 -6.31646, 106.80866 -6.316409), LINESTRING (106.808634 -6.316367, 106.808602 -6.316306), LINESTRING (106.808745 -6.31606, 106.808776 -6.316072), LINESTRING (106.80908 -6.316054, 106.80908 -6.316053, 106.809085 -6.31604), LINESTRING (106.809178 -6.315298, 106.809178 -6.315294, 106.809179 -6.315257), LINESTRING (106.809185 -6.315029, 106.809186 -6.314931, 106.809162 -6.314803, 106.809092 -6.314624), LINESTRING (106.809092 -6.314624, 106.809015 -6.31443), POINT (106.80754 -6.319889))"
river,Krukut,"LINESTRING (106.809015 -6.31443, 106.808987 -6.314254, 106.809013 -6.314121, 106.808978 -6.314026, 106.808907 -6.313945, 106.808792 -6.31388, 106.80835 -6.31336, 106.808293 -6.313339, 106.808017 -6.313326, 106.807939 -6.313254, 106.807929 -6.313214, 106.807934 -6.31316, 106.808047 -6.312911, 106.808221 -6.312639, 106.808267 -6.312434, 106.808235 -6.312159, 106.808175 -6.311939, 106.808082 -6.311783, 106.807947 -6.31162, 106.807916 -6.311557, 106.807904 -6.311412, 106.807977 -6.311108, 106.808007 -6.311072, 106.808288 -6.310836, 106.808395 -6.310804, 106.808498 -6.310717, 106.808546 -6.310565, 106.80853 -6.310402, 106.808382 -6.310174, 106.808232 -6.309876, 106.807966 -6.309676, 106.807824 -6.309323, 106.807762 -6.30922, 106.807722 -6.309204, 106.807596 -6.309233, 106.807467 -6.309289, 106.807438 -6.309327, 106.807344 -6.309345, 106.806874 -6.3091, 106.806853 -6.308962, 106.807001 -6.30888, 106.807025 -6.308688, 106.807068 -6.308672, 106.807231 -6.308703, 106.807338 -6.308695, 106.807513 -6.308606, 106.807558 -6.308506, 106.807607 -6.308482, 106.807679 -6.308474, 106.807754 -6.308495, 106.808607 -6.308176, 106.808642 -6.308106, 106.80861 -6.307952, 106.8085 -6.307579, 106.808436 -6.307427, 106.808379 -6.307389, 106.808308 -6.307138, 106.808278 -6.307046, 106.808261 -6.306725, 106.808637 -6.306671, 106.808683 -6.306641, 106.808728 -6.306545, 106.808736 -6.306443, 106.80872 -6.306398, 106.808634 -6.306304, 106.808503 -6.305901, 106.808514 -6.305785, 106.808592 -6.305649, 106.808782 -6.305613, 106.809031 -6.305641, 106.809162 -6.305599, 106.809248 -6.30553, 106.809219 -6.305068, 106.809018 -6.304755, 106.808961 -6.304576, 106.808924 -6.304147, 106.808892 -6.303999, 106.808849 -6.303926, 106.808728 -6.303875, 106.808519 -6.303899, 106.80846 -6.303875, 106.808366 -6.303662, 106.808412 -6.303505, 106.80814 -6.303144, 106.8081 -6.303126, 106.80799 -6.303136, 106.807812 -6.303221, 106.807603 -6.303199, 106.807382 -6.303007, 106.807142 -6.302836, 106.807066 -6.302706, 106.806988 -6.302399, 106.806982 -6.302043, 106.806711 -6.301413, 106.806646 -6.301156, 106.806553 -6.301052, 106.806304 -6.300416, 106.806287 -6.300313, 106.80637 -6.299905, 106.806363 -6.299776, 106.806288 -6.29933, 106.806148 -6.298791, 106.806024 -6.298778, 106.805991 -6.298712, 106.806024 -6.298549, 106.806005 -6.298432, 106.805946 -6.298402, 106.805818 -6.298399, 106.805595 -6.298498, 106.805448 -6.298498, 106.805238 -6.298447, 106.805201 -6.298419, 106.805172 -6.298307, 106.805107 -6.298227, 106.805002 -6.298154, 106.805013 -6.298018, 106.805038 -6.297966, 106.805228 -6.297851, 106.805303 -6.297744, 106.805386 -6.297476, 106.805398 -6.297296, 106.805566 -6.296738, 106.805665 -6.296645, 106.806118 -6.296357, 106.806272 -6.296187, 106.806859 -6.295887, 106.806875 -6.295812, 106.806887 -6.295693, 106.806853 -6.29553, 106.806794 -6.295466, 106.806477 -6.295268, 106.806414 -6.295141, 106.806403 -6.294865, 106.806343 -6.294616, 106.806242 -6.294491, 106.806051 -6.294387, 106.805538 -6.294382, 106.805457 -6.294313)"
river,Kali Krukut,"LINESTRING (106.806261 -6.290735, 106.806396 -6.290651, 106.806553 -6.290545, 106.806708 -6.29047, 106.806805 -6.290449, 106.807037 -6.290424, 106.807108 -6.290409, 106.80717 -6.290358, 106.807214 -6.290309, 106.807235 -6.290211, 106.807237 -6.290134, 106.807264 -6.290084, 106.807317 -6.290054, 106.80739 -6.290049, 106.807921 -6.290209, 106.807964 -6.290209, 106.808045 -6.290161, 106.808366 -6.28974, 106.808374 -6.289626, 106.808366 -6.28954, 106.808562 -6.28921, 106.808686 -6.288906, 106.808528 -6.288464, 106.808548 -6.288332, 106.808457 -6.287943, 106.808444 -6.28775, 106.808508 -6.287576, 106.808535 -6.287465, 106.808749 -6.287241, 106.809039 -6.286975, 106.80905 -6.286847, 106.809 -6.286686, 106.809012 -6.286511, 106.80903 -6.2864, 106.80909 -6.286316, 106.809146 -6.285994, 106.809188 -6.285827, 106.809471 -6.285874, 106.809636 -6.285886, 106.809717 -6.285862, 106.809751 -6.285798, 106.809651 -6.285596, 106.809677 -6.285237, 106.809608 -6.284778, 106.809704 -6.284479, 106.80964 -6.284319, 106.80948 -6.284178, 106.809416 -6.28403, 106.8094 -6.283826, 106.809561 -6.283525, 106.809618 -6.28337, 106.809566 -6.283255, 106.809452 -6.283051, 106.80935 -6.28288, 106.80934 -6.282709, 106.809343 -6.2824, 106.809542 -6.281943, 106.809659 -6.281701, 106.809734 -6.281579, 106.809887 -6.281443, 106.810146 -6.281207, 106.810503 -6.280894, 106.8106 -6.280405, 106.810612 -6.280277, 106.810627 -6.279915, 106.810814 -6.279625, 106.811016 -6.279513, 106.811209 -6.279452, 106.811409 -6.27945, 106.811754 -6.279403, 106.812011 -6.279168, 106.812129 -6.278731, 106.812182 -6.278605, 106.812258 -6.278486, 106.8124 -6.278415, 106.81271 -6.278194, 106.812771 -6.277838, 106.81278 -6.277742, 106.81279 -6.277654, 106.812806 -6.277597, 106.812902 -6.277548, 106.813052 -6.277345, 106.813073 -6.276993, 106.812955 -6.276812, 106.81288 -6.276438, 106.813073 -6.276321, 106.813427 -6.275948, 106.813695 -6.27598, 106.813942 -6.276033, 106.814071 -6.275916, 106.814103 -6.275617, 106.814221 -6.275319, 106.814221 -6.275212, 106.814114 -6.27486, 106.814006 -6.274657, 106.813921 -6.274551, 106.813921 -6.274348, 106.813974 -6.274242, 106.813974 -6.274092, 106.813835 -6.273847, 106.813835 -6.273676, 106.81391 -6.273559, 106.813996 -6.273367, 106.814006 -6.273239, 106.813942 -6.272962, 106.813899 -6.272578, 106.813948 -6.272442, 106.813953 -6.272234, 106.813895 -6.272107, 106.813716 -6.272061, 106.813457 -6.272081, 106.813198 -6.271979, 106.813043 -6.27175, 106.812679 -6.271594, 106.812603 -6.271519, 106.812588 -6.271354, 106.812547 -6.271297, 106.812476 -6.271257, 106.812236 -6.27121, 106.812057 -6.271265, 106.811965 -6.271202, 106.811903 -6.271132, 106.8118 -6.270984, 106.811855 -6.270886, 106.811898 -6.270832, 106.811896 -6.270731, 106.811776 -6.270721, 106.811695 -6.270685, 106.811689 -6.270577, 106.811671 -6.270454, 106.811564 -6.270348, 106.811539 -6.270236, 106.81156 -6.270136, 106.81164 -6.26995, 106.811712 -6.269756, 106.811766 -6.269492, 106.811848 -6.269423, 106.812004 -6.26932, 106.812123 -6.269232, 106.812311 -6.268925, 106.812205 -6.268796, 106.812093 -6.268621, 106.812161 -6.268419, 106.812322 -6.26796, 106.812462 -6.267683, 106.812601 -6.267299, 106.812719 -6.267214, 106.81302 -6.266979, 106.813073 -6.26668, 106.813148 -6.266403, 106.813331 -6.266051, 106.813374 -6.265891, 106.813331 -6.265731, 106.812934 -6.265507, 106.81288 -6.265315, 106.81273 -6.265166, 106.81258 -6.265049, 106.812547 -6.264899, 106.81258 -6.264771, 106.81258 -6.264675, 106.81244 -6.264505, 106.812386 -6.264398, 106.812311 -6.263897, 106.812301 -6.26378, 106.812215 -6.263726, 106.81214 -6.263694, 106.812022 -6.263684, 106.811968 -6.263588, 106.811786 -6.263417, 106.811908 -6.263146, 106.811901 -6.263089, 106.811816 -6.262986, 106.81164 -6.26284, 106.811562 -6.262781, 106.811551 -6.262722, 106.811599 -6.262621, 106.811723 -6.262498, 106.811841 -6.262454, 106.812011 -6.262437, 106.812065 -6.262394, 106.812087 -6.262304, 106.812043 -6.262062, 106.811979 -6.261872, 106.811892 -6.261789, 106.811792 -6.261714, 106.8117 -6.261648, 106.811668 -6.261564, 106.8117 -6.261486, 106.811743 -6.261337, 106.811705 -6.261255, 106.811677 -6.261144, 106.811609 -6.260993, 106.811534 -6.260848, 106.811523 -6.260728, 106.811445 -6.260591, 106.811387 -6.260535, 106.811246 -6.260523, 106.811039 -6.260483, 106.81096 -6.260424, 106.810896 -6.260314, 106.810702 -6.260014, 106.810557 -6.259732, 106.810532 -6.259603, 106.810563 -6.259503, 106.81067 -6.259343, 106.810603 -6.259226, 106.810536 -6.259193, 106.81027 -6.259254, 106.810219 -6.259236, 106.810148 -6.259021, 106.810054 -6.258922, 106.809966 -6.258876, 106.809915 -6.258866, 106.809816 -6.258897, 106.809655 -6.258894, 106.809575 -6.258866, 106.809526 -6.258814, 106.809476 -6.258715, 106.809475 -6.258621, 106.809436 -6.258394, 106.80934 -6.258159, 106.80935 -6.25785, 106.80935 -6.2577, 106.809157 -6.257572, 106.809093 -6.257413, 106.809222 -6.257178, 106.809157 -6.257029, 106.808996 -6.256954, 106.809007 -6.256847, 106.809179 -6.256719, 106.809211 -6.256517, 106.809104 -6.256357, 106.808717 -6.256271, 106.808578 -6.256026, 106.808385 -6.255791, 106.808342 -6.255621, 106.808385 -6.255397, 106.808578 -6.255109, 106.808567 -6.254768, 106.808594 -6.253269, 106.808749 -6.253099, 106.809104 -6.252965, 106.809187 -6.252885, 106.809209 -6.252812, 106.809164 -6.252688, 106.809082 -6.252616, 106.808907 -6.252447)"
drain,,"LINESTRING (106.809102 -6.239134, 106.808999 -6.236488, 106.809033 -6.236028, 106.809226 -6.23561)"
river,Mampang,"LINESTRING (106.821221 -6.240452, 106.821082 -6.240271, 106.820775 -6.240198, 106.820648 -6.240124, 106.820599 -6.240058, 106.820559 -6.239962, 106.820422 -6.239732, 106.820353 -6.239525, 106.820342 -6.239322, 106.82038 -6.239074, 106.820508 -6.238706, 106.82054 -6.238557, 106.820401 -6.238471, 106.820235 -6.238389, 106.820177 -6.238217, 106.820182 -6.238047, 106.820204 -6.237782, 106.820162 -6.237645, 106.820149 -6.23751, 106.820343 -6.237461, 106.82034 -6.237233, 106.820305 -6.237074, 106.820238 -6.236964, 106.820158 -6.236868, 106.820101 -6.236734, 106.820047 -6.236594, 106.820008 -6.236505, 106.81994 -6.236456, 106.819532 -6.235826, 106.819446 -6.235666, 106.819403 -6.23556, 106.819478 -6.2354, 106.819714 -6.235218, 106.819757 -6.23509, 106.819779 -6.234813, 106.819864 -6.234546, 106.819884 -6.23432, 106.819865 -6.234197, 106.819753 -6.23405, 106.81965 -6.233874, 106.819534 -6.233666, 106.819527 -6.233438, 106.819314 -6.23332, 106.819187 -6.233109, 106.819033 -6.232956, 106.818753 -6.232933, 106.81859 -6.232907, 106.81835 -6.232967, 106.818178 -6.233103, 106.818015 -6.233189, 106.817903 -6.233154, 106.817812 -6.23301)"
drain,,"LINESTRING (106.809226 -6.23561, 106.809392 -6.235309)"
river,Kali Krukut,"LINESTRING (106.808907 -6.252447, 106.808975 -6.252349, 106.80927 -6.251851, 106.809502 -6.251506, 106.80975 -6.251203, 106.80993 -6.251078, 106.810166 -6.250926, 106.810359 -6.250822, 106.810423 -6.250438, 106.81034 -6.250412, 106.810247 -6.2504, 106.810118 -6.250366, 106.810015 -6.250086, 106.809801 -6.249627, 106.809651 -6.249264, 106.80959 -6.249115, 106.809797 -6.248721, 106.810071 -6.248429, 106.810416 -6.248021, 106.810834 -6.247721, 106.811465 -6.247255, 106.811594 -6.247203, 106.811699 -6.247229, 106.811885 -6.247268, 106.811969 -6.247185, 106.811975 -6.247043, 106.812 -6.246892, 106.812046 -6.246798, 106.812062 -6.246731, 106.812154 -6.24672, 106.812333 -6.246736, 106.812504 -6.246822, 106.812644 -6.246716, 106.812687 -6.246545, 106.81273 -6.246342, 106.812837 -6.246214, 106.812977 -6.24615, 106.813062 -6.246044, 106.813062 -6.245894, 106.813062 -6.245756, 106.813095 -6.24566, 106.81315 -6.245538, 106.813217 -6.245532, 106.813293 -6.24555, 106.813404 -6.245604, 106.813493 -6.245582, 106.81356 -6.24558, 106.813632 -6.245582, 106.813718 -6.245552, 106.813794 -6.245484, 106.81382 -6.245347, 106.813813 -6.245258, 106.813792 -6.245137, 106.813781 -6.244966, 106.813824 -6.2448, 106.813961 -6.24469, 106.81408 -6.244612, 106.814165 -6.24455, 106.814198 -6.244537, 106.814229 -6.244412, 106.8143 -6.244285, 106.814405 -6.244225, 106.814489 -6.244158, 106.814515 -6.244089, 106.814546 -6.244013, 106.81462 -6.243881, 106.814645 -6.24383, 106.814664 -6.243773, 106.814719 -6.243609, 106.81475 -6.243489, 106.814743 -6.243392, 106.814715 -6.24326, 106.814715 -6.243111, 106.814768 -6.242983, 106.81484 -6.242908, 106.814931 -6.24286, 106.815063 -6.242841, 106.815163 -6.242825, 106.815242 -6.242833, 106.815341 -6.242892, 106.815419 -6.242999, 106.81548 -6.243066, 106.815494 -6.24308, 106.81551 -6.243092, 106.815528 -6.2431, 106.815555 -6.243106, 106.81559 -6.243105, 106.815619 -6.243099, 106.815653 -6.243089, 106.815675 -6.243075, 106.815701 -6.243057, 106.815722 -6.243041, 106.81574 -6.243021, 106.815753 -6.242997, 106.815758 -6.242972, 106.815759 -6.242947, 106.815753 -6.242923, 106.815742 -6.242901, 106.815659 -6.242737, 106.815648 -6.242545, 106.815679 -6.242405, 106.815733 -6.242334, 106.816004 -6.242332, 106.81603 -6.242202, 106.815965 -6.242048, 106.815988 -6.241979, 106.816148 -6.241921, 106.816203 -6.241794, 106.816166 -6.24169, 106.81616 -6.241674, 106.815842 -6.241489, 106.815916 -6.241319, 106.816201 -6.240858, 106.816357 -6.240913, 106.816449 -6.240891, 106.816524 -6.240819, 106.816569 -6.2407, 106.816572 -6.240691, 106.816627 -6.240624, 106.816673 -6.24057, 106.81686 -6.240391, 106.817182 -6.239879, 106.817291 -6.239583, 106.817419 -6.239423, 106.817578 -6.239292, 106.817696 -6.239106, 106.817902 -6.238482, 106.817953 -6.238292, 106.817966 -6.238237, 106.817998 -6.23797, 106.818075 -6.23774, 106.818125 -6.237438, 106.818161 -6.23719, 106.81821 -6.236936, 106.818325 -6.23648, 106.818312 -6.236357, 106.81832 -6.23621, 106.818512 -6.236036, 106.818521 -6.235894, 106.818511 -6.235816, 106.818233 -6.23569, 106.818161 -6.235616, 106.817974 -6.235468, 106.817889 -6.235404, 106.817837 -6.235261, 106.817815 -6.235112, 106.817785 -6.234885, 106.817783 -6.234621, 106.817794 -6.234322, 106.817676 -6.234173, 106.817628 -6.233972, 106.817587 -6.233777, 106.817622 -6.233587, 106.817592 -6.233438, 106.817628 -6.233306, 106.817642 -6.233224, 106.817715 -6.233141, 106.817812 -6.23301, 106.817695 -6.232911, 106.81754 -6.232803, 106.817491 -6.232715, 106.817466 -6.23263, 106.817423 -6.232468, 106.81744 -6.232348, 106.817491 -6.232178, 106.817414 -6.232075, 106.817268 -6.232075, 106.817148 -6.232041, 106.816981 -6.232044, 106.816915 -6.232038, 106.816864 -6.231962, 106.81682 -6.231747, 106.81679 -6.231665, 106.816772 -6.231534, 106.816764 -6.231368, 106.816748 -6.231166, 106.816911 -6.230696, 106.817056 -6.230387, 106.817165 -6.230224, 106.817268 -6.229993, 106.81733 -6.22989, 106.817318 -6.229785, 106.817234 -6.229447, 106.817121 -6.229026, 106.817011 -6.228841, 106.816805 -6.2285, 106.816599 -6.228082, 106.816496 -6.227886, 106.816616 -6.227587, 106.816728 -6.227468, 106.81708 -6.227365, 106.817208 -6.227203, 106.817174 -6.227075, 106.816959 -6.226973, 106.816788 -6.226836, 106.816719 -6.226614, 106.81677 -6.226495, 106.817512 -6.225994, 106.81768 -6.225859, 106.817793 -6.225644, 106.817955 -6.224784, 106.817952 -6.224404, 106.817864 -6.22351, 106.817727 -6.223062, 106.817266 -6.222299, 106.816615 -6.220912, 106.816758 -6.220561, 106.816977 -6.22015, 106.81743 -6.219734, 106.817525 -6.219602, 106.817539 -6.219468, 106.817538 -6.219131, 106.817577 -6.218786, 106.817594 -6.218388, 106.817612 -6.218257, 106.817577 -6.21806, 106.817423 -6.217907, 106.8172 -6.217634, 106.817122 -6.217446, 106.817097 -6.217037, 106.817011 -6.216695, 106.816982 -6.216362, 106.816948 -6.216238, 106.816735 -6.21569)"
drain,,"LINESTRING (106.809392 -6.235309, 106.809454 -6.235158, 106.809583 -6.234552, 106.809634 -6.233844, 106.809628 -6.231742)"
river,Kali Krukut,"LINESTRING (106.816735 -6.21569, 106.816712 -6.21563)"
river,Kali Krukut,"LINESTRING (106.816712 -6.21563, 106.816688 -6.215568, 106.816654 -6.215524, 106.816532 -6.21535, 106.816358 -6.215114, 106.816221 -6.214922, 106.816066 -6.21475, 106.815919 -6.214539, 106.815576 -6.214132, 106.815227 -6.213794, 106.814865 -6.213462, 106.814627 -6.213285, 106.814384 -6.213112, 106.814075 -6.21295, 106.813808 -6.212774, 106.813638 -6.212634, 106.813346 -6.212361, 106.813106 -6.212199, 106.812917 -6.212062, 106.812659 -6.211678, 106.812599 -6.211508, 106.812585 -6.211362, 106.812573 -6.211234, 106.812728 -6.210919, 106.812711 -6.210603, 106.812805 -6.210151, 106.812762 -6.209775, 106.812548 -6.209118, 106.812556 -6.208914, 106.812479 -6.208726, 106.812161 -6.20841, 106.811998 -6.208146, 106.81195 -6.207958, 106.811892 -6.207728, 106.811439 -6.207199, 106.811313 -6.20692, 106.810849 -6.206357, 106.810408 -6.20585, 106.809973 -6.205176, 106.809967 -6.205067, 106.809966 -6.20495, 106.810119 -6.204767, 106.810548 -6.204528, 106.810968 -6.204374, 106.811157 -6.204016, 106.811398 -6.203495, 106.811432 -6.203026, 106.811449 -6.202633, 106.811209 -6.202446, 106.811106 -6.202275, 106.811131 -6.201959, 106.811214 -6.201589, 106.811312 -6.200927, 106.811312 -6.200193, 106.811285 -6.199687, 106.811197 -6.199335)"
river,,"LINESTRING (106.756801 -6.272709, 106.75677 -6.2725, 106.756714 -6.272292, 106.756596 -6.272126, 106.756411 -6.271932, 106.755489 -6.271105, 106.755482 -6.270839, 106.755482 -6.270203, 106.755485 -6.269403, 106.755032 -6.26897, 106.754322 -6.268246)"
river,,"LINESTRING (106.754322 -6.268246, 106.754153 -6.268104)"
river,,"MULTILINESTRING ((106.750982 -6.271568, 106.751663 -6.270827, 106.751728 -6.270756, 106.751809 -6.270668, 106.754153 -6.268104, 106.754222 -6.268025, 106.754263 -6.267941, 106.754268 -6.267893, 106.754064 -6.267674, 106.753584 -6.267185, 106.753546 -6.267092, 106.753563 -6.26657, 106.75314 -6.266083, 106.753024 -6.265978), (106.752835 -6.265738, 106.752807 -6.265653), (106.752487 -6.264754, 106.752491 -6.264731), (106.752517 -6.264647, 106.752539 -6.264599), (106.752738 -6.264415, 106.752786 -6.264391, 106.753074 -6.264255, 106.753329 -6.264348, 106.753439 -6.264334, 106.754081 -6.263981, 106.754298 -6.263841, 106.754571 -6.263635))"
river,Pesanggrahan,"LINESTRING (106.769827 -6.264393, 106.770527 -6.263362)"
river,,"LINESTRING (106.781789 -6.26108, 106.781712 -6.26108, 106.777777 -6.261083, 106.776661 -6.260842, 106.77619 -6.260334, 106.775329 -6.259866, 106.774536 -6.259893, 106.773516 -6.259776, 106.773092 -6.259614, 106.772857 -6.259296, 106.772677 -6.258843)"
river,,"MULTILINESTRING ((106.755026 -6.263346, 106.755052 -6.26333, 106.755122 -6.263251), (106.756548 -6.262392, 106.756863 -6.262319, 106.75714 -6.262249, 106.757468 -6.262104, 106.757802 -6.261939, 106.757988 -6.261834, 106.758145 -6.261616, 106.75831 -6.261482, 106.758399 -6.261443, 106.758683 -6.261482, 106.759073 -6.261378, 106.759611 -6.260954, 106.759989 -6.260973, 106.760284 -6.26056, 106.76052 -6.260042, 106.760644 -6.259634, 106.76069 -6.259333, 106.760633 -6.258155, 106.760499 -6.257536, 106.760483 -6.257131, 106.760424 -6.256907, 106.760258 -6.256854, 106.760193 -6.256646, 106.759957 -6.256464, 106.75971 -6.256091, 106.759694 -6.255814, 106.759721 -6.25551, 106.759753 -6.255142, 106.76009 -6.254814, 106.760644 -6.253838, 106.760801 -6.253564, 106.76084 -6.253361, 106.760872 -6.25299, 106.760912 -6.252924, 106.761052 -6.252444, 106.761086 -6.25222, 106.761298 -6.25215, 106.761297 -6.251929, 106.761255 -6.251638, 106.761121 -6.251441, 106.760934 -6.251233, 106.760848 -6.25103, 106.760757 -6.250769, 106.760912 -6.250401, 106.760998 -6.250044, 106.760821 -6.249724, 106.76074 -6.249415, 106.760703 -6.249161, 106.760598 -6.24889, 106.760539 -6.248775, 106.76051 -6.248696, 106.760439 -6.248627, 106.760307 -6.248483, 106.760298 -6.24839, 106.760334 -6.248241, 106.760323 -6.248102, 106.760286 -6.247974, 106.760055 -6.247654, 106.760036 -6.247596, 106.760055 -6.247516, 106.760129 -6.247276, 106.760162 -6.247115, 106.760153 -6.246932))"
river,Pesanggrahan,"LINESTRING (106.76607 -6.284557, 106.765716 -6.283938, 106.76607 -6.283618, 106.766746 -6.28333, 106.767059 -6.282902, 106.767478 -6.282455, 106.767692 -6.282045, 106.767854 -6.281723, 106.768237 -6.281738, 106.768429 -6.281555, 106.768628 -6.28146, 106.768753 -6.281489, 106.768856 -6.281584, 106.768929 -6.281651, 106.769017 -6.281724, 106.769068 -6.281801, 106.769239 -6.281694, 106.769438 -6.281546, 106.7696 -6.281474, 106.769593 -6.281328, 106.769446 -6.28113, 106.769335 -6.281049, 106.769151 -6.28094, 106.768819 -6.280705, 106.768694 -6.28061, 106.768532 -6.280544, 106.768326 -6.280493, 106.768142 -6.280354, 106.768053 -6.28031, 106.768016 -6.280141, 106.768031 -6.28001, 106.768068 -6.279848, 106.76798 -6.279695, 106.767863 -6.279573, 106.767669 -6.279439, 106.767578 -6.279341, 106.76753 -6.279182, 106.767663 -6.279036, 106.767884 -6.27886, 106.76818 -6.27876, 106.768371 -6.278774, 106.7685 -6.278716, 106.768706 -6.278606, 106.768904 -6.278465, 106.76904 -6.278362, 106.769158 -6.278281, 106.769527 -6.277959, 106.769652 -6.277974, 106.769851 -6.278135, 106.769969 -6.278128, 106.770079 -6.278186, 106.770197 -6.278193, 106.7703 -6.278062, 106.770278 -6.2779, 106.770308 -6.277754, 106.770263 -6.277593, 106.770308 -6.277446, 106.770219 -6.2773, 106.769976 -6.276831, 106.769777 -6.276575, 106.76977 -6.276451, 106.769659 -6.276385, 106.769527 -6.276377, 106.769409 -6.276297, 106.769313 -6.276062, 106.769357 -6.275835, 106.769453 -6.27566, 106.769409 -6.275484, 106.769239 -6.27522, 106.769048 -6.275059, 106.768805 -6.274891, 106.768495 -6.274752, 106.768311 -6.274576, 106.768376 -6.274158, 106.768502 -6.273917, 106.768619 -6.27378, 106.768854 -6.273638, 106.769108 -6.273626, 106.769314 -6.273633, 106.769505 -6.273726, 106.769674 -6.273851, 106.769902 -6.274019, 106.770094 -6.274276, 106.770352 -6.274342, 106.770713 -6.274202, 106.770926 -6.273851, 106.770978 -6.273617, 106.771183 -6.272985, 106.771605 -6.272286, 106.771648 -6.272093, 106.77158 -6.271939, 106.77147 -6.271792, 106.771004 -6.271484, 106.770922 -6.27135, 106.770882 -6.27117, 106.771089 -6.27077, 106.771248 -6.270356, 106.771214 -6.270142, 106.771094 -6.270028, 106.770808 -6.269907, 106.769917 -6.269619, 106.769718 -6.269448, 106.76968 -6.269354, 106.769611 -6.269142, 106.769644 -6.26904, 106.769604 -6.268763, 106.769541 -6.268615, 106.769485 -6.268424, 106.769375 -6.268205, 106.769294 -6.267956, 106.769261 -6.26778, 106.769342 -6.267626, 106.769586 -6.267385, 106.769703 -6.267063, 106.769614 -6.266856, 106.769474 -6.26659, 106.769297 -6.266183, 106.769229 -6.266007, 106.769219 -6.265805, 106.769286 -6.265619, 106.76939 -6.265324, 106.769453 -6.265065, 106.769492 -6.264898, 106.769558 -6.264736, 106.769827 -6.264393, 106.77009 -6.264334, 106.770367 -6.264395, 106.770513 -6.264553, 106.770677 -6.264751, 106.770866 -6.264909, 106.771173 -6.265245, 106.7714 -6.265262, 106.771547 -6.265106, 106.771547 -6.26493, 106.771443 -6.264547, 106.771323 -6.26435, 106.771152 -6.264098, 106.771023 -6.263926, 106.770935 -6.263772, 106.770783 -6.263563, 106.770607 -6.263428, 106.770527 -6.263362, 106.770648 -6.263124, 106.770751 -6.263043, 106.770865 -6.262966, 106.771147 -6.262775, 106.771551 -6.262568, 106.771772 -6.262486, 106.771863 -6.262516, 106.771951 -6.262709, 106.772023 -6.262872, 106.772279 -6.263041, 106.772433 -6.262997, 106.772654 -6.262876, 106.772898 -6.262717, 106.77306 -6.262578, 106.773112 -6.26245, 106.773097 -6.262318, 106.773001 -6.262135, 106.772919 -6.26183, 106.772842 -6.261599, 106.772763 -6.26132, 106.772718 -6.261092, 106.77264 -6.260502, 106.772582 -6.260155, 106.772581 -6.259945, 106.772626 -6.259722, 106.772731 -6.259317, 106.772677 -6.258843, 106.772442 -6.258257, 106.772012 -6.257902, 106.77175 -6.25793, 106.77149 -6.258031, 106.771147 -6.258216, 106.771028 -6.25847, 106.770872 -6.258634, 106.770611 -6.258752, 106.770342 -6.258632, 106.770126 -6.258161, 106.769593 -6.258078, 106.769394 -6.257814, 106.769442 -6.257561, 106.769642 -6.257276, 106.769707 -6.2571, 106.770041 -6.256335, 106.770339 -6.25604, 106.770954 -6.256201, 106.771306 -6.256222, 106.771847 -6.255838, 106.772061 -6.255469, 106.771991 -6.255119, 106.771929 -6.254902, 106.771562 -6.254703, 106.770928 -6.254703, 106.770511 -6.254675, 106.770425 -6.254632, 106.770135 -6.254295, 106.769949 -6.254306, 106.769674 -6.254448, 106.769515 -6.254441, 106.769132 -6.254349, 106.768799 -6.25441, 106.768666 -6.254533, 106.768614 -6.254746, 106.768518 -6.255114, 106.768433 -6.255275, 106.768282 -6.255295, 106.768143 -6.255228, 106.768048 -6.254954, 106.767919 -6.254788, 106.767685 -6.254487, 106.767594 -6.254275, 106.767654 -6.254057, 106.767743 -6.253748, 106.767962 -6.253389, 106.767963 -6.253159, 106.767942 -6.253059, 106.767867 -6.252965, 106.767666 -6.252949, 106.767184 -6.252921, 106.766956 -6.252873, 106.766699 -6.25277, 106.766478 -6.252627, 106.766245 -6.252456, 106.766147 -6.252268, 106.766118 -6.25207, 106.766164 -6.251844, 106.766239 -6.251701, 106.766368 -6.251496, 106.766583 -6.251352, 106.766797 -6.251281, 106.767106 -6.251097, 106.767285 -6.250842, 106.767502 -6.250405, 106.767546 -6.250197, 106.76751 -6.249987, 106.767434 -6.249902, 106.767285 -6.2498, 106.766977 -6.24948, 106.766774 -6.249097, 106.766689 -6.248868, 106.76664 -6.248628, 106.766576 -6.24839, 106.766664 -6.248197, 106.766814 -6.248002, 106.767488 -6.24737, 106.767866 -6.24719, 106.768096 -6.247022, 106.768397 -6.246601, 106.768633 -6.246229, 106.768859 -6.245986, 106.768962 -6.245715, 106.768782 -6.245473, 106.768596 -6.245191, 106.76838 -6.244916, 106.768201 -6.2444, 106.76814 -6.244116, 106.768268 -6.243606, 106.768196 -6.243514, 106.768009 -6.243162, 106.767479 -6.242464, 106.765743 -6.24178, 106.765609 -6.24158, 106.765583 -6.241298, 106.765663 -6.24094, 106.765751 -6.240592, 106.765904 -6.240198, 106.766024 -6.240083, 106.766375 -6.240015, 106.766477 -6.239615, 106.766359 -6.239434, 106.766279 -6.239316, 106.766231 -6.239295, 106.765936 -6.238858, 106.76612 -6.238364, 106.766078 -6.238153, 106.765793 -6.238139, 106.765678 -6.238239, 106.765564 -6.238744, 106.765054 -6.238915, 106.76467 -6.238821, 106.764589 -6.238703, 106.764574 -6.238644, 106.7646 -6.238174, 106.764525 -6.237354, 106.76478 -6.237022, 106.764892 -6.236899, 106.765099 -6.236645, 106.765273 -6.23664, 106.76549 -6.2367, 106.767028 -6.236596, 106.767196 -6.236181, 106.767218 -6.23593, 106.767266 -6.235408, 106.767154 -6.234837, 106.766842 -6.234293, 106.766553 -6.233904, 106.766288 -6.233714, 106.766156 -6.23369, 106.765846 -6.233773, 106.765678 -6.233999, 106.765689 -6.234341, 106.765587 -6.234538, 106.76548 -6.234757, 106.76518 -6.234858, 106.76482 -6.234938, 106.764648 -6.234901, 106.764562 -6.234594, 106.764596 -6.234458, 106.76456 -6.234362, 106.76448 -6.234337, 106.764372 -6.23426, 106.764284 -6.233814, 106.764175 -6.233464, 106.764134 -6.233164, 106.764376 -6.232586, 106.76465 -6.232255, 106.764799 -6.232107, 106.765171 -6.231805, 106.765278 -6.231566, 106.76541 -6.231334, 106.765464 -6.231174, 106.765734 -6.231099, 106.765909 -6.230958, 106.766024 -6.230761, 106.765968 -6.230486, 106.765802 -6.230086, 106.765536 -6.229688, 106.765188 -6.229368, 106.765099 -6.229134, 106.765038 -6.228891, 106.76485 -6.228322, 106.76461 -6.227775, 106.764572 -6.22745, 106.76475 -6.227124, 106.765009 -6.226984, 106.765291 -6.226917, 106.765582 -6.226899, 106.765978 -6.226684, 106.766212 -6.226001, 106.766521 -6.225665, 106.766754 -6.225497, 106.766889 -6.225203, 106.7669 -6.225044, 106.766813 -6.224884, 106.766438 -6.22441, 106.766066 -6.223868, 106.765684 -6.223414, 106.765539 -6.222942, 106.765598 -6.22271, 106.765692 -6.222598, 106.765933 -6.22253, 106.765979 -6.222476, 106.765957 -6.222353, 106.765882 -6.222294, 106.765673 -6.222204)"
drain,,"LINESTRING (106.780325 -6.25161, 106.780353 -6.251367, 106.780376 -6.251144, 106.780379 -6.250946)"
drain,,"LINESTRING (106.780379 -6.250946, 106.78038 -6.250901)"
drain,,"LINESTRING (106.78038 -6.250901, 106.780382 -6.250788, 106.780406 -6.250515, 106.780419 -6.25048, 106.780433 -6.250395, 106.780448 -6.250372, 106.780498 -6.250343, 106.78058 -6.250311, 106.780628 -6.2503, 106.780583 -6.249932, 106.780536 -6.249522, 106.780512 -6.24924, 106.780488 -6.248684, 106.780451 -6.248058, 106.780463 -6.247734, 106.780447 -6.247572, 106.780427 -6.247567, 106.780046 -6.2475, 106.77981 -6.247448, 106.779576 -6.247358, 106.7792 -6.24715)"
river,Kali Grogol,"LINESTRING (106.786347 -6.256875, 106.786378 -6.256686, 106.78633 -6.256532, 106.786015 -6.256463, 106.785993 -6.256386, 106.785894 -6.255909, 106.78585 -6.255527, 106.78585 -6.255162, 106.78611 -6.254522, 106.786189 -6.254153, 106.786213 -6.254088, 106.786261 -6.253972, 106.786559 -6.253844, 106.786792 -6.253779, 106.786987 -6.25368, 106.787401 -6.25344, 106.787803 -6.25344, 106.787881 -6.253328, 106.787882 -6.253197, 106.787847 -6.253028, 106.787877 -6.25299, 106.787992 -6.252946, 106.788062 -6.252899)"
river,Kali Grogol,"LINESTRING (106.788062 -6.252899, 106.78807 -6.252844)"
river,Kali Grogol,"LINESTRING (106.78807 -6.252844, 106.78817 -6.252744, 106.788334 -6.252727, 106.788352 -6.252615, 106.788334 -6.252448, 106.788379 -6.252315, 106.788496 -6.252167, 106.788689 -6.251915, 106.788713 -6.25187, 106.788527 -6.251726, 106.788549 -6.251645, 106.788667 -6.251493, 106.788838 -6.251276, 106.788926 -6.251134, 106.788939 -6.251059, 106.788913 -6.250975, 106.788878 -6.250882, 106.788854 -6.25082, 106.78884 -6.250782, 106.788838 -6.250747, 106.788831 -6.250603, 106.788828 -6.250534, 106.788827 -6.250516, 106.788816 -6.250478, 106.788797 -6.250408, 106.788773 -6.250324, 106.788759 -6.250197)"
drain,,"LINESTRING (106.781359 -6.250936, 106.781322 -6.250933, 106.780958 -6.250934)"
drain,,"LINESTRING (106.780958 -6.250934, 106.780956 -6.250914)"
drain,,"LINESTRING (106.780956 -6.250914, 106.78095 -6.250866, 106.780934 -6.250639, 106.780896 -6.25055, 106.780706 -6.250427, 106.780677 -6.250295)"
drain,,"LINESTRING (106.780628 -6.2503, 106.780677 -6.250295)"
drain,,"LINESTRING (106.780889 -6.247575, 106.780676 -6.247561, 106.780612 -6.247573)"
river,Kali Grogol,"LINESTRING (106.788759 -6.250197, 106.788742 -6.250142, 106.788729 -6.250107, 106.788688 -6.250071, 106.788572 -6.250064, 106.788495 -6.25003, 106.788451 -6.249957, 106.788392 -6.249899, 106.788387 -6.249876, 106.7884 -6.249808, 106.788446 -6.249708, 106.788489 -6.249656, 106.788545 -6.24958, 106.788647 -6.249492, 106.7887 -6.249431, 106.78874 -6.249382, 106.788772 -6.24931, 106.788789 -6.249231, 106.788824 -6.249097, 106.788831 -6.249028, 106.788821 -6.248987, 106.788831 -6.248915, 106.788845 -6.248862, 106.788872 -6.24883, 106.788888 -6.24879, 106.788901 -6.248721, 106.788903 -6.248693, 106.788853 -6.248635, 106.788823 -6.248595, 106.788802 -6.248574, 106.788759 -6.248531, 106.788714 -6.248498, 106.788666 -6.248472, 106.788616 -6.248441, 106.788596 -6.248426, 106.788578 -6.248411, 106.788571 -6.248398, 106.788569 -6.248355, 106.788585 -6.248299, 106.788599 -6.248273, 106.78863 -6.248247, 106.788682 -6.248223, 106.788734 -6.248213, 106.788783 -6.248214, 106.788876 -6.248216, 106.788932 -6.248226, 106.788985 -6.248232, 106.789039 -6.248237, 106.789071 -6.248229, 106.789085 -6.248196, 106.789094 -6.248169, 106.789091 -6.248138, 106.789084 -6.248106, 106.789054 -6.24806, 106.789024 -6.248011, 106.789006 -6.247982, 106.788971 -6.247942, 106.788939 -6.24791, 106.788933 -6.247867, 106.788926 -6.247809, 106.788928 -6.247774, 106.788941 -6.247715, 106.788959 -6.247687, 106.788979 -6.247675, 106.789019 -6.247673, 106.789076 -6.247667, 106.789118 -6.247657, 106.789149 -6.247642, 106.789169 -6.24759, 106.789191 -6.247529, 106.789199 -6.247462, 106.789199 -6.247406, 106.789192 -6.247328, 106.789171 -6.247308, 106.789129 -6.247313, 106.789062 -6.247315, 106.788985 -6.247323, 106.788917 -6.24734, 106.788837 -6.247345, 106.788772 -6.24735, 106.788724 -6.247334, 106.788698 -6.247313, 106.78867 -6.247286, 106.788649 -6.247209, 106.788633 -6.247145, 106.788636 -6.247078, 106.788666 -6.247022, 106.788687 -6.246993, 106.788703 -6.246953, 106.788729 -6.246884, 106.788719 -6.246804, 106.788708 -6.246753, 106.788672 -6.24671, 106.788609 -6.24664, 106.78853 -6.246582, 106.788507 -6.246561, 106.788453 -6.246529, 106.788392 -6.246457, 106.788358 -6.246405, 106.788346 -6.246386, 106.788306 -6.246321, 106.787884 -6.245486, 106.787748 -6.245196, 106.787681 -6.245041, 106.787673 -6.245001, 106.787673 -6.244926, 106.787676 -6.244868, 106.787681 -6.24482, 106.787673 -6.244764, 106.787645 -6.244708, 106.787635 -6.244659, 106.787614 -6.244606, 106.7876 -6.244534, 106.787584 -6.244484, 106.787608 -6.244444, 106.787636 -6.244398, 106.787662 -6.24438, 106.787694 -6.24435, 106.787694 -6.244316, 106.787691 -6.244289, 106.787683 -6.244263, 106.78766 -6.244244, 106.787633 -6.244222, 106.787568 -6.244217, 106.787525 -6.244207, 106.787466 -6.244207, 106.78738 -6.244153, 106.787256 -6.244188, 106.787201 -6.244199, 106.787104 -6.244223, 106.787026 -6.244249, 106.786938 -6.244257, 106.7869 -6.244241, 106.786879 -6.244142, 106.786836 -6.244012, 106.78682 -6.243879, 106.786825 -6.243761, 106.786841 -6.243673, 106.786841 -6.243588, 106.786811 -6.243503, 106.786724 -6.243425, 106.786571 -6.243465, 106.786388 -6.243484, 106.786256 -6.243457, 106.786133 -6.24342, 106.785975 -6.243332, 106.785825 -6.243204, 106.785723 -6.243156, 106.785557 -6.243097, 106.785489 -6.243057, 106.785407 -6.24298, 106.785369 -6.242935, 106.78531 -6.242908, 106.785234 -6.242833, 106.78517 -6.242815, 106.785124 -6.242809, 106.785041 -6.242844, 106.784961 -6.24286, 106.784903 -6.242846, 106.784827 -6.242809, 106.784798 -6.242788, 106.784762 -6.242743, 106.784749 -6.242689, 106.784741 -6.242657, 106.784706 -6.242615, 106.784661 -6.242591, 106.784634 -6.242567, 106.784623 -6.242524, 106.784624 -6.24248, 106.784583 -6.242408, 106.784561 -6.242351, 106.784517 -6.242295, 106.78446 -6.242225, 106.784417 -6.242191, 106.784374 -6.24214, 106.78431 -6.242092, 106.784277 -6.242043, 106.78425 -6.24197, 106.784233 -6.241902, 106.784204 -6.241842, 106.784199 -6.241794, 106.784186 -6.241724, 106.784178 -6.24166, 106.78418 -6.241583, 106.78418 -6.241538, 106.784202 -6.241487, 106.784231 -6.24145, 106.784272 -6.241407, 106.784293 -6.241383, 106.784293 -6.241359, 106.784293 -6.241319, 106.784304 -6.241284, 106.784332 -6.241254, 106.784363 -6.241236, 106.784396 -6.241239, 106.784457 -6.241242, 106.784497 -6.241252, 106.784646 -6.241247, 106.784708 -6.241218, 106.784768 -6.241167, 106.784776 -6.241111, 106.784792 -6.241075, 106.784778 -6.241014, 106.784756 -6.240843, 106.784762 -6.240723, 106.784758 -6.240518, 106.78477 -6.240336, 106.78476 -6.240227, 106.784769 -6.240098, 106.784791 -6.24001, 106.784843 -6.239918, 106.784898 -6.239827, 106.784941 -6.239747, 106.784962 -6.239692, 106.784985 -6.239638, 106.784996 -6.239553)"
drain,,"LINESTRING (106.798891 -6.240689, 106.798886 -6.24076)"
drain,,"LINESTRING (106.780677 -6.250295, 106.780651 -6.250144, 106.780636 -6.249918, 106.780593 -6.249556, 106.780565 -6.24926, 106.780542 -6.24896, 106.780539 -6.248649, 106.780534 -6.248508, 106.780506 -6.248085, 106.780538 -6.247699, 106.780601 -6.247618, 106.780612 -6.247573)"
drain,,"LINESTRING (106.780612 -6.247573, 106.780447 -6.247572)"
river,,"LINESTRING (106.778384 -6.245465, 106.778749 -6.244918, 106.778862 -6.2447, 106.778902 -6.244548, 106.778901 -6.244493, 106.778897 -6.244461, 106.778934 -6.244228, 106.779067 -6.243522, 106.778953 -6.243371)"
river,,"LINESTRING (106.778953 -6.243371, 106.778754 -6.243132)"
river,,"LINESTRING (106.778754 -6.243132, 106.778446 -6.242916, 106.778411 -6.242775, 106.778329 -6.242565, 106.778278 -6.242486, 106.778189 -6.242314, 106.778119 -6.242171, 106.778052 -6.242066, 106.777992 -6.242003, 106.777967 -6.241883, 106.777679 -6.241393, 106.777567 -6.241263, 106.777346 -6.240945, 106.77729 -6.240796, 106.777301 -6.24072, 106.777248 -6.240549, 106.777194 -6.24032, 106.77714 -6.240182, 106.777037 -6.240057)"
river,,"LINESTRING (106.777002 -6.23998, 106.777037 -6.240057)"
river,,"LINESTRING (106.777002 -6.23998, 106.776995 -6.239944)"
river,,"LINESTRING (106.776995 -6.239944, 106.776986 -6.23989, 106.776822 -6.239482)"
river,Kali Sekretaris,"LINESTRING (106.776822 -6.239482, 106.776516 -6.23903, 106.776475 -6.23846)"
river,,"LINESTRING (106.776475 -6.23846, 106.776425 -6.238335)"
river,Kali Sekretaris,"LINESTRING (106.776425 -6.238335, 106.776331 -6.238295, 106.776272 -6.23825, 106.776119 -6.238093, 106.776028 -6.237925, 106.77598 -6.237704, 106.775958 -6.237408)"
river,,"LINESTRING (106.775958 -6.237408, 106.775839 -6.237158)"
river,,"LINESTRING (106.775839 -6.237158, 106.775736 -6.236795, 106.775683 -6.236587, 106.775653 -6.236427, 106.775664 -6.236278, 106.775728 -6.236089, 106.775774 -6.235854, 106.775779 -6.23567, 106.775779 -6.235659)"
river,,"LINESTRING (106.775778 -6.235639, 106.775779 -6.235659)"
river,,"LINESTRING (106.775778 -6.235639, 106.775777 -6.235574, 106.775734 -6.235436, 106.775669 -6.235262, 106.775519 -6.235006, 106.775483 -6.234909, 106.775475 -6.234782, 106.775443 -6.234717, 106.775378 -6.234625, 106.775309 -6.23439, 106.775282 -6.234256, 106.77522 -6.234173, 106.775059 -6.234042, 106.774934 -6.233949, 106.774853 -6.233806, 106.774819 -6.233714, 106.774814 -6.233648, 106.774824 -6.23357, 106.774849 -6.233521, 106.774902 -6.23347, 106.774935 -6.233446, 106.774977 -6.233187, 106.774982 -6.23297, 106.774961 -6.23281, 106.774884 -6.232624, 106.774716 -6.232282, 106.77466 -6.232037, 106.774644 -6.231892, 106.774635 -6.231718, 106.774662 -6.23167)"
drain,,"LINESTRING (106.770112 -6.231051, 106.770122 -6.230148)"
drain,,"LINESTRING (106.770122 -6.230148, 106.770123 -6.230058)"
drain,,"LINESTRING (106.770123 -6.230058, 106.770174 -6.229326)"
drain,,"LINESTRING (106.770174 -6.229326, 106.770212 -6.228881)"
drain,,"LINESTRING (106.770212 -6.228881, 106.770243 -6.228455, 106.77022 -6.228014)"
drain,,"LINESTRING (106.799154 -6.240739, 106.799158 -6.240705, 106.799151 -6.24069)"
drain,,"LINESTRING (106.799151 -6.24069, 106.799084 -6.240667)"
drain,,"LINESTRING (106.799084 -6.240667, 106.798913 -6.240668, 106.798899 -6.240675, 106.798891 -6.240689)"
river,Kali Grogol,"LINESTRING (106.784996 -6.239553, 106.784989 -6.239304, 106.78498 -6.239203)"
river,Kali Grogol,"LINESTRING (106.78498 -6.239203, 106.784968 -6.23913, 106.78496 -6.239075, 106.784965 -6.238998, 106.785021 -6.23892, 106.785099 -6.238883, 106.785228 -6.238833, 106.7853 -6.238801, 106.785373 -6.238762, 106.785422 -6.238706, 106.78543 -6.238597, 106.785391 -6.238445, 106.785342 -6.238345, 106.785255 -6.238238, 106.785149 -6.238135, 106.785015 -6.238007, 106.784985 -6.237917, 106.784973 -6.237815, 106.784966 -6.237728)"
drain,,"LINESTRING (106.802517 -6.220248, 106.802772 -6.220257)"
drain,,"LINESTRING (106.802772 -6.220257, 106.802936 -6.220232, 106.803107 -6.220189, 106.803307 -6.220094)"
drain,,"LINESTRING (106.801793 -6.219943, 106.801904 -6.220028, 106.802108 -6.220136, 106.80226 -6.220197, 106.802517 -6.220248)"
drain,,"LINESTRING (106.801608 -6.219759, 106.801793 -6.219943)"
drain,,"LINESTRING (106.803307 -6.220094, 106.803516 -6.219947, 106.803694 -6.219777, 106.803832 -6.219557)"
drain,,"LINESTRING (106.801239 -6.218856, 106.801271 -6.21904, 106.801345 -6.21928, 106.801436 -6.219476, 106.801608 -6.219759)"
drain,,"LINESTRING (106.803832 -6.219557, 106.80392 -6.219384, 106.804042 -6.219056)"
drain,,"LINESTRING (106.801237 -6.218324, 106.801239 -6.218856)"
drain,,"LINESTRING (106.804042 -6.219056, 106.80407 -6.218846, 106.804068 -6.218339, 106.804007 -6.21801)"
drain,,"LINESTRING (106.801643 -6.217381, 106.801472 -6.217634, 106.801381 -6.217814, 106.801306 -6.218027, 106.801237 -6.218324)"
drain,,"LINESTRING (106.804007 -6.21801, 106.803936 -6.217803, 106.803824 -6.217579, 106.803688 -6.217392)"
drain,,"LINESTRING (106.803688 -6.217392, 106.803527 -6.217232, 106.803442 -6.21717)"
drain,,"LINESTRING (106.801874 -6.217178, 106.801643 -6.217381)"
drain,,"LINESTRING (106.803442 -6.21717, 106.803326 -6.217092, 106.803176 -6.217025, 106.803026 -6.216965)"
drain,,"LINESTRING (106.801874 -6.217178, 106.801936 -6.217133, 106.802094 -6.217048, 106.802211 -6.216998, 106.80235 -6.216954)"
drain,,"LINESTRING (106.803026 -6.216965, 106.802849 -6.216931, 106.802525 -6.216933, 106.80235 -6.216954)"
river,Kali Grogol,"LINESTRING (106.784966 -6.237728, 106.784994 -6.237539, 106.784956 -6.237366, 106.784935 -6.23727, 106.784938 -6.237206, 106.784973 -6.237155, 106.785071 -6.237104, 106.785109 -6.237083, 106.78516 -6.237059, 106.785219 -6.237043, 106.785262 -6.237021, 106.785316 -6.236985, 106.785358 -6.236946, 106.785377 -6.236875, 106.785374 -6.236808, 106.78538 -6.236739, 106.785398 -6.236627, 106.785462 -6.236525, 106.785488 -6.236301, 106.78558 -6.236147, 106.785748 -6.236058, 106.785853 -6.235995, 106.785915 -6.235957, 106.785998 -6.235946, 106.786059 -6.235938, 106.786106 -6.23592, 106.786163 -6.235865, 106.786194 -6.235788, 106.786173 -6.235684, 106.786158 -6.235606, 106.786161 -6.235524, 106.786203 -6.235452, 106.786272 -6.235389, 106.786317 -6.235368, 106.786353 -6.23536, 106.786432 -6.235375, 106.78648 -6.235387, 106.786541 -6.235394, 106.786612 -6.235398, 106.786664 -6.23539, 106.786704 -6.235369, 106.786728 -6.235293, 106.786765 -6.235252, 106.786793 -6.235238, 106.786804 -6.235182, 106.786802 -6.235147, 106.786777 -6.235083, 106.786753 -6.23503, 106.78674 -6.234998, 106.786726 -6.234904, 106.786712 -6.234807, 106.786712 -6.234764, 106.786738 -6.234728, 106.78683 -6.234687, 106.786926 -6.234679, 106.786988 -6.23466, 106.787041 -6.23462, 106.787072 -6.23456, 106.787095 -6.234517, 106.787146 -6.23445, 106.787183 -6.234413, 106.787256 -6.234402, 106.787299 -6.234383, 106.787328 -6.234338, 106.787336 -6.234285, 106.787342 -6.234231, 106.787376 -6.234202, 106.787422 -6.234175, 106.787473 -6.234167, 106.787524 -6.234167, 106.78758 -6.234178, 106.787621 -6.234207, 106.787664 -6.234212, 106.787701 -6.234212, 106.787728 -6.234186, 106.787746 -6.234134, 106.787789 -6.234092, 106.787849 -6.234076, 106.787896 -6.234079, 106.787973 -6.234058, 106.788037 -6.234094, 106.788148 -6.234106, 106.78819 -6.234091, 106.78825 -6.234049, 106.788297 -6.234016, 106.788334 -6.233972, 106.788377 -6.233932, 106.78842 -6.233919, 106.788466 -6.233887, 106.788514 -6.233839, 106.788552 -6.233791, 106.78861 -6.233761, 106.788677 -6.233738, 106.788744 -6.233735, 106.788824 -6.23378, 106.788876 -6.233813, 106.788917 -6.233805, 106.788949 -6.233788, 106.788956 -6.23374, 106.788956 -6.233708, 106.788935 -6.233679, 106.788912 -6.233656, 106.788916 -6.233559, 106.788924 -6.233474, 106.788937 -6.233397, 106.78898 -6.233354, 106.78908 -6.233322, 106.789172 -6.233312, 106.789256 -6.233312, 106.789347 -6.233334, 106.789439 -6.233335, 106.789498 -6.233351, 106.789537 -6.233379, 106.789602 -6.233377, 106.789656 -6.233395, 106.789705 -6.233381, 106.789778 -6.23336, 106.789793 -6.233335, 106.789992 -6.233192, 106.790199 -6.233032, 106.79034 -6.23286, 106.790571 -6.232568, 106.790918 -6.232103, 106.791027 -6.231949, 106.791105 -6.231863, 106.791235 -6.231677, 106.7913 -6.23156, 106.791381 -6.231432, 106.79144 -6.231347, 106.791515 -6.231205, 106.791574 -6.231104, 106.791601 -6.23105, 106.791645 -6.230991, 106.791668 -6.230965, 106.791717 -6.230903, 106.791749 -6.230859, 106.791888 -6.230748, 106.791994 -6.230682, 106.792099 -6.230641, 106.792208 -6.230626, 106.792613 -6.230637, 106.792739 -6.230616, 106.792878 -6.230626, 106.79304 -6.230639, 106.7933 -6.230708, 106.79369 -6.230809, 106.793793 -6.2308, 106.794127 -6.23041, 106.794316 -6.230245, 106.794444 -6.230157, 106.794611 -6.23006, 106.794716 -6.230013, 106.794835 -6.230039, 106.794903 -6.230105, 106.794957 -6.230191, 106.795394 -6.230483, 106.795528 -6.230476, 106.795613 -6.230415, 106.795869 -6.229869, 106.795877 -6.229317, 106.795774 -6.229109, 106.795776 -6.229003, 106.795947 -6.228699, 106.79589 -6.228596, 106.795653 -6.228465, 106.795666 -6.228356, 106.795783 -6.228043, 106.795906 -6.227794, 106.795971 -6.227591, 106.796092 -6.227374, 106.796253 -6.227054, 106.796399 -6.226225, 106.796402 -6.225718, 106.79636 -6.225468, 106.796324 -6.224988, 106.796247 -6.224578, 106.796186 -6.224109, 106.796075 -6.223648, 106.796101 -6.223333, 106.796787 -6.21951, 106.796864 -6.219194, 106.796916 -6.218828, 106.796987 -6.218389, 106.797092 -6.217984, 106.796969 -6.217698, 106.796506 -6.217182, 106.796178 -6.21651, 106.796141 -6.216347, 106.796186 -6.216054, 106.796238 -6.21579, 106.796178 -6.215525, 106.795768 -6.214394, 106.795456 -6.213872, 106.795408 -6.213621, 106.795349 -6.213477, 106.79537 -6.213341, 106.795422 -6.213256, 106.795432 -6.212992, 106.795448 -6.212779, 106.79559 -6.212704, 106.795711 -6.212669, 106.795794 -6.212637, 106.795832 -6.212531, 106.795843 -6.212416, 106.795631 -6.212336, 106.795277 -6.212211, 106.795113 -6.212171, 106.794862 -6.211966, 106.794701 -6.211858, 106.794507 -6.211835, 106.794455 -6.211862, 106.794224 -6.21197, 106.794148 -6.211968, 106.794062 -6.211949, 106.794016 -6.211922, 106.794023 -6.211806, 106.793974 -6.211728, 106.79387 -6.211678, 106.793686 -6.211695, 106.793604 -6.211713, 106.793544 -6.211688, 106.793476 -6.211659, 106.793492 -6.211577, 106.793646 -6.21145, 106.793774 -6.211404, 106.793776 -6.211375, 106.793779 -6.211311, 106.793772 -6.2112, 106.793772 -6.211019, 106.793646 -6.210759, 106.793492 -6.210642, 106.793147 -6.210456, 106.792873 -6.210328, 106.792753 -6.210262, 106.792763 -6.209904, 106.792746 -6.209734, 106.792643 -6.209418, 106.792548 -6.209239, 106.792282 -6.209162, 106.792034 -6.209128, 106.791913 -6.208966, 106.79187 -6.208786, 106.792059 -6.208309, 106.792205 -6.208181, 106.792394 -6.207976, 106.792468 -6.207632, 106.792394 -6.207251, 106.792514 -6.206858, 106.792591 -6.206474, 106.792591 -6.206167, 106.792506 -6.20574, 106.792506 -6.205365, 106.792626 -6.204904, 106.792823 -6.204563, 106.792789 -6.204273, 106.79278 -6.204017, 106.7926 -6.203684, 106.792643 -6.203454, 106.792686 -6.203223, 106.792609 -6.202984, 106.792703 -6.20278, 106.792694 -6.202592, 106.792995 -6.202063, 106.793089 -6.20179, 106.793115 -6.201576, 106.793188 -6.201224, 106.79323 -6.201115, 106.793278 -6.201022, 106.793327 -6.200766, 106.793423 -6.200553, 106.793579 -6.200342, 106.794098 -6.199917, 106.794126 -6.199726, 106.794148 -6.19954, 106.79405 -6.199128, 106.793898 -6.198838, 106.79371 -6.1986, 106.793552 -6.198385, 106.793354 -6.197974, 106.793278 -6.197654, 106.793262 -6.197393, 106.793364 -6.197185, 106.793514 -6.197073, 106.793917 -6.19663, 106.794099 -6.196348, 106.794148 -6.19614, 106.794139 -6.196008, 106.794107 -6.19569, 106.79409 -6.19557, 106.794003 -6.195489, 106.793914 -6.195371, 106.793734 -6.195238, 106.793592 -6.195216, 106.793356 -6.195145, 106.793144 -6.195036, 106.792688 -6.194796, 106.792334 -6.194582, 106.792227 -6.19439, 106.792333 -6.193941, 106.792374 -6.193654, 106.792361 -6.193367, 106.792214 -6.192628, 106.792356 -6.192033, 106.792345 -6.191799, 106.79256 -6.191393, 106.792924 -6.190657, 106.793135 -6.190539, 106.793536 -6.190519, 106.793858 -6.189975, 106.793928 -6.189655, 106.794051 -6.189345, 106.794169 -6.188993, 106.794131 -6.188572, 106.794437 -6.188215, 106.794512 -6.188044, 106.794475 -6.187961, 106.793675 -6.186721, 106.793386 -6.186103, 106.793209 -6.185787, 106.793085 -6.185607, 106.792952 -6.184362, 106.79308 -6.184039, 106.79329 -6.183714, 106.793324 -6.183343, 106.793287 -6.182969, 106.793172 -6.182791, 106.792896 -6.182513, 106.79271 -6.182328, 106.792631 -6.181883, 106.792735 -6.181138, 106.792904 -6.180932, 106.793238 -6.180289, 106.793438 -6.179959, 106.793722 -6.179799, 106.793865 -6.179681, 106.794011 -6.179519, 106.794173 -6.179135, 106.794222 -6.178781, 106.794273 -6.178399, 106.794239 -6.17797, 106.794127 -6.177639, 106.793589 -6.177115, 106.791335 -6.175131, 106.790905 -6.174713, 106.790442 -6.174263, 106.790024 -6.173653, 106.789872 -6.173451, 106.789084 -6.172491, 106.788918 -6.172219, 106.788542 -6.171612, 106.78805 -6.170207, 106.787953 -6.169737, 106.78795 -6.169554, 106.787888 -6.167821, 106.787911 -6.167306)"
river,,"LINESTRING (106.799999 -6.189501, 106.799949 -6.189675, 106.799836 -6.189857, 106.799764 -6.189994, 106.79968 -6.190147, 106.799572 -6.190241, 106.799457 -6.190323, 106.799384 -6.190441, 106.799352 -6.19059, 106.799346 -6.190686, 106.799422 -6.190746, 106.799545 -6.190799, 106.799552 -6.191046, 106.799563 -6.191287, 106.799584 -6.191429, 106.799614 -6.191669, 106.799627 -6.191947, 106.799622 -6.19233, 106.79971 -6.192842, 106.799805 -6.193102, 106.799881 -6.1933, 106.80002 -6.193297, 106.800162 -6.193286, 106.800246 -6.193286, 106.800373 -6.193282, 106.800482 -6.193295, 106.800499 -6.193298, 106.800572 -6.193343, 106.800665 -6.193371, 106.800731 -6.193366, 106.800787 -6.193359, 106.800853 -6.193354, 106.801176 -6.193352, 106.801376 -6.193345, 106.801481 -6.193343, 106.801513 -6.19333, 106.801556 -6.193339, 106.801675 -6.193401, 106.801697 -6.193415)"
drain,,"LINESTRING (106.804234 -6.188623, 106.804369 -6.188627, 106.804542 -6.188615, 106.80486 -6.188594)"
drain,,"LINESTRING (106.80486 -6.188594, 106.805955 -6.188506, 106.805977 -6.188501, 106.805994 -6.188477, 106.806 -6.188062)"
drain,,"LINESTRING (106.804106 -6.188165, 106.80456 -6.188142, 106.805956 -6.188057, 106.806 -6.188062)"
drain,,"LINESTRING (106.806647 -6.187987, 106.806211 -6.188011, 106.806148 -6.188026, 106.806 -6.188062)"
drain,,"LINESTRING (106.804585 -6.187465, 106.804561 -6.187733, 106.804549 -6.187913, 106.80456 -6.188142)"
river,,"LINESTRING (106.806068 -6.173956, 106.805923 -6.174036)"
river,Kanal Banjir Barat,"LINESTRING (106.805923 -6.174036, 106.805422 -6.173336)"
river,Kanal Banjir Barat,"LINESTRING (106.822596 -6.202595, 106.817733 -6.201505, 106.81553 -6.200984)"
river,Sungai Cideng,"LINESTRING (106.817767 -6.201353, 106.817733 -6.201505)"
river,Sungai Cideng,"LINESTRING (106.817893 -6.200795, 106.817767 -6.201353)"
river,Kanal Banjir Barat,"LINESTRING (106.81553 -6.200984, 106.814739 -6.200811)"
river,Sungai Cideng,"LINESTRING (106.817911 -6.200702, 106.817893 -6.200795)"
river,Sungai Cideng,"LINESTRING (106.817871 -6.198893, 106.817911 -6.200702)"
river,Sungai Cideng,"LINESTRING (106.817766 -6.198663, 106.817871 -6.198893)"
river,Sungai Cideng,"LINESTRING (106.817806 -6.198407, 106.817766 -6.198663)"
river,Sungai Cideng,"LINESTRING (106.817785 -6.198151, 106.817806 -6.198407)"
river,Sungai Cideng,"LINESTRING (106.82064 -6.194383, 106.819023 -6.194171, 106.818394 -6.194084, 106.818258 -6.194054, 106.818214 -6.194067, 106.818074 -6.195147, 106.817954 -6.195627, 106.81778 -6.195928, 106.817743 -6.196042, 106.817743 -6.196316, 106.817758 -6.196458, 106.817793 -6.197415, 106.817814 -6.197839, 106.817785 -6.198151)"
river,Sunter,"LINESTRING (106.896165 -6.216081, 106.896082 -6.215764, 106.895957 -6.215535, 106.895838 -6.214609, 106.895757 -6.213618)"
river,Sunter,"LINESTRING (106.895757 -6.213618, 106.895764 -6.213073, 106.895762 -6.213005)"
river,Cipinang,"LINESTRING (106.89237 -6.213548, 106.892425 -6.213218, 106.892507 -6.212943, 106.892579 -6.212751)"
river,Sunter,"LINESTRING (106.895762 -6.213005, 106.895756 -6.212802, 106.895778 -6.21263, 106.895791 -6.212517)"
river,Cipinang,"LINESTRING (106.892579 -6.212751, 106.892694 -6.212638, 106.892829 -6.212582, 106.892973 -6.212581, 106.893978 -6.212388, 106.894576 -6.212387, 106.895229 -6.212457, 106.895791 -6.212517)"
river,Kanal Banjir Timur,"MULTILINESTRING ((106.878961 -6.228829, 106.879328 -6.228595, 106.879764 -6.228445, 106.880363 -6.228345, 106.881223 -6.228317, 106.882725 -6.22836, 106.883292 -6.228413, 106.883569 -6.228485, 106.884329 -6.228675, 106.885461 -6.228973, 106.887413 -6.229426, 106.889618 -6.229757, 106.890046 -6.229789, 106.893733 -6.230066, 106.896586 -6.230173, 106.898494 -6.230185, 106.901264 -6.230045, 106.905663 -6.23013, 106.909268 -6.230237, 106.910748 -6.23028, 106.912397 -6.230052, 106.919007 -6.228451, 106.919618 -6.228363, 106.920514 -6.228313, 106.923709 -6.228218, 106.926328 -6.228484, 106.927253 -6.22859, 106.928094 -6.228579, 106.938606 -6.227587, 106.939392 -6.227416, 106.940017 -6.227037, 106.940989 -6.226598, 106.942548 -6.225362, 106.945836 -6.222499, 106.94694 -6.221537, 106.947519 -6.220951, 106.948554 -6.219358, 106.950418 -6.216537, 106.950895 -6.215951, 106.951357 -6.215564, 106.951942 -6.215248, 106.952467 -6.214949, 106.952658 -6.214853, 106.955613 -6.21318, 106.955859 -6.213057, 106.958022 -6.211892, 106.958706 -6.21138, 106.960616 -6.209908, 106.961174 -6.209204, 106.961926 -6.207991, 106.962729 -6.206533, 106.963834 -6.204533, 106.96531 -6.201592, 106.965541 -6.201098, 106.965826 -6.20063, 106.966287 -6.199906), (106.967071 -6.198674, 106.967292 -6.198325, 106.967583 -6.197734, 106.968397 -6.196334, 106.96868 -6.195686, 106.968898 -6.194997, 106.969026 -6.193525, 106.969128 -6.191632, 106.96921 -6.191273))"
river,Sunter,"LINESTRING (106.895791 -6.212517, 106.89592 -6.212333, 106.896141 -6.212138, 106.896447 -6.211866, 106.89701 -6.211477, 106.897597 -6.210724, 106.897683 -6.210478, 106.897692 -6.210334, 106.897651 -6.210213, 106.897533 -6.210145, 106.897397 -6.21012, 106.897174 -6.210156, 106.896969 -6.210172, 106.896858 -6.210144, 106.896778 -6.210076, 106.896821 -6.209858, 106.896918 -6.209609, 106.896974 -6.20912, 106.89696 -6.208594, 106.896933 -6.208486, 106.896896 -6.208387, 106.896864 -6.208324, 106.896748 -6.208057, 106.896782 -6.207812, 106.897093 -6.20746, 106.897158 -6.207289, 106.89715 -6.207089, 106.897109 -6.206861, 106.897013 -6.206472, 106.896664 -6.205412, 106.897136 -6.203727, 106.897522 -6.203002, 106.897576 -6.202868)"
river,Sunter,"LINESTRING (106.897576 -6.202868, 106.897737 -6.202596)"
river,Sunter,"LINESTRING (106.897737 -6.202596, 106.898007 -6.202284, 106.898198 -6.202149, 106.898412 -6.202116, 106.89926 -6.202159, 106.900253 -6.201969, 106.900521 -6.201861, 106.90068 -6.201792, 106.900756 -6.201716, 106.900872 -6.201473, 106.900922 -6.201343, 106.90095 -6.201104, 106.900933 -6.200945, 106.90087 -6.200804, 106.900768 -6.200664, 106.90072 -6.200559, 106.900711 -6.200439, 106.90076 -6.200311, 106.900942 -6.200118, 106.901108 -6.19996, 106.90116 -6.199765, 106.90122 -6.199482, 106.901415 -6.199178)"
river,,"LINESTRING (106.882692 -6.190091, 106.882578 -6.190107)"
river,,"LINESTRING (106.828334 -6.205788, 106.828381 -6.205846)"
river,Kanal Banjir Barat,"LINESTRING (106.848022 -6.208116, 106.847865 -6.208218, 106.847482 -6.208464, 106.84729 -6.208542, 106.84713 -6.208588, 106.846971 -6.208617, 106.846715 -6.208624, 106.846509 -6.208607, 106.846193 -6.208549, 106.845442 -6.208303, 106.845206 -6.208206, 106.844884 -6.208079, 106.841366 -6.206829, 106.840429 -6.206473, 106.838934 -6.205998, 106.837198 -6.205342, 106.834189 -6.204907, 106.829459 -6.204164, 106.827632 -6.203741, 106.827437 -6.203715, 106.826326 -6.203438, 106.823228 -6.20274, 106.822985 -6.202683)"
river,,"LINESTRING (106.828039 -6.205357, 106.828334 -6.205788)"
river,,"LINESTRING (106.828009 -6.2053, 106.828039 -6.205357)"
river,,"LINESTRING (106.827883 -6.205218, 106.828009 -6.2053)"
river,,"LINESTRING (106.827466 -6.204222, 106.827437 -6.203715)"
river,Kanal Banjir Barat,"LINESTRING (106.822985 -6.202683, 106.822596 -6.202595)"
river,Cideng,"LINESTRING (106.827081 -6.201846, 106.823457 -6.198235, 106.822821 -6.197512, 106.821381 -6.196029, 106.821297 -6.195954, 106.821121 -6.195678)"
river,,"LINESTRING (106.842921 -6.19792, 106.842979 -6.197692, 106.843085 -6.197555, 106.84312 -6.197548, 106.843156 -6.197502, 106.843184 -6.197403, 106.843143 -6.197299, 106.843104 -6.197224, 106.843027 -6.197192, 106.842988 -6.19713)"
river,,"LINESTRING (106.842988 -6.19713, 106.84293 -6.197022, 106.842899 -6.196903, 106.842844 -6.19691, 106.842818 -6.196679, 106.842895 -6.19659, 106.842996 -6.196457, 106.843036 -6.19638, 106.843044 -6.196308, 106.843063 -6.196193, 106.843111 -6.196132, 106.843176 -6.196038, 106.843202 -6.195972, 106.843232 -6.195841, 106.843267 -6.195761, 106.843331 -6.195644, 106.843379 -6.195564, 106.843487 -6.195452, 106.843737 -6.195306)"
river,Sungai Gresik,"LINESTRING (106.823834 -6.194609, 106.825348 -6.19482, 106.82638 -6.194964, 106.827416 -6.1951, 106.828153 -6.195189, 106.829348 -6.195359, 106.830007 -6.195451, 106.83297 -6.195864, 106.833486 -6.195945, 106.834282 -6.196069, 106.835399 -6.196303, 106.838584 -6.19689)"
river,Kali Cideng,"LINESTRING (106.821121 -6.195678, 106.821058 -6.19554, 106.820927 -6.19483, 106.820892 -6.194612, 106.820822 -6.194505, 106.82064 -6.194383)"
canal,,"LINESTRING (106.820696 -6.194123, 106.822181 -6.194284, 106.822207 -6.194287, 106.822444 -6.194314, 106.822797 -6.194389, 106.822913 -6.19441, 106.823204 -6.194475, 106.823396 -6.194521, 106.823792 -6.1946, 106.823834 -6.194609)"
river,Kali Cideng,"LINESTRING (106.82064 -6.194383, 106.820688 -6.194163)"
river,Kali Cideng,"LINESTRING (106.820688 -6.194163, 106.820696 -6.194123)"
river,Kali Cideng,"LINESTRING (106.820696 -6.194123, 106.820774 -6.19374, 106.820988 -6.192681, 106.82102 -6.192422)"
river,Kali Cideng,"LINESTRING (106.82102 -6.192422, 106.821063 -6.19211)"
river,Kali Cideng,"LINESTRING (106.821063 -6.19211, 106.821128 -6.191693, 106.82119 -6.191334, 106.82132 -6.191027, 106.821447 -6.190771, 106.821706 -6.190377, 106.821851 -6.190144, 106.822165 -6.189647, 106.822371 -6.189198, 106.822438 -6.188827, 106.822483 -6.187912)"
river,Kali Cideng,"LINESTRING (106.822483 -6.187912, 106.822493 -6.187563, 106.822518 -6.187131)"
river,Kali Cideng,"LINESTRING (106.822518 -6.187131, 106.822554 -6.186284, 106.822578 -6.185802, 106.822563 -6.185506, 106.822559 -6.185385)"
river,,"LINESTRING (106.858293 -6.197776, 106.857878 -6.196807, 106.857833 -6.196759)"
river,,"LINESTRING (106.857833 -6.196759, 106.857664 -6.196612, 106.857502 -6.1965)"
river,Kali Utan Kayu,"LINESTRING (106.869217 -6.198991, 106.869131 -6.198671, 106.868477 -6.196634, 106.868327 -6.196143, 106.868241 -6.195844, 106.86823 -6.195546, 106.868348 -6.195076, 106.868906 -6.194084, 106.869764 -6.19306, 106.869839 -6.192954, 106.869882 -6.192869, 106.87 -6.192431, 106.870154 -6.191895)"
river,,"LINESTRING (106.857502 -6.1965, 106.857329 -6.196371, 106.857196 -6.196295, 106.856983 -6.196208, 106.856802 -6.196161, 106.856452 -6.196044, 106.855851 -6.19582, 106.855691 -6.195816, 106.855399 -6.195731, 106.855015 -6.195611, 106.854403 -6.195399, 106.853124 -6.194922, 106.852506 -6.194684, 106.851837 -6.19443, 106.851707 -6.194256, 106.851089 -6.193285, 106.850931 -6.192956, 106.85084 -6.192848, 106.850562 -6.192723, 106.850451 -6.192634, 106.850309 -6.192299, 106.849994 -6.192053, 106.849825 -6.191761, 106.849575 -6.191473, 106.849532 -6.191395, 106.849543 -6.191316)"
river,,"LINESTRING (106.849543 -6.191316, 106.849699 -6.191211, 106.850337 -6.190544, 106.850463 -6.190353, 106.850576 -6.190116, 106.850734 -6.189866, 106.850873 -6.189486, 106.851049 -6.189137, 106.851182 -6.188312, 106.851201 -6.188038, 106.851224 -6.187765, 106.851259 -6.187606, 106.851325 -6.187474, 106.851418 -6.187391, 106.851823 -6.187121, 106.851819 -6.186944, 106.851725 -6.186585, 106.851647 -6.186236, 106.851558 -6.186133, 106.85149 -6.185792)"
river,,"LINESTRING (106.85149 -6.185792, 106.851444 -6.185535, 106.851495 -6.185051, 106.85153 -6.184684, 106.85155 -6.184418, 106.851589 -6.183838, 106.851624 -6.18328)"
river,Kali Utan Kayu,"LINESTRING (106.870154 -6.191895, 106.870244 -6.191485, 106.870373 -6.190919, 106.870459 -6.189842, 106.870491 -6.189511, 106.870489 -6.189494, 106.870008 -6.186322, 106.870001 -6.18627, 106.86998 -6.186123, 106.869898 -6.185592, 106.869889 -6.185535, 106.869874 -6.185432, 106.869872 -6.185419, 106.869831 -6.18516, 106.869789 -6.184896, 106.86978 -6.18484, 106.86977 -6.184776, 106.869756 -6.18471, 106.869742 -6.184644, 106.869728 -6.184572, 106.869642 -6.184158, 106.869629 -6.184097, 106.8695 -6.18377, 106.869496 -6.183758, 106.868964 -6.182405, 106.868891 -6.18223, 106.868775 -6.182001, 106.866535 -6.179512, 106.864405 -6.176978, 106.864322 -6.176736, 106.864261 -6.176243)"
river,,"LINESTRING (106.851624 -6.18328, 106.851662 -6.182806, 106.851682 -6.182312, 106.8517 -6.181751, 106.851726 -6.181297, 106.851736 -6.181187, 106.851764 -6.180926)"
river,Kali Sunter,"LINESTRING (106.851764 -6.180926, 106.851788 -6.180288, 106.851802 -6.179567, 106.851821 -6.178988, 106.851872 -6.178102, 106.851896 -6.177687, 106.851922 -6.177364, 106.85197 -6.176562, 106.851986 -6.17577, 106.852026 -6.175039, 106.852046 -6.174845)"
river,Kali Sunter,"LINESTRING (106.852046 -6.174845, 106.852055 -6.17441)"
river,,"LINESTRING (106.882578 -6.190107, 106.882462 -6.190107, 106.882173 -6.190107, 106.881845 -6.190091, 106.881641 -6.189985)"
river,,"LINESTRING (106.884053 -6.1899, 106.883424 -6.189989, 106.883304 -6.190006, 106.882692 -6.190091)"
river,,"LINESTRING (106.881641 -6.189985, 106.881585 -6.189935, 106.881534 -6.189889)"
river,,"LINESTRING (106.884264 -6.189871, 106.884053 -6.1899)"
river,,"LINESTRING (106.881534 -6.189889, 106.881319 -6.189547, 106.881209 -6.189251, 106.881135 -6.188841)"
river,,"LINESTRING (106.891025 -6.188844, 106.890886 -6.188864, 106.89059 -6.188905, 106.890498 -6.188921, 106.889739 -6.189057, 106.889344 -6.189124, 106.88848 -6.189269, 106.888379 -6.189286, 106.888213 -6.189305, 106.888167 -6.189312, 106.887299 -6.189456, 106.887182 -6.189467, 106.886419 -6.189578, 106.886237 -6.189605, 106.885831 -6.18966, 106.885383 -6.18972, 106.885366 -6.189722, 106.884438 -6.189846, 106.884276 -6.189869, 106.884264 -6.189871)"
river,,"LINESTRING (106.891264 -6.188809, 106.891219 -6.188817, 106.89108 -6.188836, 106.891025 -6.188844)"
river,,"LINESTRING (106.876341 -6.176344, 106.876126 -6.179384, 106.87603 -6.180532, 106.876008 -6.181688, 106.875627 -6.189117, 106.875612 -6.189469, 106.87558 -6.189778, 106.875628 -6.19005, 106.87574 -6.19045, 106.875938 -6.190785, 106.876453 -6.191373, 106.876802 -6.191885, 106.877096 -6.192231, 106.877295 -6.192327, 106.877467 -6.192375, 106.877617 -6.192429, 106.877821 -6.192407, 106.877971 -6.192429, 106.878164 -6.192471, 106.878347 -6.192535, 106.878364 -6.192614, 106.879893 -6.19281, 106.880063 -6.192842, 106.881396 -6.193087, 106.883934 -6.193362, 106.885456 -6.193439, 106.885654 -6.193449, 106.886933 -6.193488, 106.886973 -6.193488, 106.887748 -6.193493, 106.888052 -6.193491, 106.888359 -6.193495, 106.890004 -6.193506, 106.895842 -6.193538, 106.900631 -6.193583)"
river,,"LINESTRING (106.899023 -6.178642, 106.899 -6.178988, 106.898882 -6.180322, 106.898872 -6.180438, 106.898867 -6.180495, 106.898814 -6.181129, 106.898807 -6.181218, 106.898768 -6.181682, 106.898765 -6.181721, 106.89876 -6.181781, 106.898753 -6.181864, 106.898707 -6.182421, 106.898656 -6.183033, 106.898639 -6.183241, 106.898603 -6.18367, 106.898586 -6.183838, 106.898574 -6.183957, 106.898571 -6.18399, 106.898561 -6.184084, 106.898513 -6.184506, 106.898476 -6.184831, 106.89844 -6.185149, 106.898432 -6.185228, 106.8984 -6.185558, 106.89839 -6.185638, 106.898323 -6.186177, 106.898254 -6.186742, 106.898238 -6.186871, 106.898191 -6.187253, 106.898164 -6.187403, 106.898132 -6.187448, 106.8981 -6.187493, 106.897991 -6.187648, 106.897493 -6.187738, 106.897332 -6.187767, 106.896934 -6.18784, 106.896686 -6.187885, 106.896486 -6.187916, 106.896449 -6.187921, 106.896241 -6.187953, 106.895172 -6.18813, 106.894841 -6.188185, 106.89445 -6.18825, 106.893584 -6.188393, 106.89313 -6.188468, 106.892992 -6.188491, 106.892942 -6.1885, 106.892199 -6.188637, 106.891264 -6.188809)"
river,Sunter,"LINESTRING (106.902194 -6.179435, 106.901608 -6.178871, 106.901251 -6.178752, 106.900894 -6.17878, 106.90028 -6.178999, 106.899943 -6.179104, 106.899861 -6.179088, 106.899023 -6.178642, 106.898755 -6.17853, 106.89841 -6.178529, 106.897692 -6.178646, 106.897532 -6.178549, 106.897402 -6.178397)"
river,Sunter,"LINESTRING (106.897402 -6.178397, 106.897345 -6.178163, 106.897264 -6.177828)"
river,Sunter,"LINESTRING (106.897264 -6.177828, 106.897154 -6.177639, 106.897072 -6.177535)"
river,Sunter,"LINESTRING (106.897072 -6.177535, 106.897032 -6.177483, 106.896991 -6.177431)"
river,,"LINESTRING (106.876373 -6.176013, 106.876341 -6.176344)"
river,,"LINESTRING (106.89351 -6.174711, 106.893468 -6.174784)"
river,,"LINESTRING (106.89354 -6.174659, 106.893522 -6.174691, 106.89351 -6.174711)"
river,,"LINESTRING (106.894047 -6.173779, 106.893746 -6.174302, 106.89358 -6.17459, 106.89354 -6.174659)"
river,,"LINESTRING (106.894115 -6.17366, 106.894047 -6.173779)"
river,,"LINESTRING (106.89465 -6.17273, 106.894115 -6.17366)"
river,,"LINESTRING (106.89476 -6.17254, 106.89465 -6.17273)"
river,Kali Cideng,"LINESTRING (106.822559 -6.185385, 106.822533 -6.185066, 106.822457 -6.184619, 106.822376 -6.184214, 106.82231 -6.184076, 106.822277 -6.184008, 106.822146 -6.183771, 106.822056 -6.183661, 106.821887 -6.183524, 106.82156 -6.183422, 106.820926 -6.18323, 106.820411 -6.183094, 106.820034 -6.182993)"
drain,,"LINESTRING (106.838332 -6.174, 106.838076 -6.173967, 106.837835 -6.173991, 106.836786 -6.174212, 106.836185 -6.174207, 106.835426 -6.174199, 106.835026 -6.174308)"
river,Ci Liwung,"LINESTRING (106.864419 -6.229251, 106.864881 -6.228651, 106.864818 -6.227721, 106.864765 -6.226803, 106.864625 -6.226537, 106.864383 -6.226194, 106.863834 -6.225383, 106.86361 -6.224786, 106.863662 -6.224555, 106.863782 -6.224504, 106.863837 -6.224506, 106.86458 -6.22453, 106.864984 -6.22446, 106.86514 -6.224408, 106.865284 -6.224302, 106.865372 -6.2241, 106.86541 -6.223992, 106.865423 -6.223866, 106.865415 -6.223722, 106.865368 -6.223546, 106.865315 -6.223378, 106.865182 -6.223194, 106.864964 -6.222946, 106.864387 -6.222369, 106.864226 -6.2221, 106.864041 -6.221869, 106.863996 -6.221806, 106.863768 -6.221544, 106.863663 -6.221407, 106.863511 -6.22114, 106.863357 -6.22067, 106.863235 -6.220228, 106.863078 -6.219959, 106.862834 -6.219769, 106.862294 -6.21972, 106.861936 -6.219803, 106.861719 -6.219968, 106.861585 -6.22021, 106.861564 -6.220486, 106.861624 -6.220618, 106.861824 -6.220866, 106.861864 -6.221134, 106.861763 -6.221418, 106.861608 -6.221594, 106.861334 -6.221662, 106.861025 -6.221714, 106.860889 -6.221694, 106.860604 -6.221613, 106.860392 -6.221541, 106.860226 -6.221429, 106.860159 -6.221243, 106.86018 -6.221026, 106.860322 -6.22074, 106.860589 -6.220323, 106.86068 -6.220144, 106.860951 -6.219541, 106.861962 -6.218237, 106.862133 -6.21789, 106.862308 -6.217615, 106.862564 -6.2174, 106.86334 -6.216854, 106.863488 -6.216626, 106.863533 -6.216411, 106.863466 -6.21625, 106.863365 -6.216162, 106.863292 -6.21612, 106.863216 -6.216103, 106.86312 -6.216111, 106.862809 -6.216197, 106.862453 -6.216358, 106.861986 -6.216583, 106.861518 -6.21686, 106.860756 -6.217281, 106.86043 -6.217354, 106.860033 -6.217312, 106.859764 -6.217103, 106.859544 -6.216883, 106.859394 -6.216658, 106.859119 -6.216436, 106.858946 -6.216334, 106.858701 -6.216298, 106.858558 -6.216371, 106.858381 -6.216589, 106.858089 -6.216914, 106.858025 -6.217157, 106.857853 -6.217548, 106.857763 -6.21763, 106.857432 -6.217664, 106.856948 -6.21734, 106.856488 -6.216703, 106.856287 -6.21635, 106.856347 -6.215907, 106.856493 -6.215463, 106.856611 -6.215075, 106.856867 -6.214545, 106.85715 -6.214147, 106.857465 -6.213795, 106.857565 -6.21374, 106.857655 -6.213721, 106.857989 -6.213726, 106.858254 -6.213628, 106.858316 -6.213559, 106.858334 -6.213489, 106.858326 -6.213345, 106.857972 -6.212949, 106.857823 -6.212752, 106.857765 -6.212636, 106.857687 -6.212526, 106.8576 -6.212358, 106.857461 -6.212199, 106.857276 -6.212051, 106.857047 -6.211869, 106.856891 -6.211783, 106.85664 -6.211696, 106.855106 -6.211385, 106.854505 -6.21111, 106.854368 -6.21105, 106.854243 -6.210803, 106.854187 -6.210665, 106.854049 -6.210537, 106.853451 -6.210043, 106.852758 -6.209554, 106.852499 -6.209439, 106.852369 -6.209387, 106.852235 -6.209354, 106.851603 -6.209185, 106.85129 -6.20907, 106.850783 -6.20876, 106.850543 -6.208564, 106.85016 -6.208181, 106.849895 -6.207962, 106.8496 -6.207767, 106.849364 -6.207642, 106.849238 -6.20759, 106.849126 -6.207541, 106.849135 -6.207469, 106.849141 -6.207439, 106.849161 -6.207293, 106.84919 -6.207021, 106.849347 -6.206357, 106.849499 -6.205946, 106.849795 -6.205614, 106.850091 -6.205507, 106.850434 -6.205465, 106.851048 -6.20583, 106.851416 -6.205884, 106.851621 -6.20591, 106.851813 -6.205901, 106.852196 -6.205863, 106.852584 -6.205845, 106.852789 -6.205911, 106.852935 -6.206012, 106.853344 -6.206442, 106.853573 -6.206526, 106.853843 -6.206516, 106.854336 -6.20636, 106.854677 -6.206133, 106.855159 -6.205708, 106.855354 -6.205388, 106.855525 -6.205075, 106.855785 -6.204443, 106.855771 -6.203664, 106.855744 -6.203428, 106.855703 -6.203212, 106.855626 -6.202985, 106.855507 -6.202768, 106.855443 -6.202654, 106.855405 -6.202597, 106.855345 -6.202544, 106.855228 -6.202442, 106.855159 -6.202399, 106.855046 -6.202363, 106.854796 -6.202341, 106.854416 -6.202308, 106.854053 -6.202244, 106.853149 -6.20196, 106.852921 -6.201881, 106.852818 -6.201864, 106.852715 -6.201867, 106.852565 -6.201912, 106.852451 -6.201978, 106.852288 -6.202081, 106.851859 -6.202373, 106.851752 -6.202414, 106.851635 -6.202444, 106.851587 -6.202434, 106.851549 -6.20241, 106.851493 -6.202369, 106.851437 -6.202303, 106.851357 -6.202165, 106.851244 -6.201928, 106.851176 -6.201768, 106.851041 -6.201417, 106.850576 -6.200614, 106.850324 -6.200283, 106.849646 -6.199682, 106.849217 -6.199205, 106.848985 -6.198479, 106.848771 -6.198377, 106.84793 -6.198377, 106.84747 -6.198411, 106.847064 -6.198664, 106.846649 -6.199067, 106.846257 -6.199328, 106.84606 -6.199413, 106.84584 -6.19943, 106.845639 -6.19932, 106.845428 -6.199177, 106.845146 -6.198895, 106.845006 -6.198639, 106.84495 -6.198283, 106.845084 -6.19789, 106.845932 -6.196235, 106.845852 -6.19587, 106.845695 -6.195766, 106.84526 -6.195723, 106.844659 -6.195774, 106.844291 -6.19577, 106.844103 -6.195706, 106.843889 -6.19551, 106.843737 -6.195306, 106.843654 -6.194853, 106.843624 -6.194584, 106.843622 -6.194202, 106.843607 -6.193814, 106.843725 -6.193625, 106.84394 -6.193438, 106.844181 -6.193246, 106.844455 -6.193038, 106.844884 -6.192787, 106.845239 -6.192478, 106.845358 -6.192273, 106.845402 -6.192137, 106.845174 -6.191838, 106.843511 -6.191107, 106.84306 -6.190972, 106.842632 -6.190721, 106.841329 -6.189593, 106.841204 -6.189463, 106.841097 -6.189253, 106.841061 -6.189061, 106.841098 -6.18889, 106.841203 -6.18876, 106.841594 -6.188471, 106.841777 -6.188252, 106.841845 -6.188063, 106.841852 -6.187883, 106.841815 -6.187791, 106.841682 -6.187585, 106.841559 -6.187518, 106.840719 -6.187235, 106.840483 -6.187044, 106.840473 -6.186802, 106.840645 -6.18655, 106.8407 -6.186434, 106.840889 -6.185884, 106.84084 -6.185702, 106.840765 -6.185569, 106.840621 -6.185465, 106.840226 -6.185442, 106.839491 -6.185443, 106.838885 -6.185671, 106.838583 -6.185903, 106.838262 -6.186048, 106.838087 -6.186056, 106.837817 -6.186009, 106.837366 -6.1855, 106.836587 -6.185048, 106.836479 -6.184978, 106.836261 -6.184678, 106.83614 -6.184384, 106.836153 -6.184123, 106.836288 -6.183753, 106.836621 -6.183021, 106.836824 -6.182405, 106.836864 -6.182016, 106.836849 -6.18186, 106.836267 -6.181483, 106.835318 -6.181076, 106.835151 -6.180913, 106.835053 -6.180717, 106.83505 -6.18054, 106.835133 -6.180368, 106.835438 -6.180071, 106.835654 -6.179795, 106.83582 -6.179611, 106.836085 -6.179412, 106.836254 -6.179336, 106.836449 -6.179189, 106.836541 -6.179103, 106.836652 -6.178895, 106.836818 -6.178444, 106.836908 -6.178006, 106.836877 -6.177853, 106.83672 -6.177789, 106.836544 -6.177838, 106.83631 -6.177988, 106.836005 -6.178193, 106.835694 -6.178343, 106.835447 -6.178389, 106.835013 -6.178386, 106.834865 -6.178316, 106.834729 -6.178205, 106.834631 -6.178064, 106.834584 -6.177884, 106.834612 -6.177721, 106.834754 -6.177332, 106.834967 -6.176848, 106.83505 -6.176603, 106.835047 -6.176453, 106.83496 -6.176174, 106.834825 -6.175779, 106.834523 -6.175035, 106.83436 -6.174758, 106.83424 -6.174674, 106.834113 -6.174716, 106.833962 -6.174866, 106.833691 -6.175231, 106.833414 -6.175574, 106.833127 -6.17574, 106.832754 -6.175798, 106.8324 -6.17569, 106.832264 -6.175571, 106.832206 -6.175415, 106.832184 -6.175262, 106.832212 -6.175121, 106.832271 -6.174958, 106.832406 -6.17449, 106.832441 -6.174181, 106.832604 -6.173603, 106.832668 -6.173473, 106.833101 -6.172742, 106.833156 -6.172586, 106.833124 -6.172449, 106.833015 -6.17234, 106.832813 -6.172287, 106.832154 -6.172241, 106.831875 -6.172182, 106.831726 -6.172101, 106.83156 -6.171851, 106.831512 -6.171781, 106.832098 -6.17102, 106.832183 -6.170896, 106.832335 -6.17082, 106.832418 -6.170728, 106.832479 -6.170533, 106.83238 -6.170403, 106.832245 -6.170266, 106.832069 -6.170132, 106.83182 -6.169685, 106.831587 -6.168823, 106.831477 -6.16833, 106.831469 -6.168196, 106.831603 -6.167563, 106.831736 -6.167366, 106.838067 -6.163801, 106.838196 -6.163603, 106.836801 -6.157966, 106.834578 -6.149261, 106.83447 -6.148988, 106.834163 -6.147989, 106.833951 -6.147208, 106.833983 -6.14608, 106.833964 -6.145624, 106.833908 -6.145056, 106.832997 -6.140994, 106.832831 -6.140231, 106.832392 -6.138164, 106.831793 -6.135341, 106.831376 -6.133706, 106.830624 -6.130309, 106.830372 -6.129143, 106.829769 -6.125529, 106.829753 -6.125446, 106.829518 -6.124187, 106.829191 -6.121788, 106.829023 -6.120636)"
drain,,"LINESTRING (106.839861 -6.169935, 106.839885 -6.170019, 106.840096 -6.17075, 106.840138 -6.170895, 106.840293 -6.171434, 106.840387 -6.171759, 106.840392 -6.172035, 106.839668 -6.172836, 106.838854 -6.173754, 106.83884 -6.173769, 106.838332 -6.174)"
river,Kali Baru,"LINESTRING (106.845413 -6.174956, 106.845509 -6.174378, 106.845676 -6.173444, 106.845869 -6.172391, 106.845949 -6.171807, 106.846089 -6.170956, 106.846165 -6.170728, 106.846298 -6.170558, 106.846954 -6.16992, 106.848202 -6.168708, 106.848313 -6.168561, 106.848411 -6.168474, 106.848751 -6.16816)"
canal,,"LINESTRING (106.831512 -6.171781, 106.831077 -6.171565, 106.830435 -6.171234, 106.829828 -6.171049, 106.82979 -6.170955)"
river,Krukut,"LINESTRING (106.821702 -6.17132, 106.821466 -6.170749, 106.821294 -6.170608)"
drain,,"LINESTRING (106.839765 -6.169588, 106.839822 -6.169793, 106.839861 -6.169935)"
canal,Ciliwung Gajah Mada,"LINESTRING (106.82979 -6.170955, 106.830135 -6.169788, 106.83031 -6.169006, 106.830351 -6.168618, 106.83031 -6.168417, 106.830248 -6.168316, 106.830092 -6.168127)"
canal,Ciliwung Gajah Mada,"LINESTRING (106.830092 -6.168127, 106.82594 -6.167269, 106.8255 -6.167205, 106.825306 -6.167191, 106.824116 -6.167336, 106.822323 -6.167474, 106.821275 -6.167473, 106.821119 -6.167429)"
river,,"LINESTRING (106.89531 -6.171585, 106.894777 -6.172511, 106.89476 -6.17254)"
river,,"LINESTRING (106.895331 -6.171547, 106.89531 -6.171585)"
river,,"LINESTRING (106.895427 -6.171381, 106.895331 -6.171547)"
drain,,"LINESTRING (106.879518 -6.166824, 106.879262 -6.167107, 106.879109 -6.167277, 106.878913 -6.167477, 106.878707 -6.167718, 106.878484 -6.168288, 106.87847 -6.168328, 106.878314 -6.168763, 106.878265 -6.168984, 106.878183 -6.169349, 106.8779 -6.170158, 106.877766 -6.17054, 106.877628 -6.170936, 106.877401 -6.171711, 106.877395 -6.171736, 106.876821 -6.174089, 106.876802 -6.174168, 106.876512 -6.175309, 106.876373 -6.176013)"
river,,"LINESTRING (106.895514 -6.171432, 106.895427 -6.171381)"
river,,"LINESTRING (106.898767 -6.166048, 106.895514 -6.171432)"
river,Sunter,"LINESTRING (106.896991 -6.177431, 106.896823 -6.177228, 106.896586 -6.177036, 106.895213 -6.176182, 106.89488 -6.175873, 106.894451 -6.175478, 106.89366 -6.174928, 106.893468 -6.174784, 106.892951 -6.174394, 106.891771 -6.172965, 106.888529 -6.170998, 106.887849 -6.170619, 106.886963 -6.170124, 106.881615 -6.166759, 106.881089 -6.166428, 106.880773 -6.166042, 106.880622 -6.165788, 106.880584 -6.165538, 106.880578 -6.165239, 106.880611 -6.165014, 106.880665 -6.164734, 106.880751 -6.164472, 106.880879 -6.164172, 106.881387 -6.163418, 106.882072 -6.162396, 106.882106 -6.162338, 106.883516 -6.159943)"
river,,"LINESTRING (106.879669 -6.166278, 106.879518 -6.166824)"
river,,"LINESTRING (106.898818 -6.165963, 106.898767 -6.166048)"
river,,"LINESTRING (106.880011 -6.165539, 106.879917 -6.165769, 106.879825 -6.165977, 106.879702 -6.166228, 106.879669 -6.166278)"
river,Kali Utan Kayu,"LINESTRING (106.864261 -6.176243, 106.864259 -6.174957, 106.864293 -6.174725, 106.864407 -6.174437, 106.864601 -6.174162, 106.864773 -6.174045, 106.865985 -6.173426, 106.866092 -6.17333, 106.8662 -6.173, 106.8662 -6.17285, 106.865446 -6.171212)"
river,Kali Utan Kayu,"LINESTRING (106.865446 -6.171212, 106.865412 -6.171137, 106.865376 -6.17106, 106.865356 -6.171014, 106.865252 -6.170788)"
river,Kali Sunter,"LINESTRING (106.852055 -6.17441, 106.852312 -6.16906, 106.852483 -6.164713, 106.852516 -6.164607, 106.853216 -6.163445)"
drain,,"LINESTRING (106.86343 -6.167262, 106.863748 -6.167478, 106.864156 -6.167723, 106.864296 -6.167807, 106.86436 -6.167862, 106.864696 -6.168026, 106.865241 -6.16833, 106.866102 -6.168869, 106.866344 -6.169004, 106.866575 -6.169141, 106.866866 -6.16935, 106.867042 -6.16948, 106.867074 -6.169513, 106.867105 -6.169551)"
drain,,"LINESTRING (106.863299 -6.167193, 106.86343 -6.167262)"
river,Kali Utan Kayu,"LINESTRING (106.865252 -6.170788, 106.865116 -6.170493, 106.865145 -6.170419, 106.865229 -6.170365, 106.865472 -6.170275, 106.866269 -6.169915, 106.866828 -6.169662, 106.867105 -6.169551, 106.869166 -6.168562, 106.870993 -6.167751, 106.872691 -6.167037, 106.873467 -6.16677, 106.874579 -6.166386, 106.87594 -6.16599, 106.876068 -6.165952, 106.876176 -6.165921, 106.876385 -6.16586, 106.876534 -6.165817, 106.877161 -6.165684, 106.877763 -6.165481, 106.878197 -6.165168, 106.878853 -6.164678, 106.879051 -6.16453, 106.879062 -6.164522, 106.87948 -6.164301, 106.879701 -6.164136, 106.879707 -6.164126, 106.879782 -6.164018, 106.879976 -6.16372, 106.880055 -6.163567, 106.880096 -6.16348, 106.880119 -6.163368, 106.880076 -6.16311, 106.880153 -6.162821)"
river,Kali Baru,"LINESTRING (106.848751 -6.16816, 106.850123 -6.166796, 106.850936 -6.165994, 106.851977 -6.164965)"
river,Kali Baru,"LINESTRING (106.851977 -6.164965, 106.851981 -6.164961)"
river,,"LINESTRING (106.851981 -6.164961, 106.85231 -6.164656, 106.852516 -6.164607)"
drain,,"LINESTRING (106.866837 -6.15768, 106.86673 -6.157797, 106.866569 -6.15816, 106.866315 -6.158526, 106.866258 -6.158608, 106.866 -6.15912, 106.865456 -6.160172, 106.865031 -6.160861, 106.864466 -6.161829, 106.864426 -6.16199, 106.864406 -6.162037, 106.864273 -6.162224, 106.864102 -6.162629, 106.863952 -6.162798, 106.863913 -6.162922, 106.863868 -6.163067, 106.863827 -6.163123, 106.86378 -6.163195, 106.863712 -6.163295, 106.863413 -6.163794, 106.863144 -6.164282, 106.863072 -6.164401, 106.863001 -6.164531, 106.862808 -6.164864, 106.862139 -6.166168, 106.862076 -6.166262, 106.862121 -6.166285, 106.862046 -6.166469, 106.862074 -6.166529, 106.862182 -6.16659, 106.862272 -6.166627, 106.862363 -6.16666, 106.862354 -6.166717, 106.862412 -6.166746, 106.862463 -6.166729, 106.862682 -6.166858, 106.862847 -6.166973, 106.862989 -6.167031, 106.863121 -6.167089, 106.863226 -6.167164, 106.863299 -6.167193)"
river,,"LINESTRING (106.880149 -6.165127, 106.880011 -6.165539)"
river,,"LINESTRING (106.882072 -6.162396, 106.881619 -6.162608, 106.881383 -6.162969, 106.881176 -6.163292, 106.881135 -6.163369, 106.881022 -6.163582, 106.880986 -6.16365, 106.880904 -6.163783, 106.880707 -6.164098, 106.88053 -6.16445, 106.880503 -6.164504, 106.880355 -6.164765, 106.880173 -6.165084, 106.880149 -6.165127)"
river,,"LINESTRING (106.879684 -6.162934, 106.879871 -6.162889)"
river,Kali Item Sunter,"LINESTRING (106.879871 -6.162889, 106.880153 -6.162821, 106.880329 -6.162781)"
river,Kali Item Sunter,"LINESTRING (106.880329 -6.162781, 106.880436 -6.162756, 106.880467 -6.162748)"
river,Kali Item Sunter,"LINESTRING (106.880467 -6.162748, 106.881034 -6.162611)"
river,Kali Item Sunter,"LINESTRING (106.881034 -6.162611, 106.881067 -6.162602)"
river,Kali Item Sunter,"LINESTRING (106.881067 -6.162602, 106.881599 -6.16246)"
river,Kali Item Sunter,"LINESTRING (106.881599 -6.16246, 106.88162 -6.162455, 106.881689 -6.162438)"
river,Kali Item Sunter,"LINESTRING (106.881689 -6.162438, 106.882106 -6.162338)"
river,,"LINESTRING (106.769226 -6.224645, 106.769241 -6.224465, 106.769327 -6.223713, 106.769371 -6.223365, 106.769446 -6.222905, 106.769523 -6.222828, 106.769618 -6.222452, 106.769531 -6.222044, 106.769378 -6.221913, 106.769363 -6.221817)"
river,,"LINESTRING (106.769363 -6.221817, 106.769349 -6.221734)"
river,,"LINESTRING (106.769349 -6.221734, 106.769327 -6.221602, 106.769147 -6.221345)"
river,,"LINESTRING (106.769147 -6.221345, 106.769096 -6.221273)"
river,,"LINESTRING (106.769096 -6.221273, 106.768903 -6.22109, 106.768815 -6.220977, 106.768613 -6.220669, 106.76846 -6.220484, 106.768365 -6.220409, 106.76808 -6.220133, 106.76787 -6.220048, 106.767697 -6.219659, 106.767474 -6.219426, 106.767377 -6.219148, 106.7673 -6.218856, 106.767219 -6.218194, 106.767154 -6.217472, 106.767278 -6.21683, 106.76747 -6.216783)"
river,Pesanggrahan,"LINESTRING (106.765673 -6.222204, 106.765512 -6.222207, 106.765421 -6.222095, 106.765402 -6.221948, 106.765459 -6.221898, 106.765526 -6.221748, 106.765464 -6.22161, 106.765319 -6.221407, 106.765302 -6.221123, 106.765305 -6.220943, 106.765284 -6.220768, 106.765282 -6.220532, 106.7653 -6.220416, 106.765314 -6.220325, 106.765322 -6.220165, 106.765339 -6.220023, 106.765352 -6.219756, 106.765335 -6.219423, 106.765281 -6.219143, 106.765235 -6.218997, 106.76519 -6.218869, 106.765156 -6.218752, 106.765058 -6.218522, 106.76496 -6.218271, 106.764802 -6.217902, 106.764657 -6.217605, 106.764598 -6.217429, 106.764419 -6.217106, 106.764154 -6.216799, 106.763772 -6.216727, 106.763615 -6.216597, 106.76347 -6.216325, 106.763166 -6.215991, 106.763077 -6.215541, 106.763042 -6.215292, 106.76317 -6.214922, 106.763693 -6.214348, 106.764092 -6.214013, 106.764455 -6.213809, 106.76473 -6.213589, 106.765082 -6.213338, 106.765491 -6.212906, 106.765798 -6.21247, 106.766081 -6.211872, 106.76619 -6.211528, 106.766102 -6.210965, 106.766043 -6.210592, 106.765958 -6.210336, 106.765888 -6.210101, 106.765491 -6.20936, 106.765392 -6.209248, 106.765319 -6.209197, 106.765228 -6.209176, 106.764898 -6.209168, 106.764762 -6.209138, 106.764692 -6.20909, 106.764654 -6.208977, 106.764923 -6.208384, 106.764809 -6.207951, 106.764776 -6.207888, 106.764653 -6.207654, 106.764568 -6.207374, 106.764541 -6.207109, 106.764507 -6.206877, 106.764458 -6.206737, 106.76423 -6.206311, 106.764149 -6.206057, 106.764111 -6.205723, 106.764046 -6.20544, 106.764014 -6.205316, 106.763922 -6.205163, 106.763652 -6.205034, 106.763593 -6.204893, 106.763658 -6.20471, 106.763991 -6.204507, 106.764226 -6.204334, 106.764321 -6.204096, 106.764342 -6.20339, 106.76419 -6.202747, 106.763959 -6.202619, 106.763841 -6.202534, 106.763879 -6.202099, 106.763603 -6.201248, 106.763326 -6.200998, 106.763063 -6.200453, 106.763036 -6.199382, 106.762995 -6.199188, 106.762872 -6.198902, 106.76287 -6.198651, 106.762908 -6.198393, 106.762865 -6.198285, 106.762573 -6.197398, 106.762434 -6.197099, 106.762012 -6.196678, 106.761908 -6.196438, 106.761698 -6.196166, 106.761405 -6.196187, 106.76114 -6.196376, 106.760784 -6.19669, 106.760298 -6.196374, 106.759843 -6.195441, 106.759153 -6.194737, 106.758254 -6.194102, 106.75791 -6.193771, 106.75706 -6.192529, 106.756922 -6.192076, 106.75694 -6.191734, 106.757042 -6.191294)"
river,Humble River,"LINESTRING (106.74577 -6.191809, 106.74576 -6.191873, 106.745793 -6.19232, 106.745933 -6.193142, 106.745943 -6.19343, 106.746087 -6.195371, 106.746104 -6.195642, 106.746112 -6.195771, 106.746128 -6.196013, 106.74615 -6.196348, 106.746179 -6.196812, 106.74619 -6.196964, 106.74619 -6.197291, 106.746224 -6.197966, 106.746184 -6.19875, 106.746082 -6.198923, 106.745932 -6.199083, 106.745718 -6.199083, 106.744516 -6.199051, 106.744269 -6.199104, 106.74399 -6.199328, 106.743958 -6.199531, 106.743915 -6.201579, 106.743905 -6.202584, 106.74384 -6.205216, 106.743776 -6.207626, 106.743722 -6.209557, 106.74375 -6.210001, 106.743798 -6.210194, 106.743929 -6.210638, 106.745374 -6.213471, 106.746629 -6.215263, 106.746996 -6.215511, 106.747274 -6.215774, 106.74745 -6.215988, 106.747966 -6.217596, 106.748018 -6.21872, 106.748123 -6.218779, 106.748009 -6.219128, 106.747488 -6.219935, 106.747252 -6.220297, 106.747244 -6.220724, 106.747317 -6.22091, 106.747485 -6.221219)"
river,Pesanggrahan,"LINESTRING (106.757042 -6.191294, 106.757146 -6.190812, 106.757154 -6.190221)"
river,,"LINESTRING (106.771755 -6.211348, 106.771678 -6.211193, 106.771575 -6.21097, 106.77149 -6.210704, 106.771482 -6.210308, 106.771474 -6.210137, 106.771515 -6.21003, 106.77155 -6.209772, 106.771501 -6.209564, 106.771547 -6.209404, 106.771686 -6.209241, 106.771772 -6.208994, 106.771938 -6.208563, 106.772121 -6.2082, 106.772196 -6.207968, 106.772207 -6.207381, 106.772218 -6.207232, 106.772304 -6.207104, 106.772367 -6.20684, 106.772404 -6.206628, 106.772415 -6.206564, 106.772443 -6.206517, 106.772602 -6.206355, 106.772679 -6.20628, 106.772718 -6.206246, 106.772784 -6.206204, 106.772878 -6.206134, 106.772989 -6.206059, 106.773064 -6.205998, 106.773119 -6.20592, 106.773166 -6.205849, 106.773229 -6.205838, 106.773348 -6.205858, 106.773497 -6.205866, 106.77351 -6.20568, 106.773526 -6.205581, 106.773647 -6.205525, 106.773735 -6.205367, 106.773852 -6.205223, 106.773959 -6.205104, 106.774048 -6.204955, 106.774042 -6.204757, 106.77402 -6.204629, 106.774074 -6.204491, 106.773956 -6.204331, 106.773902 -6.204224, 106.773881 -6.204075, 106.773897 -6.203819, 106.773917 -6.203727, 106.773982 -6.203652, 106.774105 -6.203549, 106.774182 -6.203477, 106.774213 -6.203253, 106.774236 -6.203141, 106.774267 -6.203083, 106.774396 -6.202827, 106.774404 -6.202761, 106.774524 -6.202663, 106.774637 -6.202516, 106.774745 -6.202501, 106.774825 -6.202368, 106.774894 -6.202253, 106.774912 -6.202239, 106.774932 -6.20224, 106.77518 -6.202063, 106.775298 -6.201925, 106.775391 -6.201797, 106.775512 -6.201675, 106.775607 -6.201573, 106.776056 -6.201063, 106.776086 -6.200984, 106.776576 -6.200456, 106.776807 -6.200283, 106.77685 -6.200224, 106.777133 -6.199782, 106.777409 -6.199356, 106.777571 -6.199178, 106.777775 -6.198816, 106.777882 -6.198379, 106.777915 -6.198112, 106.777936 -6.19776, 106.778086 -6.197494, 106.778387 -6.196864, 106.778548 -6.19648, 106.779277 -6.195254, 106.779446 -6.19483, 106.77965 -6.194299, 106.779857 -6.193878, 106.780039 -6.193515, 106.780629 -6.192203, 106.780972 -6.191478, 106.781048 -6.191286, 106.781176 -6.190945, 106.781326 -6.190635, 106.781562 -6.190369, 106.781788 -6.190113, 106.781949 -6.189835, 106.782222 -6.189547, 106.78285 -6.188518, 106.78293 -6.18831, 106.782968 -6.18799, 106.783054 -6.187761, 106.78314 -6.187547, 106.78314 -6.187398, 106.78315 -6.187041, 106.783101 -6.186547, 106.783024 -6.186239, 106.782868 -6.185795, 106.782496 -6.185003, 106.782159 -6.184495, 106.780372 -6.181206, 106.779889 -6.180342, 106.779857 -6.180001, 106.77958 -6.166686, 106.779576 -6.166491)"
river,Pesanggrahan,"LINESTRING (106.757154 -6.190221, 106.757187 -6.190187, 106.757444 -6.189753, 106.757702 -6.189425, 106.757798 -6.189185, 106.757833 -6.188942, 106.757948 -6.188686, 106.757924 -6.188353, 106.75796 -6.188085, 106.758138 -6.187719, 106.758138 -6.187631, 106.758088 -6.187544, 106.757939 -6.187426, 106.7578 -6.187385, 106.757702 -6.187403, 106.757508 -6.187542, 106.757369 -6.187563, 106.75723 -6.187518, 106.757146 -6.187414, 106.757036 -6.186987, 106.757007 -6.18675, 106.756924 -6.186614, 106.756725 -6.186422, 106.756682 -6.186209, 106.7568 -6.185921, 106.756886 -6.185739, 106.756897 -6.185579, 106.756811 -6.185398, 106.75664 -6.185249, 106.7565 -6.185046, 106.756489 -6.184886, 106.756586 -6.184022, 106.756658 -6.183736, 106.75684 -6.183593, 106.757207 -6.18354, 106.757714 -6.183295, 106.757787 -6.183095, 106.757691 -6.182902, 106.757305 -6.182625, 106.756039 -6.181889, 106.75577 -6.181612, 106.755642 -6.181324, 106.755567 -6.180961, 106.755492 -6.18078, 106.75532 -6.180705, 106.755041 -6.180801, 106.754891 -6.180833, 106.754751 -6.18079, 106.754708 -6.180577, 106.75473 -6.180428, 106.75474 -6.180268, 106.754708 -6.180076, 106.754571 -6.17999, 106.754537 -6.179969, 106.754384 -6.179983, 106.754343 -6.179854, 106.754268 -6.179734, 106.754204 -6.179489, 106.754408 -6.178945, 106.754612 -6.178625, 106.754751 -6.178305, 106.754728 -6.178044, 106.754632 -6.177377, 106.754361 -6.176903, 106.754321 -6.176488, 106.754257 -6.176204, 106.754177 -6.176001, 106.753955 -6.175818, 106.753708 -6.175792, 106.753535 -6.175718, 106.753197 -6.175524, 106.752788 -6.17527, 106.752396 -6.1751, 106.751978 -6.174918, 106.751543 -6.174673, 106.751189 -6.174481, 106.750819 -6.174294, 106.750588 -6.174172, 106.750417 -6.174081, 106.750368 -6.17398, 106.750299 -6.173825, 106.750197 -6.173761, 106.750036 -6.17375, 106.74993 -6.173745, 106.749923 -6.173745, 106.749806 -6.17375)"
river,Kanal Banjir Barat,"LINESTRING (106.814739 -6.200811, 106.813884 -6.200615, 106.81282 -6.200376, 106.812148 -6.200064, 106.811703 -6.199774, 106.811197 -6.199335, 106.810139 -6.198308, 106.809975 -6.198131, 106.80984 -6.197986, 106.80978 -6.197484, 106.809704 -6.196962, 106.809507 -6.195964, 106.809378 -6.192568, 106.809764 -6.190879, 106.810434 -6.189454, 106.810709 -6.188558, 106.810648 -6.187107, 106.810305 -6.184206, 106.809985 -6.18041)"
river,Kali Cideng,"LINESTRING (106.820034 -6.182993, 106.819871 -6.182946)"
river,Kali Cideng,"LINESTRING (106.819871 -6.182946, 106.819358 -6.182792, 106.816852 -6.182082)"
river,Kali Cideng,"LINESTRING (106.815704 -6.182192, 106.815325 -6.182046, 106.814698 -6.181859)"
river,,"LINESTRING (106.816852 -6.182082, 106.816916 -6.18197)"
river,,"LINESTRING (106.816852 -6.182082, 106.816576 -6.181945)"
river,,"LINESTRING (106.816576 -6.181945, 106.816326 -6.181796, 106.815704 -6.182192)"
river,,"LINESTRING (106.816916 -6.18197, 106.81697 -6.181875)"
river,,"LINESTRING (106.81697 -6.181875, 106.817043 -6.181748)"
river,Kali Cideng,"LINESTRING (106.814698 -6.181859, 106.814229 -6.181695)"
river,Kanal Banjir Barat,"LINESTRING (106.809985 -6.18041, 106.809804 -6.179738, 106.808825 -6.178287, 106.807336 -6.176049, 106.806538 -6.174886, 106.805923 -6.174036)"
river,Kali Cideng,"LINESTRING (106.814229 -6.181695, 106.813658 -6.181443, 106.813491 -6.181307, 106.813352 -6.180992, 106.811109 -6.171969, 106.811068 -6.171794)"
river,Krukut,"LINESTRING (106.817043 -6.181748, 106.818106 -6.179976, 106.819859 -6.177086, 106.820632 -6.175729, 106.821076 -6.174823, 106.821467 -6.173914, 106.821832 -6.17285, 106.821871 -6.172137, 106.821702 -6.17132)"
river,,"LINESTRING (106.806767 -6.1735, 106.806068 -6.173956)"
river,Duri,"LINESTRING (106.806767 -6.1735, 106.806571 -6.17319, 106.80639 -6.1733, 106.806147 -6.173197)"
river,,"LINESTRING (106.811068 -6.171794, 106.81097 -6.1718, 106.808904 -6.172176, 106.808333 -6.172472, 106.806767 -6.1735)"
river,Cideng,"LINESTRING (106.811068 -6.171794, 106.811007 -6.17115)"
river,Cideng,"LINESTRING (106.811007 -6.17115, 106.81098 -6.17086)"
river,Krukut,"LINESTRING (106.821294 -6.170608, 106.82031 -6.170732, 106.820072 -6.17071, 106.820005 -6.170577, 106.819682 -6.169304)"
river,Cideng,"LINESTRING (106.819682 -6.169304, 106.819437 -6.168972)"
river,Cideng,"LINESTRING (106.81098 -6.17086, 106.810831 -6.169262, 106.810474 -6.165507, 106.810558 -6.163763, 106.810563 -6.163687)"
river,Krukut,"LINESTRING (106.819437 -6.168972, 106.819339 -6.168833, 106.81892 -6.16815, 106.818652 -6.167894, 106.818423 -6.167754, 106.818248 -6.167589, 106.818066 -6.16718, 106.817854 -6.166958, 106.817166 -6.166334, 106.816434 -6.165948, 106.816211 -6.165809, 106.81593 -6.165521, 106.815466 -6.16495, 106.814994 -6.164257, 106.8148 -6.163862, 106.814693 -6.163372, 106.814532 -6.162924, 106.81452 -6.162241, 106.814736 -6.161601, 106.814729 -6.161357, 106.81468 -6.161278, 106.814591 -6.161228, 106.814025 -6.161281, 106.813781 -6.161198, 106.813467 -6.161062, 106.813151 -6.161076, 106.812853 -6.161022, 106.812826 -6.160872, 106.812815 -6.160527)"
river,Cideng,"LINESTRING (106.810563 -6.163687, 106.810569 -6.163564)"
river,Cideng,"LINESTRING (106.810569 -6.163564, 106.810621 -6.162891)"
canal,Kali Palis,"LINESTRING (106.81087 -6.160879, 106.811757 -6.160786, 106.811858 -6.16079, 106.811916 -6.16088, 106.811992 -6.161104, 106.812352 -6.162417, 106.812544 -6.163088, 106.812997 -6.164544, 106.813236 -6.165292)"
river,Cideng,"LINESTRING (106.810621 -6.162891, 106.810623 -6.162862)"
river,Cideng,"LINESTRING (106.810623 -6.162862, 106.810677 -6.161646, 106.810699 -6.161256, 106.810717 -6.16105, 106.810746 -6.160887)"
river,Cideng,"LINESTRING (106.810746 -6.160887, 106.810749 -6.160747)"
river,Krukut,"LINESTRING (106.812815 -6.160527, 106.812814 -6.160472)"
river,Krukut,"LINESTRING (106.812814 -6.160472, 106.812815 -6.160353, 106.812816 -6.160146, 106.812801 -6.160027, 106.812704 -6.159722, 106.812671 -6.159646, 106.812413 -6.159271, 106.812156 -6.158959)"
river,Cideng,"LINESTRING (106.810749 -6.160747, 106.810859 -6.158579)"
river,Krukut,"LINESTRING (106.812156 -6.158959, 106.812146 -6.158945)"
river,Cideng,"LINESTRING (106.810859 -6.158579, 106.81086 -6.158552)"
river,Krukut,"LINESTRING (106.812146 -6.158945, 106.811843 -6.15863, 106.811529 -6.158249, 106.811401 -6.158072)"
river,Cideng,"LINESTRING (106.81086 -6.158552, 106.81088 -6.158075, 106.810885 -6.157944)"
river,Krukut,"LINESTRING (106.811401 -6.158072, 106.811374 -6.158017)"
river,Cideng,"LINESTRING (106.810885 -6.157944, 106.81089 -6.157872)"
river,Cideng,"LINESTRING (106.81089 -6.157872, 106.810892 -6.157745)"
river,Cideng,"LINESTRING (106.810892 -6.157745, 106.810892 -6.157734)"
river,Krukut,"LINESTRING (106.811374 -6.158017, 106.811355 -6.157977, 106.811184 -6.157671, 106.81103 -6.157299, 106.810924 -6.157052)"
river,Humble River,"LINESTRING (106.748418 -6.165838, 106.748494 -6.165945, 106.748523 -6.166097, 106.74848 -6.166318, 106.748398 -6.166401, 106.748315 -6.166489, 106.748174 -6.166562, 106.747898 -6.166734, 106.747651 -6.166917, 106.747499 -6.167012, 106.747409 -6.167088, 106.747382 -6.167245, 106.747362 -6.167482, 106.74737 -6.167937, 106.747439 -6.17034, 106.74741 -6.170547, 106.747256 -6.170742, 106.746672 -6.1715, 106.746404 -6.171969, 106.746061 -6.172801, 106.745836 -6.173868, 106.745878 -6.175564, 106.745932 -6.176204, 106.746042 -6.177302, 106.746058 -6.17763, 106.746039 -6.178006, 106.746061 -6.178422, 106.746103 -6.178726, 106.746168 -6.179137, 106.746165 -6.179435, 106.746147 -6.179574, 106.746148 -6.179938, 106.746217 -6.180294, 106.746233 -6.18044, 106.746255 -6.180711, 106.746345 -6.180968, 106.74635 -6.181206, 106.746415 -6.181836, 106.746458 -6.18398, 106.746522 -6.186422, 106.746576 -6.188587, 106.746037 -6.190763, 106.74577 -6.191809)"
river,Sekretaris,"LINESTRING (106.787556 -6.167257, 106.78734 -6.167223, 106.786533 -6.1673, 106.784974 -6.167393, 106.784413 -6.167206, 106.782679 -6.166438, 106.780731 -6.16608, 106.780181 -6.166097, 106.779576 -6.166491, 106.779232 -6.166477, 106.776404 -6.166363, 106.773137 -6.164878, 106.770868 -6.163846, 106.768765 -6.163377, 106.767607 -6.16308, 106.767263 -6.162993, 106.766834 -6.162694, 106.766577 -6.161755, 106.766675 -6.160158)"
river,Angke,"LINESTRING (106.766675 -6.160158, 106.766747 -6.159884, 106.767041 -6.159563, 106.767263 -6.15911, 106.767478 -6.158427, 106.767731 -6.157715, 106.768973 -6.155722, 106.769005 -6.155666, 106.769122 -6.15547, 106.77007 -6.153809, 106.772042 -6.15046, 106.772163 -6.150142, 106.772897 -6.148943, 106.773752 -6.147233, 106.774312 -6.146142, 106.774838 -6.145547, 106.775109 -6.144913, 106.775396 -6.143992, 106.775411 -6.142829, 106.775513 -6.142117, 106.775638 -6.141697, 106.775853 -6.141163, 106.775885 -6.140833, 106.775907 -6.140298, 106.7759 -6.140056, 106.775852 -6.139769, 106.775845 -6.13932, 106.775882 -6.139005, 106.776103 -6.138551, 106.776388 -6.138114, 106.776499 -6.137689, 106.776482 -6.137333, 106.776412 -6.136899, 106.7762 -6.136232, 106.7761 -6.13566, 106.776094 -6.135272, 106.77618 -6.134947, 106.776248 -6.13486, 106.776344 -6.134783, 106.776953 -6.134628, 106.777253 -6.13445, 106.777359 -6.134387, 106.777427 -6.134232, 106.777407 -6.133971, 106.777294 -6.133622, 106.777112 -6.133453, 106.776909 -6.133066, 106.776787 -6.132748, 106.776698 -6.13253, 106.776612 -6.132262, 106.776476 -6.131655, 106.776469 -6.131492, 106.776309 -6.130961, 106.775991 -6.129684, 106.77547 -6.1278, 106.775449 -6.127742, 106.775082 -6.126724, 106.774921 -6.126116, 106.774846 -6.125636, 106.77476 -6.125135, 106.774648 -6.124762, 106.774568 -6.124444, 106.774464 -6.123685)"
canal,,"LINESTRING (106.741398 -6.141503, 106.741373 -6.141565)"
canal,,"LINESTRING (106.741567 -6.141275, 106.741398 -6.141503)"
canal,,"LINESTRING (106.74159 -6.141245, 106.741567 -6.141275)"
canal,,"LINESTRING (106.741931 -6.140689, 106.74174 -6.141042, 106.74159 -6.141245)"
canal,,"LINESTRING (106.741947 -6.14066, 106.741931 -6.140689)"
canal,,"LINESTRING (106.742009 -6.140545, 106.741947 -6.14066)"
canal,,"LINESTRING (106.742027 -6.140512, 106.742009 -6.140545)"
river,Cideng,"LINESTRING (106.810892 -6.157734, 106.810909 -6.157318, 106.810924 -6.157052)"
canal,Ciliwung Gajah Mada,"LINESTRING (106.820727 -6.166996, 106.820454 -6.165789, 106.820417 -6.165628, 106.819842 -6.163098, 106.819458 -6.161232, 106.819045 -6.159601, 106.818815 -6.158481, 106.817947 -6.154644, 106.817466 -6.152553, 106.816854 -6.14999, 106.816554 -6.148751, 106.816243 -6.147386)"
river,Krukut,"LINESTRING (106.810924 -6.157052, 106.810932 -6.156902, 106.810936 -6.156828, 106.810948 -6.156677, 106.810989 -6.156228, 106.810997 -6.156148)"
river,Krukut,"LINESTRING (106.810997 -6.156148, 106.810998 -6.156135)"
river,Krukut,"LINESTRING (106.810998 -6.156135, 106.811058 -6.15563, 106.811069 -6.155513, 106.811091 -6.155026, 106.811078 -6.154927, 106.810987 -6.154365)"
river,Krukut,"LINESTRING (106.810987 -6.154365, 106.81098 -6.154294)"
river,Krukut,"LINESTRING (106.81098 -6.154294, 106.810975 -6.154231, 106.811016 -6.154066, 106.811152 -6.153802, 106.811317 -6.153532, 106.81159 -6.152785, 106.811672 -6.152648, 106.811747 -6.152533)"
river,Krukut,"LINESTRING (106.811747 -6.152533, 106.811757 -6.152519)"
river,Krukut,"LINESTRING (106.811757 -6.152519, 106.81198 -6.152153, 106.81202 -6.151902, 106.812027 -6.151457)"
river,Krukut,"LINESTRING (106.812027 -6.151457, 106.81205 -6.151303)"
river,Duri,"LINESTRING (106.806147 -6.173197, 106.805933 -6.172963)"
river,Duri,"LINESTRING (106.805933 -6.172963, 106.805634 -6.172645, 106.80432 -6.170713)"
river,Kanal Banjir Barat,"LINESTRING (106.805422 -6.173336, 106.804911 -6.172672, 106.803761 -6.170928, 106.803555 -6.170616, 106.801246 -6.167314, 106.800526 -6.16621)"
river,Duri,"LINESTRING (106.80432 -6.170713, 106.802891 -6.168612, 106.802478 -6.167825, 106.80236 -6.167485, 106.802296 -6.167132, 106.802182 -6.166336)"
river,Sekretaris,"LINESTRING (106.787911 -6.167306, 106.787556 -6.167257)"
river,Duri,"LINESTRING (106.802182 -6.166336, 106.80217 -6.166151, 106.802157 -6.165909)"
river,Kanal Banjir Barat,"LINESTRING (106.800526 -6.16621, 106.800354 -6.165927, 106.800306 -6.16584)"
river,Duri,"LINESTRING (106.802157 -6.165909, 106.802023 -6.163528, 106.801787 -6.160014, 106.801779 -6.159674, 106.801806 -6.159585, 106.801898 -6.159566, 106.801917 -6.159562, 106.802035 -6.15948, 106.801969 -6.158962, 106.801842 -6.157105, 106.801817 -6.156542, 106.801728 -6.155765, 106.80161 -6.154264, 106.80154 -6.153585, 106.801366 -6.151824, 106.801164 -6.14847, 106.80108 -6.148372)"
river,Kali Grogol,"LINESTRING (106.787911 -6.167306, 106.788059 -6.166604, 106.788078 -6.166575, 106.78889 -6.164818, 106.790464 -6.16119, 106.792107 -6.157565, 106.793103 -6.15515, 106.793824 -6.153998, 106.793918 -6.1534, 106.792897 -6.151515, 106.789727 -6.145536, 106.788311 -6.143648, 106.788229 -6.143235, 106.788193 -6.143051, 106.788096 -6.142304, 106.78786 -6.141771, 106.78781 -6.141682, 106.786981 -6.140235, 106.786283 -6.138912, 106.785511 -6.137387, 106.785257 -6.136885, 106.785268 -6.136609, 106.785631 -6.136173)"
river,,"LINESTRING (106.788193 -6.143051, 106.788032 -6.143168, 106.787459 -6.143205, 106.787132 -6.143226, 106.78138 -6.143766, 106.77749 -6.143987, 106.777258 -6.144026, 106.777015 -6.144099, 106.776677 -6.144283, 106.776134 -6.144726, 106.775179 -6.145334, 106.774838 -6.145547)"
canal,Ciliwung Gajah Mada,"LINESTRING (106.816243 -6.147386, 106.816311 -6.147354)"
river,Krukut,"LINESTRING (106.81205 -6.151303, 106.812129 -6.149803, 106.811925 -6.148368, 106.811612 -6.147591, 106.811343 -6.14672, 106.811072 -6.146063, 106.810709 -6.145364, 106.81068 -6.144948, 106.810762 -6.144554, 106.810621 -6.143832, 106.810572 -6.143369)"
canal,Ciliwung Gajah Mada,"LINESTRING (106.816311 -6.147354, 106.816414 -6.1473)"
canal,Ciliwung Gajah Mada,"LINESTRING (106.816414 -6.1473, 106.816536 -6.147246)"
canal,Ciliwung Gajah Mada,"LINESTRING (106.816536 -6.147246, 106.816794 -6.14718, 106.817139 -6.147083, 106.817515 -6.146966, 106.817762 -6.146784, 106.817944 -6.14656, 106.818007 -6.146312, 106.818048 -6.145928, 106.817998 -6.145323, 106.818002 -6.14475, 106.817981 -6.144554, 106.817869 -6.143915, 106.817604 -6.142411, 106.817335 -6.14081)"
river,Cideng,"LINESTRING (106.810572 -6.143369, 106.81056 -6.14326)"
river,Krukut,"LINESTRING (106.81056 -6.14326, 106.810554 -6.142644, 106.810691 -6.142227, 106.811036 -6.14179)"
river,Krukut,"LINESTRING (106.81056 -6.14326, 106.808025 -6.14314, 106.807866 -6.143048, 106.807819 -6.142873, 106.807859 -6.14173)"
river,Krukut,"LINESTRING (106.807859 -6.14173, 106.807852 -6.141517)"
river,Krukut,"LINESTRING (106.811036 -6.14179, 106.812153 -6.141116, 106.812322 -6.140933)"
canal,,"LINESTRING (106.742067 -6.140534, 106.742027 -6.140512)"
river,Cengkareng Drain,"LINESTRING (106.754384 -6.179983, 106.754073 -6.180048, 106.753482 -6.18014, 106.753184 -6.18016, 106.753009 -6.18018, 106.752056 -6.180216, 106.751495 -6.18029, 106.751089 -6.180272, 106.750859 -6.180238, 106.750693 -6.180205, 106.750525 -6.18008, 106.750471 -6.179876, 106.750566 -6.179709, 106.750573 -6.179599, 106.750562 -6.179482, 106.750544 -6.179365, 106.750571 -6.179287, 106.750697 -6.179075, 106.750756 -6.178975, 106.75079 -6.178879, 106.750953 -6.178322, 106.751255 -6.177854, 106.751329 -6.177601, 106.751227 -6.177312, 106.751003 -6.177241, 106.750566 -6.177557, 106.750501 -6.177544, 106.750399 -6.177229, 106.75031 -6.177118, 106.750041 -6.177172, 106.749902 -6.177165, 106.749869 -6.177123, 106.74986 -6.176972, 106.749849 -6.176758, 106.749752 -6.176353, 106.749534 -6.17618, 106.749366 -6.175926, 106.749398 -6.17582, 106.749557 -6.175556, 106.749736 -6.175232, 106.749752 -6.175041, 106.749591 -6.17439, 106.749806 -6.17375, 106.749806 -6.173644, 106.749731 -6.17342, 106.749409 -6.172897, 106.74922 -6.172097, 106.749162 -6.171852, 106.749126 -6.171089, 106.748905 -6.166372, 106.748882 -6.165826, 106.748599 -6.164555, 106.747615 -6.160711, 106.747555 -6.160097, 106.747986 -6.155743, 106.74813 -6.15426, 106.748516 -6.152809, 106.75031 -6.150138, 106.750387 -6.149601, 106.750338 -6.148394, 106.750289 -6.14719, 106.750374 -6.142379, 106.750506 -6.141636, 106.750656 -6.141233, 106.750664 -6.141212, 106.751233 -6.139563, 106.752748 -6.135063, 106.752956 -6.134288, 106.753475 -6.132021, 106.75324 -6.12952, 106.752556 -6.121467, 106.752299 -6.119532, 106.75164 -6.11248, 106.751497 -6.110368, 106.751248 -6.108266, 106.751168 -6.107528, 106.751008 -6.10628, 106.750986 -6.104165)"
canal,,"LINESTRING (106.751104 -6.139477, 106.751233 -6.139563)"
canal,,"LINESTRING (106.750758 -6.139359, 106.750873 -6.139407, 106.751104 -6.139477)"
canal,,"LINESTRING (106.750486 -6.139245, 106.750758 -6.139359)"
canal,,"LINESTRING (106.745705 -6.137307, 106.745641 -6.137362, 106.74555 -6.13741, 106.745427 -6.137602, 106.745344 -6.137745, 106.745824 -6.137895, 106.745883 -6.137986, 106.745802 -6.13822, 106.745566 -6.138535, 106.745415 -6.138825, 106.745284 -6.139025, 106.744594 -6.140121, 106.744465 -6.140175, 106.743521 -6.140217, 106.743479 -6.140238, 106.743006 -6.140292, 106.742561 -6.14052, 106.742404 -6.140717, 106.742067 -6.140534)"
canal,,"LINESTRING (106.733438 -6.136738, 106.735495 -6.136782, 106.736024 -6.1368, 106.737915 -6.136835, 106.738339 -6.136845, 106.738884 -6.13685, 106.740184 -6.137931, 106.741235 -6.138783, 106.741395 -6.138908, 106.741434 -6.138863, 106.741772 -6.13847, 106.742248 -6.137892, 106.742569 -6.137488, 106.74287 -6.137116, 106.74298 -6.136986, 106.743109 -6.136879, 106.743285 -6.136857)"
canal,,"LINESTRING (106.741461 -6.134822, 106.741195 -6.135037, 106.740255 -6.135772)"
canal,,"LINESTRING (106.733063 -6.136307, 106.733124 -6.134532, 106.733135 -6.134331, 106.733178 -6.134148, 106.733307 -6.133977, 106.734466 -6.133026, 106.735855 -6.131993, 106.736811 -6.131282, 106.736892 -6.131228, 106.737234 -6.130969, 106.73747 -6.130905, 106.738339 -6.130937, 106.738543 -6.131012, 106.738682 -6.131161, 106.740892 -6.134094, 106.741096 -6.134244, 106.741396 -6.134446, 106.74164 -6.134711, 106.741858 -6.134948, 106.742891 -6.136283, 106.743285 -6.136857, 106.744232 -6.136886, 106.744894 -6.136997, 106.745237 -6.137103, 106.745398 -6.137188, 106.745602 -6.137257, 106.745705 -6.137307, 106.745823 -6.137315, 106.746034 -6.13726, 106.746454 -6.137549, 106.746574 -6.137639, 106.746962 -6.13788, 106.747342 -6.138106, 106.747629 -6.138299, 106.747922 -6.138451, 106.748075 -6.138508, 106.74831 -6.13854, 106.748679 -6.138603, 106.74921 -6.138698, 106.749447 -6.138752, 106.750048 -6.139031, 106.750424 -6.139219, 106.750486 -6.139245)"
canal,,"LINESTRING (106.741588 -6.134744, 106.741461 -6.134822)"
canal,Ciliwung Gajah Mada,"LINESTRING (106.821119 -6.167429, 106.821028 -6.167401, 106.820916 -6.167346, 106.820859 -6.167318, 106.820814 -6.167272, 106.820751 -6.167128, 106.820727 -6.166996)"
drain,,"LINESTRING (106.838196 -6.163603, 106.838293 -6.163973, 106.838321 -6.16408, 106.838392 -6.164349, 106.838759 -6.165751, 106.83895 -6.166478, 106.839765 -6.169588)"
river,,"LINESTRING (106.842969 -6.157308, 106.842835 -6.156782, 106.842706 -6.156227, 106.842661 -6.156019, 106.842494 -6.155496, 106.842468 -6.155336, 106.842513 -6.155217, 106.842685 -6.154963, 106.842956 -6.154582, 106.843449 -6.153907, 106.843594 -6.153641, 106.842628 -6.15295, 106.842453 -6.152844, 106.842363 -6.15279, 106.841464 -6.152165, 106.841362 -6.152053, 106.841338 -6.151955, 106.841293 -6.151467, 106.841246 -6.150884, 106.841288 -6.1508, 106.841314 -6.150747, 106.841386 -6.150601, 106.841606 -6.150305, 106.841706 -6.150179, 106.841818 -6.149982, 106.84191 -6.149755, 106.842151 -6.149139, 106.842384 -6.14847, 106.842458 -6.148301, 106.842546 -6.148167, 106.842625 -6.148089, 106.843162 -6.147579, 106.843345 -6.147333, 106.843411 -6.147243, 106.843422 -6.147086, 106.843419 -6.146958, 106.843174 -6.146652, 106.843114 -6.14659, 106.843104 -6.146497, 106.843109 -6.146486, 106.843275 -6.146134, 106.843366 -6.146, 106.843429 -6.145908, 106.843662 -6.145599, 106.843703 -6.145535, 106.844077 -6.144948)"
river,,"LINESTRING (106.844077 -6.144948, 106.843897 -6.144852)"
river,,"LINESTRING (106.843897 -6.144852, 106.843242 -6.144479, 106.845643 -6.140148, 106.845698 -6.139969)"
canal,,"LINESTRING (106.832863 -6.138438, 106.836053 -6.140369, 106.836815 -6.14083, 106.837815 -6.141436, 106.837979 -6.141535, 106.838243 -6.141683, 106.838396 -6.141769, 106.838399 -6.141775, 106.838598 -6.141886, 106.838853 -6.142034, 106.839415 -6.142329, 106.839952 -6.142639, 106.840757 -6.143089, 106.840788 -6.143106, 106.841438 -6.14347, 106.841798 -6.143671, 106.842161 -6.143874, 106.843132 -6.144417, 106.843242 -6.144479)"
canal,,"LINESTRING (106.832508 -6.138234, 106.832822 -6.138415, 106.832863 -6.138438)"
canal,,"LINESTRING (106.832392 -6.138164, 106.832508 -6.138234)"
river,Ciliwung,"LINESTRING (106.83447 -6.148988, 106.832124 -6.14838, 106.831149 -6.147877, 106.830443 -6.147356, 106.830348 -6.147203, 106.830379 -6.146976, 106.830589 -6.146534, 106.83061 -6.146382, 106.830548 -6.146207, 106.830381 -6.146071, 106.829726 -6.145705, 106.829678 -6.145577, 106.829808 -6.145166, 106.829848 -6.144672, 106.829826 -6.144592, 106.829592 -6.144475, 106.82923 -6.144572, 106.829006 -6.14467, 106.828812 -6.144822, 106.828426 -6.145301, 106.828064 -6.145773, 106.827958 -6.145865, 106.827871 -6.145888, 106.827646 -6.145805, 106.827623 -6.145788, 106.827416 -6.145637, 106.827301 -6.145428, 106.827296 -6.145346, 106.82724 -6.145144, 106.827184 -6.144976, 106.827115 -6.144841, 106.827065 -6.144639, 106.827073 -6.14444, 106.827108 -6.144259, 106.827176 -6.14409, 106.827242 -6.14395, 106.827368 -6.143522, 106.827412 -6.143343, 106.827422 -6.143082, 106.827446 -6.142696, 106.827384 -6.142297, 106.827305 -6.141906, 106.827263 -6.141662, 106.827198 -6.14155, 106.827162 -6.141477, 106.827064 -6.141382, 106.826889 -6.141314, 106.826716 -6.141308, 106.826611 -6.141365, 106.826496 -6.14144, 106.826321 -6.141602, 106.826192 -6.141748, 106.826103 -6.141905, 106.826067 -6.141994, 106.826072 -6.142086, 106.826059 -6.142205, 106.826064 -6.142348, 106.826105 -6.142549, 106.826127 -6.142663, 106.826151 -6.14276, 106.82616 -6.142959, 106.826161 -6.143129, 106.826148 -6.143276, 106.826046 -6.143384, 106.825866 -6.143509, 106.825456 -6.143506, 106.825139 -6.143522, 106.825055 -6.14348, 106.824992 -6.14341, 106.824961 -6.143242, 106.8249 -6.142773, 106.824884 -6.142619, 106.82484 -6.14211, 106.824774 -6.141956, 106.824725 -6.141817, 106.824681 -6.141755, 106.824534 -6.14162, 106.824464 -6.141593, 106.824334 -6.141598, 106.824179 -6.141638, 106.824052 -6.141726, 106.823986 -6.141814, 106.823971 -6.141958, 106.823961 -6.142179, 106.823961 -6.142183, 106.823958 -6.142237, 106.823929 -6.142533, 106.823793 -6.142663, 106.823606 -6.142722, 106.823472 -6.142743, 106.823329 -6.142751, 106.82284 -6.142687, 106.822463 -6.142625, 106.82182 -6.142436, 106.821549 -6.142411, 106.82109 -6.142395, 106.821 -6.142374, 106.820391 -6.142129, 106.820331 -6.142024, 106.820356 -6.141875, 106.820825 -6.141165, 106.821042 -6.140372, 106.82091 -6.140115, 106.820766 -6.140038, 106.819559 -6.139868, 106.819388 -6.139862, 106.819249 -6.13988, 106.818194 -6.140172, 106.818077 -6.13984, 106.817911 -6.139558, 106.8179 -6.13954, 106.817698 -6.139302, 106.817634 -6.139198, 106.817479 -6.13894, 106.817231 -6.138449, 106.81722 -6.138425, 106.816969 -6.137895, 106.816959 -6.13786, 106.816923 -6.13773, 106.816858 -6.137498, 106.81683 -6.13732, 106.816737 -6.136692, 106.816742 -6.136124, 106.816578 -6.13554, 106.814885 -6.129489, 106.814476 -6.129032, 106.813997 -6.128834, 106.813136 -6.128419, 106.812886 -6.128243, 106.812615 -6.128045, 106.812204 -6.12653, 106.811945 -6.126388, 106.811583 -6.126461, 106.810944 -6.126735, 106.809853 -6.126988)"
river,,"LINESTRING (106.845698 -6.139969, 106.845703 -6.139858, 106.845557 -6.136496, 106.845514 -6.136035, 106.84498 -6.132912, 106.844997 -6.132796, 106.845075 -6.132706, 106.845201 -6.132638, 106.846919 -6.131704, 106.848907 -6.130597)"
river,Kali Item Sunter,"LINESTRING (106.85926 -6.155313, 106.861975 -6.154918, 106.862168 -6.154926, 106.862271 -6.154967, 106.866938 -6.157534, 106.867828 -6.158031, 106.872004 -6.160388, 106.873308 -6.161169, 106.874794 -6.162104, 106.875786 -6.162673, 106.876863 -6.16346, 106.877066 -6.163524, 106.877576 -6.163476, 106.879131 -6.163069, 106.879684 -6.162934)"
river,Kali Sunter,"LINESTRING (106.853216 -6.163445, 106.853554 -6.162898, 106.854764 -6.16081, 106.857159 -6.156939, 106.85844 -6.155487, 106.858802 -6.155335, 106.858903 -6.15527, 106.858944 -6.155244, 106.859019 -6.15516, 106.859516 -6.154601)"
drain,,"LINESTRING (106.866938 -6.157534, 106.866837 -6.15768)"
river,Kali Item,"LINESTRING (106.859019 -6.15516, 106.85926 -6.155313)"
drain,,"LINESTRING (106.859529 -6.147552, 106.858971 -6.144384, 106.858402 -6.141387, 106.858168 -6.139968)"
river,,"LINESTRING (106.856019 -6.149922, 106.85601 -6.149614, 106.855976 -6.149358, 106.855564 -6.148394, 106.855375 -6.147831, 106.85517 -6.147223, 106.854878 -6.146412, 106.853084 -6.141104, 106.852484 -6.139363, 106.852415 -6.139073, 106.852325 -6.136785, 106.852267 -6.13639, 106.851621 -6.135534, 106.85143 -6.135329, 106.850221 -6.134302, 106.849982 -6.134026, 106.849904 -6.133786, 106.849921 -6.133218, 106.849894 -6.132636, 106.849718 -6.132202, 106.849535 -6.131313)"
river,,"LINESTRING (106.859516 -6.154601, 106.860058 -6.153992, 106.860125 -6.153899, 106.860305 -6.153812, 106.860379 -6.153745, 106.860874 -6.152842, 106.860934 -6.152675, 106.861202 -6.151692, 106.861248 -6.151173, 106.861231 -6.150962, 106.86115 -6.150715, 106.860925 -6.150264, 106.860811 -6.15018, 106.860648 -6.150049, 106.860407 -6.149912, 106.859737 -6.14971, 106.858463 -6.149072, 106.858252 -6.148922, 106.858212 -6.148842, 106.858178 -6.148735, 106.858064 -6.148274, 106.856615 -6.140252, 106.854908 -6.130977, 106.854711 -6.12974, 106.85467 -6.12787, 106.85452 -6.127401, 106.853692 -6.125492)"
river,Sunter River,"LINESTRING (106.856615 -6.140252, 106.85708 -6.140168, 106.858168 -6.139968, 106.859351 -6.139751, 106.862513 -6.13917, 106.864882 -6.138726, 106.865066 -6.138691, 106.865809 -6.138512, 106.866427 -6.138384, 106.86653 -6.138366, 106.868572 -6.138, 106.869084 -6.137926, 106.869336 -6.13789, 106.872015 -6.137404, 106.872171 -6.137386, 106.872375 -6.137369, 106.872501 -6.137354, 106.87285 -6.137337, 106.873368 -6.137321, 106.873808 -6.137326, 106.874117 -6.137369, 106.87446 -6.137429, 106.874795 -6.137523, 106.875403 -6.137709, 106.875628 -6.137779, 106.876467 -6.138041, 106.87919 -6.138894, 106.879688 -6.13905, 106.881284 -6.139575, 106.882515 -6.139936, 106.885721 -6.140898, 106.88698 -6.141289)"
drain,,"LINESTRING (106.869073 -6.137871, 106.869084 -6.137926)"
drain,,"LINESTRING (106.869052 -6.137735, 106.869073 -6.137871)"
river,,"LINESTRING (106.883618 -6.159766, 106.883516 -6.159943)"
river,,"LINESTRING (106.90669 -6.153209, 106.906621 -6.153318, 106.904845 -6.156193, 106.903099 -6.158972, 106.902943 -6.159217, 106.898818 -6.165963)"
drain,,"LINESTRING (106.888675 -6.162373, 106.890071 -6.160071, 106.892742 -6.15558, 106.893354 -6.154567, 106.890114 -6.152625, 106.889815 -6.152654)"
drain,,"LINESTRING (106.887175 -6.155008, 106.886704 -6.154747)"
river,,"LINESTRING (106.914 -6.154934, 106.912384 -6.154805, 106.911514 -6.154754, 106.910559 -6.154703, 106.910353 -6.154686, 106.909666 -6.154567, 106.909088 -6.154429, 106.907804 -6.153638, 106.905301 -6.152078, 106.902754 -6.150461, 106.899886 -6.148631)"
river,Sunter,"LINESTRING (106.883618 -6.159766, 106.889196 -6.150314, 106.889829 -6.148818, 106.890282 -6.147288, 106.891158 -6.143617, 106.891367 -6.142664, 106.892433 -6.138128)"
river,Sunter River,"LINESTRING (106.887164 -6.141345, 106.887245 -6.14137, 106.891367 -6.142664)"
river,Sunter River,"LINESTRING (106.88698 -6.141289, 106.887164 -6.141345)"
river,Sunter,"LINESTRING (106.892433 -6.138128, 106.892725 -6.13689, 106.894303 -6.130214, 106.894576 -6.129123, 106.894896 -6.128227, 106.894965 -6.127747, 106.894947 -6.1272, 106.895999 -6.12336, 106.896152 -6.12195, 106.896291 -6.117401, 106.896251 -6.116244, 106.896406 -6.114972, 106.896526 -6.114366, 106.896766 -6.113854, 106.897212 -6.113248, 106.897727 -6.112736, 106.89826 -6.112293, 106.899101 -6.111994, 106.903051 -6.112032, 106.906542 -6.112014, 106.906817 -6.111798, 106.906808 -6.11097, 106.906819 -6.108527, 106.906828 -6.108441)"
canal,,"LINESTRING (106.867695 -6.122159, 106.868464 -6.121644, 106.868615 -6.121553, 106.868804 -6.12148, 106.868884 -6.121433, 106.869407 -6.121335, 106.871517 -6.120925, 106.879564 -6.114775, 106.879774 -6.114639, 106.880476 -6.114073, 106.883095 -6.112059, 106.883564 -6.111672, 106.884012 -6.111235, 106.884329 -6.111078, 106.884682 -6.111088, 106.895546 -6.11146, 106.89583 -6.111418, 106.896044 -6.111342, 106.896113 -6.111264, 106.896195 -6.110928, 106.896255 -6.110306, 106.896313 -6.107701, 106.89631 -6.107278)"
drain,,"LINESTRING (106.872171 -6.137386, 106.87204 -6.134738, 106.872025 -6.133616, 106.871842 -6.132602, 106.871436 -6.13124, 106.870765 -6.129526, 106.870517 -6.128854, 106.870485 -6.12856, 106.87048 -6.128293, 106.870446 -6.128003)"
drain,,"LINESTRING (106.867239 -6.127579, 106.867298 -6.127603, 106.867236 -6.128, 106.867217 -6.128132, 106.867189 -6.12833, 106.867118 -6.128707, 106.867094 -6.129061, 106.86713 -6.129403, 106.867424 -6.130239, 106.86826 -6.13245, 106.8685 -6.133132, 106.868534 -6.133285, 106.868616 -6.133709, 106.868753 -6.13464, 106.868836 -6.13568, 106.869052 -6.137735)"
river,,"LINESTRING (106.849535 -6.131313, 106.849467 -6.131109, 106.849316 -6.130901, 106.848907 -6.130597, 106.848665 -6.1304, 106.848508 -6.130194, 106.848362 -6.129719, 106.848108 -6.129225, 106.847931 -6.128972, 106.847922 -6.128949, 106.84774 -6.128522, 106.8477 -6.128138, 106.847849 -6.12794, 106.847743 -6.127159)"
canal,,"LINESTRING (106.85452 -6.127401, 106.853902 -6.127578, 106.852952 -6.127775, 106.852207 -6.127951, 106.85094 -6.12804, 106.850102 -6.12839, 106.848824 -6.128529, 106.848531 -6.128502, 106.848304 -6.128386, 106.848067 -6.128186, 106.847849 -6.12794)"
canal,,"LINESTRING (106.865173 -6.124223, 106.86515 -6.123524, 106.865137 -6.12318, 106.865236 -6.122862, 106.86548 -6.122622, 106.865768 -6.122559, 106.867509 -6.122245, 106.867695 -6.122159)"
canal,,"LINESTRING (106.865236 -6.122862, 106.864702 -6.122735, 106.863916 -6.122518)"
canal,,"LINESTRING (106.864158 -6.124346, 106.863916 -6.122518, 106.863803 -6.121664, 106.865631 -6.120845, 106.866378 -6.120248, 106.866221 -6.119936, 106.866184 -6.119862)"
river,Ancol,"LINESTRING (106.818503 -6.131713, 106.818588 -6.131768, 106.819304 -6.132013, 106.820047 -6.132106, 106.820734 -6.132096, 106.822804 -6.131754, 106.825283 -6.131125, 106.830624 -6.130309, 106.830757 -6.130077)"
river,Ancol,"LINESTRING (106.830757 -6.130077, 106.831044 -6.130038)"
river,Ancol,"LINESTRING (106.831044 -6.130038, 106.831208 -6.130015, 106.841561 -6.128224, 106.845742 -6.127507, 106.847743 -6.127159, 106.851523 -6.126351, 106.853692 -6.125492, 106.85419 -6.125263, 106.864749 -6.12039)"
river,,"LINESTRING (106.827281 -6.122111, 106.825282 -6.12242, 106.822392 -6.121938)"
river,,"LINESTRING (106.827516 -6.122075, 106.827281 -6.122111)"
river,,"LINESTRING (106.829191 -6.121788, 106.829008 -6.121819, 106.827516 -6.122075)"
canal,,"LINESTRING (106.822392 -6.121938, 106.823512 -6.115732)"
canal,,"LINESTRING (106.89631 -6.107278, 106.897198 -6.106532)"
canal,,"LINESTRING (106.897198 -6.106532, 106.897478 -6.098993)"
river,Kali Ireng,"LINESTRING (106.80108 -6.148372, 106.800768 -6.148448, 106.799729 -6.148527, 106.798263 -6.148763, 106.796572 -6.148987, 106.795015 -6.149146, 106.794083 -6.149411, 106.793836 -6.149446, 106.793657 -6.14942, 106.793522 -6.14935, 106.793391 -6.14924, 106.791153 -6.144874, 106.790898 -6.144402, 106.790657 -6.143896, 106.790626 -6.143774, 106.790591 -6.143459, 106.790515 -6.142328, 106.790514 -6.14221, 106.790467 -6.141922, 106.790355 -6.141795, 106.790089 -6.141541, 106.789938 -6.141366, 106.789852 -6.141296, 106.789282 -6.140803, 106.788917 -6.140216, 106.788488 -6.139469, 106.787222 -6.137208, 106.786798 -6.136624, 106.786348 -6.135929, 106.786247 -6.135719)"
river,,"LINESTRING (106.798322 -6.142148, 106.798306 -6.142151, 106.797807 -6.142225, 106.796429 -6.142367, 106.79565 -6.142448, 106.793992 -6.142602, 106.792034 -6.142708, 106.790514 -6.14221)"
river,,"LINESTRING (106.790168 -6.142348, 106.790515 -6.142328)"
river,,"LINESTRING (106.798435 -6.142129, 106.798322 -6.142148)"
river,,"LINESTRING (106.79945 -6.141953, 106.798435 -6.142129)"
river,,"LINESTRING (106.799672 -6.141932, 106.79945 -6.141953)"
river,,"LINESTRING (106.800434 -6.141845, 106.799672 -6.141932)"
river,,"LINESTRING (106.800726 -6.141862, 106.800434 -6.141845)"
river,,"LINESTRING (106.807851 -6.141466, 106.806892 -6.141661, 106.806828 -6.141667, 106.80648 -6.141699, 106.806318 -6.141714, 106.805468 -6.141774, 106.804618 -6.141738, 106.800726 -6.141862)"
river,Kanal Banjir Barat,"LINESTRING (106.800306 -6.16584, 106.80001 -6.16532, 106.799568 -6.164556, 106.798981 -6.163207, 106.798388 -6.161869, 106.798011 -6.160905, 106.796028 -6.156288, 106.795745 -6.15564, 106.795212 -6.154189, 106.794706 -6.15297, 106.794337 -6.152081, 106.793427 -6.150537, 106.790672 -6.145237, 106.788475 -6.141184, 106.787118 -6.138507, 106.786876 -6.138087, 106.786201 -6.136948, 106.785631 -6.136173, 106.784796 -6.135121, 106.784213 -6.134453, 106.782072 -6.132232, 106.780279 -6.130234, 106.777158 -6.126989, 106.776446 -6.126209, 106.775719 -6.125298, 106.774964 -6.124374, 106.774464 -6.123685, 106.773941 -6.122458, 106.773749 -6.122212, 106.77365 -6.122084, 106.773523 -6.121836, 106.77316 -6.12113, 106.773133 -6.12072, 106.773284 -6.120514, 106.77334 -6.12028, 106.773489 -6.120159, 106.773924 -6.119943, 106.774375 -6.119602, 106.774597 -6.119271, 106.77477 -6.119016, 106.774829 -6.118661, 106.774817 -6.118502, 106.774639 -6.11805, 106.774105 -6.117229, 106.773913 -6.116996, 106.773579 -6.116555, 106.773092 -6.116257, 106.772435 -6.11597, 106.77201 -6.11586, 106.771381 -6.115737, 106.770682 -6.1156, 106.770194 -6.115543)"
river,Krukut,"LINESTRING (106.807852 -6.141517, 106.807851 -6.141466, 106.807825 -6.140922, 106.807782 -6.140248, 106.807765 -6.139988)"
river,Ciliwung Gajah Mada,"LINESTRING (106.817335 -6.14081, 106.817424 -6.140661, 106.817835 -6.140359, 106.818194 -6.140172)"
river,Krukut,"LINESTRING (106.807765 -6.139988, 106.807758 -6.13978)"
river,Krukut,"LINESTRING (106.807758 -6.13978, 106.807713 -6.139072, 106.807682 -6.138687)"
river,Krukut,"LINESTRING (106.807682 -6.138687, 106.807688 -6.138585)"
river,Krukut,"LINESTRING (106.807688 -6.138585, 106.807676 -6.138432, 106.807708 -6.138075, 106.807771 -6.137915, 106.807867 -6.137599, 106.807895 -6.137148, 106.80778 -6.136649, 106.80754 -6.136267, 106.807384 -6.135844, 106.807365 -6.135794, 106.806991 -6.1337, 106.806644 -6.132935, 106.80643 -6.132019, 106.805686 -6.129558, 106.805544 -6.128949, 106.805443 -6.128798, 106.80536 -6.12871, 106.80512 -6.12847)"
river,Kali Besar,"LINESTRING (106.812322 -6.140933, 106.812317 -6.140832, 106.812162 -6.140708, 106.81148 -6.140234, 106.811424 -6.140025, 106.811381 -6.139659, 106.811421 -6.139211, 106.811634 -6.138853, 106.811839 -6.138517, 106.811988 -6.138259, 106.81206 -6.137896, 106.812148 -6.137214, 106.812078 -6.13676, 106.810864 -6.132245, 106.810434 -6.130453, 106.810073 -6.129349, 106.809729 -6.12862, 106.8095 -6.128019, 106.809506 -6.12783, 106.809503 -6.127667)"
river,,"LINESTRING (106.792335 -6.127038, 106.792159 -6.127031)"
river,,"LINESTRING (106.792159 -6.127031, 106.792085 -6.127028)"
river,,"LINESTRING (106.802598 -6.127001, 106.802102 -6.126991, 106.801381 -6.126986, 106.800937 -6.126991, 106.800296 -6.126988, 106.798574 -6.127046, 106.796768 -6.12703, 106.796158 -6.127038, 106.795578 -6.12705, 106.794242 -6.127042, 106.793638 -6.127048, 106.792992 -6.127056, 106.792629 -6.127048, 106.792335 -6.127038)"
river,,"LINESTRING (106.792085 -6.127028, 106.791756 -6.12696)"
river,,"LINESTRING (106.791756 -6.12696, 106.791609 -6.126929)"
river,,"LINESTRING (106.791609 -6.126929, 106.790608 -6.126719)"
river,,"LINESTRING (106.8095 -6.128019, 106.80935 -6.127893, 106.808996 -6.127861, 106.808546 -6.127883, 106.807746 -6.127999, 106.805353 -6.128419, 106.80512 -6.12847, 106.804889 -6.128432, 106.804752 -6.128361, 106.803679 -6.127792, 106.803547 -6.127702, 106.802598 -6.127001, 106.802376 -6.126817, 106.802334 -6.126784, 106.802304 -6.126722, 106.802213 -6.126577, 106.802154 -6.126437, 106.80211 -6.126243, 106.802098 -6.125504, 106.802099 -6.125002)"
river,,"LINESTRING (106.790608 -6.126719, 106.790298 -6.126654)"
river,,"LINESTRING (106.790298 -6.126654, 106.790246 -6.126643)"
river,,"LINESTRING (106.790246 -6.126643, 106.788594 -6.126323)"
canal,,"LINESTRING (106.74164 -6.134711, 106.741588 -6.134744)"
canal,,"LINESTRING (106.747242 -6.132989, 106.745956 -6.132106, 106.745803 -6.132, 106.745738 -6.131953, 106.745556 -6.131826, 106.745489 -6.131779, 106.744881 -6.13135, 106.744489 -6.131043, 106.743823 -6.130597, 106.743688 -6.130507, 106.742902 -6.129945, 106.742841 -6.129906, 106.74242 -6.129618, 106.741976 -6.12932, 106.741797 -6.129177, 106.738698 -6.126964, 106.738654 -6.12693, 106.738472 -6.127168, 106.73817 -6.127556, 106.738119 -6.127606, 106.738056 -6.127668, 106.737712 -6.127898, 106.737527 -6.128033, 106.73735 -6.12818, 106.736715 -6.128657, 106.732498 -6.13191, 106.731773 -6.132448, 106.730729 -6.133229, 106.730507 -6.133578, 106.73048 -6.133948, 106.730475 -6.133977, 106.73043 -6.134002, 106.73008 -6.134049, 106.730055 -6.134063, 106.730053 -6.13409, 106.729925 -6.138347, 106.72989 -6.138875, 106.729882 -6.138997, 106.729867 -6.139203)"
drain,,"LINESTRING (106.752514 -6.13192, 106.752496 -6.13213)"
river,,"LINESTRING (106.777355 -6.124476, 106.776855 -6.124351)"
river,,"LINESTRING (106.776855 -6.124351, 106.775744 -6.123465)"
river,,"LINESTRING (106.775744 -6.123465, 106.775712 -6.123439, 106.774972 -6.122645, 106.774377 -6.122187, 106.773523 -6.121836)"
river,,"LINESTRING (106.762726 -6.12061, 106.762715 -6.120402, 106.762693 -6.120034, 106.762677 -6.119639, 106.762591 -6.119282, 106.762543 -6.118967, 106.76252 -6.118709, 106.762602 -6.117101, 106.763328 -6.116934, 106.764836 -6.1169, 106.764928 -6.117961, 106.765016 -6.118517, 106.765036 -6.118709, 106.765044 -6.118866, 106.765054 -6.119064, 106.765064 -6.119221, 106.765092 -6.1193, 106.765099 -6.11941, 106.765104 -6.119557, 106.765108 -6.119669, 106.765121 -6.119796, 106.765109 -6.119862, 106.764892 -6.119889, 106.764801 -6.119889, 106.764584 -6.11991, 106.764428 -6.119916, 106.764302 -6.119942, 106.764034 -6.119982, 106.763854 -6.120012, 106.763728 -6.12002, 106.763605 -6.120025, 106.763538 -6.119982, 106.763505 -6.119897, 106.763476 -6.119814, 106.763441 -6.119732, 106.763393 -6.119638)"
river,,"LINESTRING (106.764928 -6.117961, 106.764838 -6.117958, 106.764694 -6.117988, 106.764615 -6.117991, 106.764501 -6.117995, 106.764409 -6.118002, 106.764338 -6.118011, 106.76426 -6.118031, 106.764178 -6.118026, 106.764081 -6.118046, 106.764028 -6.118067, 106.763985 -6.118055, 106.76388 -6.118036, 106.763816 -6.118038, 106.763756 -6.118051, 106.763675 -6.118067, 106.763613 -6.118068, 106.763568 -6.118071, 106.763476 -6.118095, 106.763369 -6.118115, 106.763324 -6.118106, 106.763273 -6.118102)"
drain,,"LINESTRING (106.737305 -6.113121, 106.737294 -6.113287, 106.737074 -6.113644, 106.735804 -6.115518, 106.73567 -6.115982, 106.735626 -6.116364, 106.735681 -6.116718, 106.735868 -6.117076, 106.736158 -6.117524, 106.736426 -6.117778, 106.736673 -6.118001, 106.737108 -6.118276, 106.73803 -6.118814, 106.739548 -6.119404, 106.742102 -6.120519, 106.744175 -6.121327, 106.745122 -6.121591, 106.746047 -6.121772, 106.747136 -6.121873, 106.748019 -6.121887, 106.749773 -6.121959, 106.751372 -6.122031, 106.752085 -6.122043)"
river,,"LINESTRING (106.770497 -6.112303, 106.770566 -6.112321, 106.77064 -6.11234, 106.771316 -6.11251, 106.771907 -6.112531, 106.772368 -6.112264, 106.773537 -6.111379, 106.773977 -6.110856, 106.774398 -6.110151)"
river,,"LINESTRING (106.788594 -6.126323, 106.787129 -6.126047, 106.783988 -6.125492, 106.782233 -6.125169, 106.780805 -6.124958, 106.780071 -6.125019, 106.779027 -6.124787, 106.778092 -6.124599, 106.777505 -6.124518, 106.777355 -6.124476)"
river,,"LINESTRING (106.802099 -6.125002, 106.802108 -6.124859)"
river,Kali Grogol,"LINESTRING (106.785631 -6.136173, 106.786247 -6.135719, 106.786228 -6.135646, 106.784009 -6.126479, 106.783988 -6.125492, 106.783869 -6.119662, 106.784151 -6.117641, 106.784289 -6.116854, 106.78446 -6.11588, 106.785034 -6.112221, 106.785241 -6.110892, 106.785186 -6.108365)"
river,,"LINESTRING (106.802108 -6.124859, 106.802089 -6.124815, 106.802017 -6.124652, 106.801954 -6.12456, 106.801908 -6.124474, 106.801722 -6.124279, 106.801325 -6.123823, 106.801054 -6.123308, 106.80062 -6.12254, 106.800336 -6.12226, 106.799579 -6.121516, 106.799531 -6.121073, 106.799772 -6.120614, 106.799654 -6.119238, 106.799767 -6.118326, 106.799735 -6.117467, 106.799531 -6.11618, 106.799316 -6.114822, 106.7976 -6.112539, 106.797367 -6.112142, 106.797365 -6.11181, 106.797451 -6.111533, 106.797449 -6.111278, 106.797405 -6.11102, 106.797324 -6.110512)"
river,,"LINESTRING (106.784597 -6.116936, 106.784686 -6.11696)"
river,,"LINESTRING (106.784289 -6.116854, 106.784597 -6.116936)"
river,,"LINESTRING (106.784686 -6.11696, 106.784852 -6.117005, 106.784987 -6.117194, 106.785264 -6.117269, 106.785935 -6.117214, 106.786958 -6.116948, 106.787708 -6.116939, 106.788532 -6.117165, 106.789529 -6.117188, 106.791209 -6.117208, 106.792792 -6.117171, 106.794636 -6.117056, 106.795169 -6.117117, 106.799531 -6.11618)"
drain,,"LINESTRING (106.740974 -6.102187, 106.740733 -6.104144, 106.740567 -6.105414, 106.740492 -6.105803, 106.740159 -6.107009, 106.739896 -6.107681, 106.739269 -6.108865, 106.73839 -6.110366, 106.737462 -6.111998, 106.737193 -6.112444, 106.737155 -6.112567)"
drain,,"LINESTRING (106.771329 -6.106606, 106.771469 -6.106205, 106.771736 -6.105417, 106.771876 -6.105113, 106.771971 -6.104936, 106.77217 -6.104638, 106.77222 -6.104544)"
drain,,"LINESTRING (106.747866 -6.095398, 106.748079 -6.095106)"
drain,,"LINESTRING (106.748953 -6.092306, 106.748667 -6.093223)"
drain,,"LINESTRING (106.737406 -6.091047, 106.737358 -6.091167)"
drain,,"LINESTRING (106.751264 -6.090136, 106.751588 -6.090255)"
drain,,"LINESTRING (106.747943 -6.088223, 106.748223 -6.088632)"
river,Angke,"MULTILINESTRING ((106.714868 -6.191605, 106.714872 -6.191606, 106.714947 -6.191392, 106.715001 -6.191009, 106.714946 -6.190656), (106.717598 -6.18826, 106.717737 -6.188139, 106.717776 -6.188074), (106.718426 -6.187785, 106.718659 -6.187851, 106.718843 -6.187806), (106.71921 -6.187698, 106.719228 -6.187691, 106.719265 -6.187665), (106.719948 -6.187258, 106.720065 -6.187211, 106.720109 -6.187192), (106.721105 -6.186901, 106.721182 -6.186949, 106.721309 -6.187083, 106.721497 -6.187005, 106.721629 -6.186876), (106.723376 -6.185581, 106.723562 -6.185614), (106.723528 -6.184794, 106.723476 -6.184769, 106.723198 -6.184662, 106.723058 -6.184459, 106.722983 -6.184246, 106.72309 -6.18415, 106.72323 -6.183948, 106.723337 -6.183745, 106.723412 -6.183681, 106.723573 -6.183649, 106.723659 -6.183713, 106.723766 -6.183841, 106.723852 -6.18399, 106.724013 -6.183969, 106.724303 -6.18383, 106.724432 -6.183638, 106.724432 -6.183478, 106.724378 -6.183233, 106.724206 -6.182998, 106.724131 -6.182817, 106.72404 -6.182542, 106.724383 -6.181449, 106.7247 -6.180833, 106.725319 -6.179868, 106.725429 -6.179676, 106.725526 -6.1795, 106.725526 -6.179372, 106.725711 -6.179201, 106.725799 -6.178985, 106.72595 -6.178668, 106.726073 -6.178494, 106.726293 -6.178345, 106.726618 -6.17822, 106.726695 -6.177985, 106.726642 -6.17774, 106.726674 -6.177462, 106.726878 -6.177313, 106.727189 -6.17743, 106.727478 -6.177441, 106.727642 -6.177364, 106.727749 -6.17723, 106.727779 -6.177068, 106.727736 -6.176822, 106.727779 -6.17663, 106.728028 -6.17638, 106.728444 -6.176086, 106.728852 -6.175884, 106.729037 -6.175796, 106.729249 -6.175852, 106.729453 -6.175926, 106.729554 -6.175926, 106.729646 -6.175809, 106.729662 -6.175734, 106.729783 -6.17563, 106.729913 -6.175572, 106.730037 -6.175565, 106.73031 -6.17577, 106.730485 -6.175874, 106.730719 -6.176086, 106.73094 -6.176113, 106.731061 -6.175966, 106.731094 -6.175852, 106.731008 -6.175585, 106.730861 -6.175169, 106.730888 -6.175006, 106.730979 -6.174918, 106.731177 -6.174836, 106.731467 -6.174716, 106.731856 -6.174477, 106.731968 -6.174338, 106.732005 -6.174236, 106.731986 -6.174121, 106.731901 -6.174084, 106.731775 -6.17403, 106.731706 -6.173948, 106.731676 -6.173868, 106.731708 -6.173773, 106.731781 -6.173706, 106.731876 -6.173596, 106.73191 -6.173498, 106.731934 -6.173016, 106.731956 -6.172942, 106.732131 -6.172736, 106.732195 -6.172696, 106.732274 -6.172684, 106.732471 -6.172718, 106.732576 -6.172705, 106.732611 -6.172653, 106.73266 -6.172492, 106.732761 -6.172312, 106.732897 -6.172194, 106.733326 -6.171937, 106.733336 -6.171798, 106.733412 -6.171617, 106.733519 -6.171484, 106.733644 -6.171452, 106.733751 -6.171494, 106.734168 -6.171778, 106.734285 -6.171772, 106.73439 -6.171696, 106.734423 -6.171612, 106.73442 -6.171489, 106.734439 -6.171297, 106.734525 -6.171221, 106.734667 -6.171137, 106.734892 -6.171005, 106.735014 -6.170962, 106.735124 -6.170973, 106.735179 -6.171077, 106.735297 -6.171208, 106.73541 -6.171232, 106.735568 -6.171148, 106.735708 -6.171016, 106.735752 -6.170896, 106.735721 -6.170778, 106.73554 -6.170608, 106.735428 -6.170454, 106.735419 -6.170316, 106.735453 -6.170206, 106.735506 -6.170078, 106.735643 -6.169942, 106.735772 -6.169921, 106.73586 -6.169974, 106.735946 -6.170072, 106.736044 -6.17023, 106.73618 -6.170326, 106.736308 -6.170402, 106.736438 -6.170388, 106.736587 -6.170316, 106.736725 -6.17023, 106.737027 -6.170086, 106.737268 -6.169996, 106.737467 -6.1699, 106.73764 -6.169914, 106.737769 -6.169982, 106.737848 -6.170114, 106.737832 -6.17038, 106.737871 -6.170585, 106.73797 -6.170668, 106.738122 -6.170698, 106.738261 -6.170657, 106.73832 -6.170537, 106.738356 -6.170373, 106.73838 -6.170196, 106.738337 -6.170073, 106.738236 -6.169928, 106.738104 -6.169828, 106.737886 -6.169692, 106.737808 -6.169605, 106.737724 -6.169489, 106.737741 -6.169336, 106.73779 -6.169228, 106.737825 -6.169088, 106.737885 -6.168886, 106.737982 -6.168716, 106.738073 -6.168662, 106.738172 -6.168666, 106.738293 -6.168726, 106.738476 -6.168865, 106.73854 -6.168958, 106.738603 -6.169061, 106.738622 -6.169213, 106.738575 -6.169554, 106.738572 -6.169682, 106.73862 -6.169773, 106.738704 -6.169828, 106.738822 -6.169804, 106.738881 -6.169722, 106.738961 -6.169516, 106.739035 -6.169346, 106.739033 -6.169116, 106.739027 -6.168916, 106.739066 -6.168769, 106.739177 -6.168721, 106.739288 -6.16866, 106.739365 -6.168634, 106.739404 -6.168558, 106.739388 -6.16831, 106.7394 -6.168264, 106.739452 -6.168224, 106.739562 -6.16819, 106.739728 -6.168149, 106.739799 -6.168132, 106.739865 -6.168081, 106.739956 -6.168054, 106.739999 -6.16805, 106.740038 -6.168078, 106.74005 -6.168137, 106.740055 -6.168337, 106.74007 -6.168486, 106.740104 -6.168586, 106.740181 -6.168609, 106.740336 -6.168598, 106.740455 -6.168548, 106.740506 -6.168442, 106.740519 -6.168342, 106.740518 -6.168221, 106.740472 -6.168126, 106.740368 -6.167994, 106.740321 -6.167852, 106.74033 -6.167712, 106.740389 -6.167632, 106.740462 -6.167561, 106.740568 -6.167532, 106.740639 -6.167576, 106.740704 -6.167626, 106.740753 -6.167688, 106.740813 -6.167704, 106.740911 -6.167713, 106.741026 -6.167696, 106.741097 -6.167689, 106.741172 -6.167717, 106.741198 -6.167806, 106.741219 -6.16796, 106.741244 -6.168096, 106.741319 -6.168142, 106.741462 -6.168162, 106.741583 -6.168128, 106.741684 -6.168065, 106.741746 -6.167984, 106.741789 -6.167873, 106.741819 -6.16781, 106.741815 -6.167701, 106.741741 -6.167569, 106.741714 -6.167465, 106.741714 -6.167364, 106.741792 -6.167245, 106.741977 -6.167057, 106.742326 -6.166804, 106.742477 -6.166653, 106.74259 -6.166528, 106.742722 -6.166452, 106.742778 -6.166466, 106.742904 -6.16652, 106.743025 -6.166572, 106.743164 -6.166604, 106.743304 -6.166617, 106.743471 -6.166622, 106.743599 -6.166616, 106.743739 -6.166593, 106.743863 -6.16651, 106.74393 -6.166399, 106.743996 -6.166363, 106.74407 -6.166393, 106.744114 -6.16644, 106.744132 -6.166522, 106.744199 -6.166668, 106.744301 -6.166721, 106.744403 -6.166742, 106.744506 -6.166734, 106.744626 -6.166693, 106.744716 -6.166624, 106.744784 -6.166561, 106.744859 -6.166458, 106.744916 -6.166405, 106.745009 -6.166417, 106.745078 -6.166444, 106.74517 -6.1665, 106.745291 -6.166542, 106.745444 -6.166508, 106.745542 -6.166454, 106.745654 -6.166374, 106.745701 -6.166288, 106.745712 -6.166197, 106.745693 -6.166022, 106.745683 -6.165946, 106.745718 -6.165805, 106.745819 -6.165748, 106.745947 -6.165752, 106.746039 -6.165804, 106.746104 -6.165974, 106.746253 -6.166101, 106.746407 -6.16611, 106.746578 -6.166042, 106.746725 -6.16595, 106.746828 -6.165841, 106.746813 -6.165717, 106.746692 -6.165593, 106.746568 -6.165476, 106.746498 -6.165328, 106.746529 -6.165189, 106.746597 -6.165089, 106.746749 -6.165037, 106.7468 -6.165034, 106.746844 -6.165068, 106.746882 -6.165138, 106.746904 -6.165246, 106.746961 -6.165294, 106.747046 -6.165365, 106.747171 -6.16541, 106.747324 -6.165356, 106.747474 -6.165329, 106.747586 -6.165404, 106.747799 -6.165548, 106.748028 -6.165669, 106.748418 -6.165838, 106.748882 -6.165826))"
river,,"LINESTRING (106.701089 -6.176416, 106.702036 -6.17567, 106.702836 -6.175089, 106.703339 -6.174785, 106.703532 -6.17487, 106.703698 -6.17494, 106.703905 -6.174902, 106.704039 -6.17495, 106.704261 -6.17486, 106.704412 -6.174849, 106.70453 -6.174966, 106.704744 -6.174956, 106.704876 -6.174873, 106.704983 -6.174876, 106.705205 -6.17487, 106.705388 -6.174748, 106.705549 -6.174604, 106.705764 -6.174366, 106.705967 -6.174262, 106.706171 -6.174145, 106.706343 -6.174092, 106.706536 -6.173996, 106.706686 -6.174049, 106.707051 -6.174113, 106.707169 -6.174094, 106.707351 -6.174102, 106.707426 -6.174177, 106.707602 -6.17432, 106.707731 -6.174432, 106.70789 -6.174488, 106.708246 -6.174587, 106.708572 -6.174651, 106.708871 -6.174648, 106.709509 -6.174493, 106.70988 -6.174402, 106.710073 -6.17432, 106.710401 -6.174269, 106.71056 -6.174216, 106.710684 -6.174162, 106.710756 -6.174082, 106.710817 -6.174028, 106.7109 -6.174234, 106.711189 -6.174907, 106.711288 -6.175289, 106.711352 -6.175684, 106.711406 -6.176048, 106.711475 -6.176603, 106.711582 -6.177377)"
river,Semanan,"LINESTRING (106.710817 -6.174028, 106.710752 -6.1739, 106.710763 -6.173612, 106.710838 -6.173228, 106.711224 -6.172556, 106.71131 -6.172481, 106.711782 -6.171798, 106.712372 -6.171692, 106.71249 -6.171638, 106.713528 -6.168875, 106.713623 -6.168525, 106.713614 -6.168337, 106.713717 -6.167928, 106.713897 -6.167757, 106.714163 -6.167492, 106.715523 -6.166672, 106.716258 -6.16623, 106.716618 -6.165914, 106.716721 -6.165572, 106.716644 -6.165026, 106.716515 -6.163942, 106.718834 -6.163563, 106.720841 -6.163234)"
drain,,"LINESTRING (106.705643 -6.167678, 106.705663 -6.167635, 106.705696 -6.167566, 106.705856 -6.167213, 106.705933 -6.166899, 106.705953 -6.166727, 106.705942 -6.166567, 106.705928 -6.166402, 106.705946 -6.166358, 106.705977 -6.166337, 106.706161 -6.166288, 106.706201 -6.166265, 106.706196 -6.166182, 106.706122 -6.16588, 106.706122 -6.165826, 106.706189 -6.165724, 106.706231 -6.165685, 106.706278 -6.165676, 106.706554 -6.165643, 106.7071 -6.16555, 106.707569 -6.165481, 106.708095 -6.165397, 106.708662 -6.165286, 106.709563 -6.165135, 106.710612 -6.164977, 106.711618 -6.164796, 106.712108 -6.164714, 106.712704 -6.164619, 106.713084 -6.164568, 106.713416 -6.164506, 106.713549 -6.164459, 106.713734 -6.16441, 106.714131 -6.164338, 106.714257 -6.164299, 106.714364 -6.16429, 106.71456 -6.164269, 106.715697 -6.164064, 106.716398 -6.163955, 106.716515 -6.163942)"
river,Semanan,"LINESTRING (106.720841 -6.163234, 106.72073 -6.162756)"
canal,,"LINESTRING (106.73756 -6.159758, 106.737172 -6.159942, 106.736328 -6.160266, 106.735757 -6.160471, 106.735101 -6.160659, 106.734314 -6.160824, 106.733433 -6.160978, 106.732471 -6.161136, 106.731413 -6.161311)"
river,Semanan,"LINESTRING (106.72073 -6.162756, 106.720549 -6.162671, 106.720558 -6.1625, 106.720661 -6.162278, 106.720655 -6.162028, 106.720666 -6.16191, 106.720713 -6.161769, 106.720745 -6.161722, 106.721041 -6.161484, 106.721127 -6.16143, 106.721234 -6.161388, 106.721717 -6.161388, 106.721985 -6.161388, 106.722114 -6.161345, 106.722221 -6.161313, 106.722886 -6.16094, 106.723219 -6.160758, 106.723391 -6.160524, 106.72352 -6.160289, 106.723562 -6.16014, 106.723541 -6.159958, 106.723487 -6.159777, 106.723402 -6.159628, 106.723273 -6.159553, 106.723101 -6.1595, 106.722908 -6.159478, 106.722736 -6.159446, 106.722608 -6.159404, 106.722425 -6.159297, 106.722339 -6.159158, 106.722307 -6.159009, 106.722318 -6.158817, 106.722361 -6.158603, 106.72235 -6.158443, 106.722307 -6.158284, 106.722232 -6.158155, 106.72206 -6.158124, 106.721706 -6.158124, 106.72147 -6.158124, 106.721374 -6.158113, 106.720988 -6.157932, 106.720848 -6.157857, 106.720805 -6.15775, 106.720762 -6.157601, 106.720765 -6.157342, 106.720762 -6.157057, 106.720709 -6.156587, 106.720644 -6.155937, 106.720687 -6.155681, 106.720762 -6.155361, 106.720709 -6.154881, 106.720698 -6.15471, 106.720923 -6.154443, 106.720918 -6.154241, 106.720762 -6.153787, 106.720741 -6.153574, 106.720843 -6.153478, 106.720945 -6.153382, 106.720967 -6.153197)"
canal,,"LINESTRING (106.737757 -6.16012, 106.73756 -6.159758, 106.73754 -6.15971, 106.737354 -6.159429, 106.736909 -6.159067, 106.736734 -6.158925, 106.736616 -6.157442, 106.737164 -6.157103, 106.737796 -6.156571, 106.738014 -6.156276, 106.738049 -6.156108, 106.737998 -6.155916, 106.737931 -6.15578, 106.737909 -6.155008)"
drain,,"LINESTRING (106.689208 -6.166837, 106.689225 -6.166816, 106.689267 -6.16668, 106.689219 -6.166328, 106.689213 -6.166225, 106.689213 -6.166072, 106.689272 -6.165686, 106.689329 -6.165087, 106.689305 -6.164283, 106.689317 -6.164065)"
drain,,"LINESTRING (106.685617 -6.117672, 106.685722 -6.117425, 106.685902 -6.117022, 106.686054 -6.116769, 106.686221 -6.116553, 106.687194 -6.115515, 106.687428 -6.115297, 106.687551 -6.115137)"
river,,"LINESTRING (106.690074 -6.159979, 106.690802 -6.159948, 106.691489 -6.159884, 106.692037 -6.159816, 106.692588 -6.159793, 106.693017 -6.159825, 106.69349 -6.15983, 106.694085 -6.159868, 106.694803 -6.159849, 106.694951 -6.159841, 106.695732 -6.159841, 106.697545 -6.159515, 106.699648 -6.158998, 106.701032 -6.158486, 106.701686 -6.158262, 106.702614 -6.158113, 106.703322 -6.157873, 106.704122 -6.157323, 106.706557 -6.156363, 106.707029 -6.156278, 106.708027 -6.156299, 106.709132 -6.156246, 106.710806 -6.156001, 106.713467 -6.156075, 106.714067 -6.156001, 106.714518 -6.155894, 106.715012 -6.155702, 106.715811 -6.155119, 106.716554 -6.154581, 106.717408 -6.154075, 106.717832 -6.153877, 106.718684 -6.153542, 106.719421 -6.153355, 106.720967 -6.153197, 106.721012 -6.153198, 106.721846 -6.153206, 106.722704 -6.153355, 106.72387 -6.153747, 106.725129 -6.154113, 106.726556 -6.154411, 106.727521 -6.154593, 106.728187 -6.154753, 106.728704 -6.154795, 106.729506 -6.154967, 106.730297 -6.155185, 106.730812 -6.155326, 106.730948 -6.155363, 106.731341 -6.155393, 106.733082 -6.155214, 106.733669 -6.155083, 106.734211 -6.155029, 106.734849 -6.154998, 106.735709 -6.155001, 106.737909 -6.155008, 106.738304 -6.155009, 106.740096 -6.155009, 106.742628 -6.155169, 106.743271 -6.155218, 106.743937 -6.155297, 106.745675 -6.155531, 106.747773 -6.155715, 106.747986 -6.155743, 106.748154 -6.155749, 106.748437 -6.155776, 106.748601 -6.155791, 106.749591 -6.155883, 106.749771 -6.155916, 106.749899 -6.155921, 106.750965 -6.156019, 106.751286 -6.156063, 106.752646 -6.156256, 106.75295 -6.156298, 106.753902 -6.156418, 106.754268 -6.156438, 106.755803 -6.156906, 106.755938 -6.156946, 106.756238 -6.157033, 106.757387 -6.157373, 106.757543 -6.157423, 106.760906 -6.158547, 106.761038 -6.158592, 106.761395 -6.158712, 106.761824 -6.158801, 106.762353 -6.158852, 106.762841 -6.158849, 106.763377 -6.158828, 106.763794 -6.1589, 106.763987 -6.158957, 106.764675 -6.159318, 106.76548 -6.159702, 106.766274 -6.159873, 106.766648 -6.159881, 106.766747 -6.159884)"
canal,,"MULTILINESTRING ((106.729867 -6.139203, 106.729854 -6.139293, 106.729798 -6.139719, 106.729688 -6.140206, 106.729512 -6.1411, 106.729278 -6.141907, 106.729072 -6.14309, 106.72828 -6.14368, 106.728066 -6.143734, 106.727841 -6.143627, 106.726017 -6.142923, 106.723109 -6.141835, 106.718474 -6.140139, 106.717798 -6.139957, 106.717477 -6.139947, 106.717176 -6.140011, 106.716865 -6.140131, 106.715932 -6.140672, 106.715726 -6.140759, 106.715282 -6.140834, 106.714902 -6.140822, 106.711405 -6.139994, 106.710264 -6.139701, 106.709776 -6.139461, 106.709366 -6.139138, 106.708942 -6.138824, 106.708712 -6.138642, 106.708497 -6.138472, 106.708047 -6.138136, 106.707135 -6.137466, 106.705396 -6.136162, 106.705079 -6.13592, 106.704868 -6.135832, 106.704664 -6.135805, 106.704406 -6.135832, 106.702188 -6.136213, 106.700638 -6.136448, 106.700238 -6.136448, 106.699793 -6.136392, 106.699423 -6.136277, 106.699055 -6.136211, 106.698809 -6.136121, 106.698549 -6.135974, 106.698016 -6.135658, 106.697657 -6.13546, 106.697253 -6.13521, 106.696495 -6.134924, 106.695941 -6.134825, 106.695476 -6.134808, 106.695142 -6.134782, 106.694664 -6.134832, 106.694015 -6.135029, 106.693449 -6.135301, 106.692918 -6.135722, 106.692425 -6.136277, 106.691792 -6.137152, 106.691749 -6.137208, 106.691002 -6.138187, 106.69053 -6.138761, 106.690214 -6.139219, 106.68904 -6.140882, 106.688686 -6.141313, 106.688074 -6.14207, 106.687629 -6.142664, 106.687493 -6.142914, 106.687374 -6.143357, 106.687344 -6.143484, 106.687328 -6.143642, 106.687316 -6.143826, 106.687318 -6.144009, 106.68737 -6.145227, 106.687458 -6.146484, 106.687499 -6.147763, 106.687506 -6.148462), (106.687732 -6.153462, 106.687714 -6.153542, 106.68768 -6.153595))"
canal,,"LINESTRING (106.733208 -6.142118, 106.732944 -6.14211, 106.732951 -6.141933)"
canal,,"LINESTRING (106.741373 -6.141565, 106.741267 -6.141724, 106.741138 -6.141874, 106.740944 -6.142069, 106.740639 -6.142403, 106.740524 -6.142294, 106.740472 -6.142194, 106.740216 -6.142223, 106.73894 -6.142191, 106.734112 -6.142127, 106.733857 -6.142122, 106.733208 -6.142118)"
canal,,"LINESTRING (106.732951 -6.141933, 106.732972 -6.141319, 106.732974 -6.140986, 106.733042 -6.137064)"
canal,,"LINESTRING (106.733048 -6.136731, 106.733438 -6.136738)"
canal,,"LINESTRING (106.733042 -6.137064, 106.733048 -6.136731, 106.733063 -6.136307)"
drain,,"LINESTRING (106.737155 -6.112567, 106.737305 -6.113121)"
canal,,"LINESTRING (106.704312 -6.109261, 106.704285 -6.109222, 106.704249 -6.109138, 106.704194 -6.10904, 106.704006 -6.108705, 106.703895 -6.108511, 106.703873 -6.108471, 106.703856 -6.10846, 106.703836 -6.108433)"
canal,,"LINESTRING (106.725966 -6.107274, 106.735983 -6.100068, 106.73626 -6.099807)"
drain,,"LINESTRING (106.734062 -6.091082, 106.733964 -6.090988)"
drain,,"LINESTRING (106.733649 -6.090688, 106.733551 -6.090594)"
drain,,"LINESTRING (106.73707 -6.08781, 106.737171 -6.087902)"
drain,,"LINESTRING (106.733589 -6.087601, 106.733686 -6.087501)"
drain,,"LINESTRING (106.736668 -6.087416, 106.736765 -6.087514)"
drain,,"LINESTRING (106.734882 -6.085602, 106.734993 -6.085743)"
drain,,"LINESTRING (106.734332 -6.08502, 106.734708 -6.085417)"
drain,,"LINESTRING (106.733969 -6.083552, 106.733135 -6.082556)"
