{
"type": "FeatureCollection",
"name": "jakarta_drainage_network",
"crs": { "type": "name", "properties": { "name": "urn:ogc:def:crs:OGC:1.3:CRS84" } },
"features": [
{ "type": "Feature", "properties": { "waterway": "river", "name": "Kali Cipinang" }, "geometry": { "type": "MultiLineString", "coordinates": [ [ [ 106.874551621229045, -6.361472417098734 ], [ 106.8745581, -6.3614558 ], [ 106.8744186, -6.3613905 ], [ 106.8742094, -6.3613491 ], [ 106.87406106903515, -6.361314312281859 ] ], [ [ 106.874045127906356, -6.3613051499884 ], [ 106.873962, -6.3612438 ], [ 106.8738735, -6.3610253 ], [ 106.8737669, -6.3608853 ], [ 106.8735617, -6.3609733 ], [ 106.8733927, -6.3610506 ], [ 106.873283681705615, -6.36109353266164 ] ], [ [ 106.87320692232727, -6.361089998981819 ], [ 106.8731245, -6.3610586 ], [ 106.8729877, -6.3610692 ], [ 106.8725739, -6.3609293 ], [ 106.872071, -6.3605254 ], [ 106.8715869, -6.3600776 ], [ 106.8715306, -6.359895 ], [ 106.871526991880842, -6.359809589895786 ] ], [ [ 106.871846121697558, -6.359323793674061 ], [ 106.8719393, -6.3592326 ], [ 106.8720787, -6.3590886 ], [ 106.8723014, -6.3588554 ], [ 106.872309223259535, -6.358844302299251 ] ], [ [ 106.872313183342158, -6.358838684715995 ], [ 106.8723456, -6.3587927 ], [ 106.8723604, -6.3586048 ], [ 106.8721927, -6.3585661 ], [ 106.8721243, -6.3585275 ], [ 106.872072949306002, -6.358404033850499 ] ], [ [ 106.872013414476626, -6.358181820712724 ], [ 106.8719889, -6.3580903 ], [ 106.872011369835775, -6.357896307752409 ] ], [ [ 106.872023800687842, -6.357846869020098 ], [ 106.8723329, -6.3578091 ], [ 106.8724576, -6.3577784 ], [ 106.872492295177381, -6.357750171147456 ] ], [ [ 106.872875669533883, -6.357621060217205 ], [ 106.8729793, -6.3576065 ], [ 106.8730289, -6.3575718 ], [ 106.8730665, -6.3575012 ], [ 106.8730718, -6.3573572 ], [ 106.873072590022261, -6.357298569061678 ] ], [ [ 106.873094300589088, -6.357225585793434 ], [ 106.8731402, -6.3571653 ], [ 106.8732958, -6.3570533 ], [ 106.8733753, -6.3569534 ], [ 106.8734249, -6.3568441 ], [ 106.873443626111666, -6.356794995973845 ] ], [ [ 106.873581317306034, -6.356695801956918 ], [ 106.8736897, -6.3566388 ], [ 106.8737501, -6.3566215 ], [ 106.8738091, -6.3565815 ], [ 106.8739164, -6.3564935 ], [ 106.873924868187487, -6.356450303235149 ] ] ] } },
{ "type": "Feature", "properties": { "waterway": "river", "name": "Kali Cipinang" }, "geometry": { "type": "MultiLineString", "coordinates": [ [ [ 106.879959611445216, -6.364509728883547 ], [ 106.879854, -6.3646088 ], [ 106.879795, -6.3646328 ], [ 106.879716694339621, -6.3646328 ] ], [ [ 106.879703921465293, -6.364631898585433 ], [ 106.879649237412821, -6.364622379869373 ] ], [ [ 106.879427018602883, -6.364533306959328 ], [ 106.8793122, -6.3644622 ], [ 106.879225, -6.3643275 ], [ 106.879233, -6.3642689 ], [ 106.879181987286159, -6.364207066407456 ] ], [ [ 106.878811314858382, -6.363900616017769 ], [ 106.878773, -6.3638904 ], [ 106.8785638, -6.363961 ], [ 106.8784968, -6.363977 ], [ 106.878419, -6.363977 ], [ 106.8783332, -6.3639557 ], [ 106.87830620741228, -6.363928345365641 ] ], [ [ 106.878016306202255, -6.36318107467893 ], [ 106.8779892, -6.3630274 ], [ 106.877984144903451, -6.362953773454822 ] ], [ [ 106.878092736191363, -6.362676221357292 ], [ 106.8781555, -6.3626168 ], [ 106.8782413, -6.3625649 ], [ 106.8784773, -6.3626102 ], [ 106.8786235, -6.3625595 ], [ 106.8787107, -6.3624955 ], [ 106.8787838, -6.3623509 ], [ 106.8788696, -6.3622883 ], [ 106.8788696, -6.3621803 ], [ 106.8788629, -6.362083 ], [ 106.8788106, -6.3620364 ], [ 106.8786818, -6.3620417 ], [ 106.8786376, -6.3619917 ], [ 106.8786409, -6.3619224 ], [ 106.878706, -6.3618884 ], [ 106.8787442, -6.3618525 ], [ 106.8788213, -6.3618538 ], [ 106.878852820942839, -6.36184645676926 ] ], [ [ 106.878879828093702, -6.361840165087523 ], [ 106.8788844, -6.3618391 ], [ 106.879004, -6.3618028 ], [ 106.8790651, -6.3617235 ], [ 106.8790624, -6.3616542 ], [ 106.87905116233766, -6.361631556949029 ] ], [ [ 106.879022073847835, -6.361557967876003 ], [ 106.8790037, -6.3615006 ], [ 106.8789648, -6.3614766 ], [ 106.878962704000884, -6.361475599812995 ] ], [ [ 106.87885784223927, -6.36135130439217 ], [ 106.878860290031511, -6.361333282185546 ] ], [ [ 106.878913288219323, -6.361266985317733 ], [ 106.879002, -6.361241 ], [ 106.879001034942149, -6.361236664980749 ] ], [ [ 106.878724304339812, -6.361071140388744 ], [ 106.8787204, -6.3610717 ], [ 106.878710815285572, -6.361075182257198 ] ], [ [ 106.878621904173059, -6.361101823637274 ], [ 106.878586792837382, -6.361100377715914 ] ], [ [ 106.878287723528217, -6.361072967396517 ], [ 106.8782698, -6.3610757 ], [ 106.878263727413241, -6.361083035847274 ] ], [ [ 106.878194856955488, -6.361166233202945 ], [ 106.8781203, -6.3612563 ], [ 106.8780478, -6.361331 ], [ 106.8779701, -6.3613643 ], [ 106.8776817, -6.3613136 ], [ 106.877532459710466, -6.361301311441721 ] ], [ [ 106.877423075692462, -6.361308795170285 ], [ 106.8773947, -6.3613136 ], [ 106.8773552, -6.3614223 ], [ 106.877298507999285, -6.361503780855933 ] ] ] } },
{ "type": "Feature", "properties": { "waterway": "river", "name": "Kali Cipinang" }, "geometry": { "type": "LineString", "coordinates": [ [ 106.872181, -6.3433381 ], [ 106.8721864, -6.3431568 ], [ 106.8722588, -6.3427916 ], [ 106.8724197, -6.342349 ], [ 106.8724948, -6.3421944 ], [ 106.8725324, -6.3419945 ], [ 106.8724841, -6.3419465 ], [ 106.8722212, -6.3418265 ], [ 106.8721354, -6.3417732 ], [ 106.8721113, -6.3417066 ], [ 106.8721113, -6.3411574 ], [ 106.8721086, -6.3410988 ], [ 106.8720576, -6.3410375 ], [ 106.8719235, -6.3410108 ], [ 106.8716982, -6.3409762 ], [ 106.8714595, -6.3409495 ], [ 106.8714139, -6.3408802 ], [ 106.8714622, -6.3407389 ], [ 106.8715534, -6.3405843 ], [ 106.8716472, -6.3404617 ], [ 106.8717411, -6.340403 ], [ 106.8719128, -6.340443 ], [ 106.8721059, -6.340491 ], [ 106.8722749, -6.3404883 ], [ 106.8723674, -6.3404457 ], [ 106.8724546, -6.340351 ], [ 106.8724801, -6.3402964 ], [ 106.8724707, -6.3402164 ], [ 106.8723956, -6.3401118 ], [ 106.8723339, -6.3400365 ], [ 106.8722051, -6.3399778 ], [ 106.872118, -6.3399098 ], [ 106.8720965, -6.3398312 ], [ 106.872122, -6.3396886 ], [ 106.8722413, -6.3396393 ], [ 106.8725954, -6.3396726 ], [ 106.8727742, -6.3396502 ], [ 106.8729563, -6.3395353 ], [ 106.8729563, -6.3393694 ], [ 106.8729892, -6.3392051 ], [ 106.8729913, -6.3390423 ], [ 106.8730302, -6.3389144 ], [ 106.8731232, -6.338854 ], [ 106.8731671, -6.3388193 ], [ 106.8732231, -6.338778 ], [ 106.8734411, -6.3386192 ], [ 106.8734868, -6.3384479 ], [ 106.8734994, -6.3382891 ], [ 106.8734634, -6.3381866 ], [ 106.8734593, -6.3381093 ], [ 106.8734918, -6.3380397 ], [ 106.8736055, -6.337928 ], [ 106.8737877, -6.3378017 ], [ 106.8739583, -6.3377272 ], [ 106.8740547, -6.3376617 ], [ 106.8742347, -6.3374046 ], [ 106.8745466, -6.3372459 ], [ 106.8745745, -6.3371602 ], [ 106.8745491, -6.337067 ], [ 106.8744375, -6.3370418 ], [ 106.8743564, -6.3370468 ], [ 106.8742981, -6.3370644 ], [ 106.874217, -6.3370644 ], [ 106.8741815, -6.3370292 ], [ 106.8741434, -6.3369485 ], [ 106.8741181, -6.3368376 ], [ 106.874113, -6.3367217 ], [ 106.874146, -6.3366436 ], [ 106.8743868, -6.3363387 ], [ 106.8744071, -6.3362581 ], [ 106.8743767, -6.3360665 ], [ 106.8743665, -6.335996 ], [ 106.8744147, -6.3358297 ], [ 106.8744401, -6.3358019 ], [ 106.8745871, -6.335812 ], [ 106.8746885, -6.3358448 ], [ 106.8748026, -6.335875 ], [ 106.8749091, -6.3358297 ], [ 106.8749396, -6.3357616 ], [ 106.8748483, -6.3355651 ], [ 106.8748483, -6.3355147 ], [ 106.874866, -6.3353332 ], [ 106.874866, -6.3352576 ], [ 106.8748432, -6.3351896 ], [ 106.8748128, -6.3351468 ], [ 106.8748508, -6.3350611 ], [ 106.8748787, -6.3350359 ], [ 106.8749243, -6.3350208 ], [ 106.87497, -6.3350258 ], [ 106.8751753, -6.3351316 ], [ 106.8752844, -6.3351316 ], [ 106.8753478, -6.3351064 ], [ 106.8756267, -6.3345899 ], [ 106.8757813, -6.3343832 ], [ 106.8758371, -6.3343353 ], [ 106.8759668, -6.334197 ], [ 106.876062, -6.33414 ], [ 106.8762346, -6.3341754 ], [ 106.8765141, -6.3341967 ], [ 106.8765927, -6.3341942 ], [ 106.8766839, -6.3340254 ], [ 106.8767296, -6.3338767 ], [ 106.8767651, -6.3337583 ], [ 106.8768285, -6.33366 ], [ 106.8768842, -6.3336096 ], [ 106.8769552, -6.3335415 ], [ 106.8770617, -6.3334886 ], [ 106.8771834, -6.3334055 ], [ 106.8772823, -6.3333374 ], [ 106.8773786, -6.3332492 ], [ 106.8774395, -6.3331484 ], [ 106.8774877, -6.3330199 ], [ 106.8775308, -6.3329544 ], [ 106.8776144, -6.3328536 ], [ 106.8776601, -6.3327528 ], [ 106.8776854, -6.3326898 ], [ 106.8776499, -6.3326192 ], [ 106.8776296, -6.3324655 ], [ 106.8776246, -6.332337 ], [ 106.8776322, -6.3322186 ], [ 106.8776525, -6.332148 ], [ 106.8777311, -6.3321228 ], [ 106.8778807, -6.3320523 ], [ 106.878086, -6.3319464 ], [ 106.8781418, -6.3318985 ], [ 106.8782179, -6.3318355 ], [ 106.8782635, -6.331765 ], [ 106.8782711, -6.3316944 ], [ 106.8782724, -6.3315726 ], [ 106.8782632, -6.331433 ], [ 106.878261, -6.331324 ], [ 106.8782939, -6.3312106 ], [ 106.8783801, -6.3311501 ], [ 106.8784892, -6.3310795 ], [ 106.8785804, -6.3310266 ], [ 106.8786844, -6.3309964 ], [ 106.8788695, -6.3309838 ], [ 106.8789861, -6.3309258 ], [ 106.8790901, -6.3308679 ], [ 106.8792523, -6.3308578 ], [ 106.8793182, -6.3308805 ], [ 106.8793791, -6.3309964 ], [ 106.879407, -6.3311425 ], [ 106.8794298, -6.3312257 ], [ 106.879445, -6.3312988 ], [ 106.8795515, -6.3313139 ], [ 106.8796453, -6.3313063 ], [ 106.8797543, -6.3312711 ], [ 106.8799496, -6.3312307 ], [ 106.8800738, -6.3312081 ], [ 106.8801702, -6.3311677 ], [ 106.8802386, -6.3311199 ], [ 106.880264, -6.3310846 ], [ 106.8803273, -6.3310342 ], [ 106.8803603, -6.3310241 ], [ 106.8804719, -6.3309913 ], [ 106.8805961, -6.3309964 ], [ 106.8806722, -6.3309964 ], [ 106.8807508, -6.3309687 ], [ 106.8808294, -6.3309157 ], [ 106.8808902, -6.3308376 ], [ 106.880837, -6.3306915 ], [ 106.8807584, -6.3305655 ], [ 106.8806012, -6.3304168 ], [ 106.8805403, -6.3303488 ], [ 106.8805023, -6.3302732 ], [ 106.8805074, -6.33019 ], [ 106.8805353, -6.3301169 ], [ 106.8806595, -6.3299254 ], [ 106.8807178, -6.3298574 ], [ 106.8807837, -6.329807 ], [ 106.8808294, -6.3297591 ], [ 106.8808547, -6.3296986 ], [ 106.8808598, -6.3296154 ], [ 106.8808978, -6.3295096 ], [ 106.8809257, -6.3293685 ], [ 106.8809359, -6.3292752 ], [ 106.8809029, -6.3292122 ], [ 106.8808496, -6.3291921 ], [ 106.8807642, -6.3291759 ], [ 106.8806578, -6.3290701 ], [ 106.880673, -6.3287677 ], [ 106.8803991, -6.3283141 ], [ 106.880267, -6.3279812 ], [ 106.8802086, -6.3278391 ], [ 106.8801507, -6.3275682 ], [ 106.8801963, -6.3274674 ], [ 106.8802318, -6.3273615 ], [ 106.8802166, -6.3267416 ], [ 106.880176, -6.3263939 ], [ 106.8802217, -6.3261872 ], [ 106.8802369, -6.3260713 ], [ 106.8802369, -6.3258495 ], [ 106.8801253, -6.3257034 ], [ 106.8800898, -6.3255875 ], [ 106.8801709, -6.3254791 ], [ 106.8803028, -6.325406 ], [ 106.8804498, -6.3253833 ], [ 106.8807161, -6.3255043 ], [ 106.8807997, -6.3256479 ], [ 106.880924, -6.3256832 ], [ 106.8811116, -6.3257109 ], [ 106.8812688, -6.3256429 ], [ 106.8814716, -6.3255497 ], [ 106.8817049, -6.3254715 ], [ 106.881715, -6.3253783 ], [ 106.8816567, -6.3252422 ], [ 106.8816821, -6.3251263 ], [ 106.8817252, -6.3249877 ], [ 106.8816719, -6.3247407 ], [ 106.8816821, -6.3245341 ], [ 106.8815198, -6.3244383 ], [ 106.8814437, -6.3243476 ] ] } },
{ "type": "Feature", "properties": { "waterway": "river", "name": "Ciliwung" }, "geometry": { "type": "GeometryCollection", "geometries": [ { "type": "LineString", "coordinates": [ [ 106.835505886619586, -6.352157746813273 ], [ 106.8354582, -6.3520495 ], [ 106.8354717, -6.3519748 ], [ 106.8355387, -6.3518789 ], [ 106.8356326, -6.3518042 ], [ 106.8357238, -6.3517616 ], [ 106.8358203, -6.3517562 ], [ 106.8361181, -6.3517909 ], [ 106.8373063, -6.3519562 ], [ 106.8383443, -6.3520255 ], [ 106.8388812, -6.3519971 ], [ 106.8390949, -6.351935 ], [ 106.8393942, -6.3513829 ] ] }, { "type": "LineString", "coordinates": [ [ 106.8393942, -6.3513829 ], [ 106.839271, -6.3508507 ] ] }, { "type": "LineString", "coordinates": [ [ 106.838505622517715, -6.349725276426695 ], [ 106.8384496, -6.3496429 ], [ 106.838051, -6.3487998 ], [ 106.83818, -6.3481637 ] ] }, { "type": "LineString", "coordinates": [ [ 106.83818, -6.3481637 ], [ 106.838047, -6.3478519 ], [ 106.837843, -6.3473487 ] ] }, { "type": "LineString", "coordinates": [ [ 106.837932664309193, -6.346834755661246 ], [ 106.8380685, -6.346679 ], [ 106.83842, -6.3466357 ] ] }, { "type": "LineString", "coordinates": [ [ 106.839030601025016, -6.346364055234468 ], [ 106.8392433, -6.3461858 ], [ 106.839723338597665, -6.345074889847241 ] ] }, { "type": "LineString", "coordinates": [ [ 106.837141274851803, -6.341799482964188 ], [ 106.8374033, -6.341582 ], [ 106.837656223084778, -6.341529598265735 ] ] }, { "type": "LineString", "coordinates": [ [ 106.839760474685804, -6.335145644486122 ], [ 106.8397508, -6.335118 ], [ 106.8397117, -6.3349674 ], [ 106.8397212, -6.3347568 ], [ 106.8397561, -6.3345222 ], [ 106.8397923, -6.3341957 ], [ 106.8398204, -6.3337838 ], [ 106.8398499, -6.3331786 ], [ 106.8399357, -6.3326241 ], [ 106.8400859, -6.3322402 ], [ 106.8403438, -6.3320833 ], [ 106.8406745, -6.3321793 ], [ 106.8410341, -6.3321883 ], [ 106.8415451, -6.3322189 ], [ 106.8418884, -6.3321549 ], [ 106.842103, -6.3321549 ], [ 106.8425854, -6.3321002 ], [ 106.8434552, -6.3317711 ], [ 106.8434767, -6.3315152 ], [ 106.8433264, -6.3313232 ], [ 106.8427256, -6.3310673 ], [ 106.8422321, -6.331046 ], [ 106.8419102, -6.3310033 ], [ 106.8414382, -6.3304488 ], [ 106.8412236, -6.3303208 ], [ 106.8405155, -6.3297664 ], [ 106.8403224, -6.3293398 ], [ 106.840317, -6.3290599 ], [ 106.8404485, -6.3287214 ], [ 106.84077, -6.3280092 ], [ 106.8410784, -6.3272601 ], [ 106.8411776, -6.3270122 ], [ 106.8412705, -6.3267753 ], [ 106.8413627, -6.326623 ], [ 106.8414858, -6.3265013 ], [ 106.8416041, -6.326655 ], [ 106.8416407, -6.3268046 ], [ 106.8417561, -6.3272045 ], [ 106.8418587, -6.3273918 ], [ 106.8419974, -6.327551 ], [ 106.8421798, -6.3275936 ], [ 106.8424802, -6.3275297 ], [ 106.8427652, -6.3273464 ], [ 106.8429845, -6.3270471 ], [ 106.8431481, -6.3267379 ], [ 106.8432206, -6.3263754 ], [ 106.8431588, -6.3260555 ], [ 106.8429228, -6.3254796 ], [ 106.8416139, -6.3236455 ], [ 106.8413993, -6.3234113 ], [ 106.8411337, -6.3232354 ], [ 106.840533, -6.3229923 ], [ 106.8401763, -6.3228323 ], [ 106.8400448, -6.3226116 ], [ 106.8399992, -6.3224085 ], [ 106.8400448, -6.322169 ], [ 106.8401118, -6.3219659 ], [ 106.8406858, -6.3218114 ], [ 106.8409916, -6.3216195 ], [ 106.8410452, -6.3214519 ], [ 106.8409594, -6.3212996 ], [ 106.8408414, -6.321148 ], [ 106.840608, -6.321161 ], [ 106.8395834, -6.3215874 ], [ 106.8392374, -6.3216487 ], [ 106.8388835, -6.3215741 ], [ 106.8385669, -6.3213848 ], [ 106.8383738, -6.3210436 ], [ 106.8383317, -6.3207833 ], [ 106.8383684, -6.3205637 ], [ 106.8386838, -6.3200362 ], [ 106.8390017, -6.3195634 ], [ 106.839451, -6.3190881 ], [ 106.8397471, -6.3188469 ], [ 106.8400904, -6.3185483 ], [ 106.8404568, -6.3183883 ], [ 106.8409004, -6.3182284 ], [ 106.8419271, -6.31799 ], [ 106.8424286, -6.3179313 ], [ 106.8428557, -6.3179912 ], [ 106.8430777, -6.3182086 ], [ 106.8432232, -6.3184203 ], [ 106.8435451, -6.3184843 ], [ 106.8440601, -6.3182071 ], [ 106.844103, -6.3177805 ], [ 106.8441459, -6.3170981 ], [ 106.8441888, -6.3168634 ], [ 106.8443417, -6.3165675 ], [ 106.8446079, -6.3164478 ], [ 106.8449532, -6.3164555 ], [ 106.845367, -6.316645 ], [ 106.8456881, -6.3168634 ], [ 106.8460556, -6.3169755 ], [ 106.8464928, -6.3167141 ], [ 106.8469702, -6.3158798 ], [ 106.8473004, -6.3155066 ], [ 106.8477038, -6.3152426 ], [ 106.8479843, -6.3150933 ], [ 106.8483474, -6.3149947 ], [ 106.8485932, -6.3150613 ], [ 106.8487955, -6.3152186 ], [ 106.8489151, -6.3153573 ], [ 106.8489752, -6.3155145 ], [ 106.8490063, -6.3156159 ], [ 106.8490143, -6.3157198 ], [ 106.8489913, -6.315925 ], [ 106.8488867, -6.3161889 ], [ 106.8487043, -6.3166181 ], [ 106.8484978, -6.3171487 ], [ 106.8483261, -6.3174179 ], [ 106.8478111, -6.3176525 ], [ 106.847103, -6.3176525 ], [ 106.8469139, -6.3179085 ], [ 106.8470869, -6.3181405 ], [ 106.8473337, -6.3182044 ], [ 106.8477103, -6.3181919 ], [ 106.8480498, -6.3181884 ], [ 106.8482441, -6.3182399 ], [ 106.8485004, -6.3183429 ], [ 106.8488974, -6.3186443 ], [ 106.8491441, -6.3186922 ] ] }, { "type": "Point", "coordinates": [ 106.835898, -6.3541966 ] }, { "type": "Point", "coordinates": [ 106.8358831, -6.3536379 ] }, { "type": "Point", "coordinates": [ 106.8408734, -6.3422358 ] } ] } },
{ "type": "Feature", "properties": { "waterway": "canal", "name": "Kali Baru Barat" }, "geometry": { "type": "LineString", "coordinates": [ [ 106.8192343, -6.34179 ], [ 106.819642, -6.3412461 ], [ 106.8204875, -6.3402683 ], [ 106.8206532, -6.3400439 ], [ 106.8214402, -6.3393932 ], [ 106.8237905, -6.3377157 ], [ 106.8243664, -6.3372968 ], [ 106.8246354, -6.3370794 ], [ 106.8248992, -6.3369009 ], [ 106.8249828, -6.3368774 ], [ 106.8253712, -6.3369942 ], [ 106.8254013, -6.3370214 ], [ 106.8253852, -6.33716 ], [ 106.8254066, -6.337224 ], [ 106.8255032, -6.3372986 ], [ 106.8256775, -6.3373812 ], [ 106.8257982, -6.3373839 ], [ 106.8259506, -6.3373461 ], [ 106.8259881, -6.337362 ], [ 106.8261169, -6.3375487 ], [ 106.8262879, -6.337588 ], [ 106.8263932, -6.337546 ], [ 106.8265253, -6.3374279 ], [ 106.8266726, -6.3373039 ], [ 106.8267504, -6.3372666 ], [ 106.8269229, -6.3372563 ], [ 106.8271227, -6.3372501 ], [ 106.8271688, -6.337208 ], [ 106.8271772, -6.337161 ], [ 106.8271844, -6.3371195 ], [ 106.8272649, -6.3370208 ], [ 106.8276854, -6.3367678 ], [ 106.8282444, -6.3362003 ], [ 106.828488, -6.3361011 ], [ 106.8285201, -6.3360451 ], [ 106.8285014, -6.3359518 ], [ 106.8287648, -6.3359443 ], [ 106.8288675, -6.3359985 ], [ 106.8289774, -6.3361038 ], [ 106.8290914, -6.3362637 ], [ 106.8292188, -6.3364967 ], [ 106.8293119, -6.3366668 ], [ 106.8293117, -6.3366842 ], [ 106.8293114, -6.3367143 ], [ 106.8292717, -6.3367908 ], [ 106.8291062, -6.3368835 ], [ 106.8290545, -6.336956 ], [ 106.8290987, -6.3371136 ], [ 106.8292771, -6.3373679 ], [ 106.8293261, -6.3374747 ], [ 106.8294294, -6.3375819 ], [ 106.8295327, -6.3376459 ], [ 106.8296592, -6.3376627 ], [ 106.8300315, -6.337634 ], [ 106.8301394, -6.3376571 ], [ 106.8302891, -6.3376446 ], [ 106.8308784, -6.3373506 ], [ 106.8309931, -6.3372527 ], [ 106.8313874, -6.3371861 ], [ 106.8316187, -6.3370349 ] ] } },
{ "type": "Feature", "properties": { "waterway": "canal", "name": "Kali Baru Barat" }, "geometry": { "type": "LineString", "coordinates": [ [ 106.8316187, -6.3370349 ], [ 106.8321219, -6.3368023 ], [ 106.8324238, -6.3367031 ], [ 106.8332935, -6.3366234 ], [ 106.8334437, -6.3366421 ], [ 106.8337944, -6.3367447 ], [ 106.8339131, -6.336754 ], [ 106.8339346, -6.336738 ], [ 106.833977, -6.3362896 ], [ 106.8339206, -6.3356925 ], [ 106.8339373, -6.3355304 ], [ 106.8343341, -6.3343147 ], [ 106.8346878, -6.3335518 ], [ 106.8347983, -6.3326087 ], [ 106.834956, -6.3321603 ] ] } },
{ "type": "Feature", "properties": { "waterway": "canal", "name": "Kali Baru Barat" }, "geometry": { "type": "LineString", "coordinates": [ [ 106.834956, -6.3321603 ], [ 106.8350016, -6.3319177 ] ] } },
{ "type": "Feature", "properties": { "waterway": "river", "name": "Kalibaru" }, "geometry": { "type": "LineString", "coordinates": [ [ 106.859888028886203, -6.353589196513023 ], [ 106.8599948, -6.3534096 ], [ 106.8601053, -6.3532282 ], [ 106.860167, -6.3530059 ], [ 106.8603058, -6.3528603 ], [ 106.8606477, -6.3526737 ], [ 106.8610616, -6.3525128 ], [ 106.8612544, -6.3524591 ], [ 106.8618734, -6.3521351 ], [ 106.8625018, -6.3518165 ], [ 106.8633746, -6.3513779 ], [ 106.8639335, -6.351066 ], [ 106.8644043, -6.3507054 ], [ 106.8648946, -6.3502083 ], [ 106.8654012, -6.3495662 ] ] } },
{ "type": "Feature", "properties": { "waterway": "river", "name": "Kali Cipinang" }, "geometry": { "type": "MultiLineString", "coordinates": [ [ [ 106.874228144475538, -6.356132732438116 ], [ 106.8742785, -6.3561097 ], [ 106.874287316646118, -6.356092176231307 ] ], [ [ 106.874304847346309, -6.356057332603598 ], [ 106.8743107, -6.3560457 ], [ 106.874293959576832, -6.355985957225855 ] ], [ [ 106.874284750785932, -6.355953093139379 ], [ 106.8742838, -6.3559497 ], [ 106.874277713568773, -6.355943833643129 ] ], [ [ 106.87412857897165, -6.355819371522742 ], [ 106.8740532, -6.3557685 ], [ 106.873934733295158, -6.35577376077533 ] ], [ [ 106.873753683570087, -6.355776432612724 ], [ 106.87372692944345, -6.355775259186117 ] ], [ [ 106.873414840802369, -6.355684447292678 ], [ 106.873304685800321, -6.355622133562313 ] ], [ [ 106.87328660822773, -6.355603283270084 ], [ 106.873249974712834, -6.355558053975765 ] ], [ [ 106.873142456445535, -6.355077622387218 ], [ 106.8731412, -6.3550007 ], [ 106.873120998759191, -6.354992259157215 ] ], [ [ 106.872828401922746, -6.354957865404804 ], [ 106.8728127, -6.3549621 ], [ 106.8727134, -6.3550127 ], [ 106.872684990872926, -6.355048943693783 ] ], [ [ 106.872617453217444, -6.35512534704899 ], [ 106.8725874, -6.3551447 ], [ 106.872581753217574, -6.355142702600898 ] ], [ [ 106.872485606719621, -6.35505621027273 ], [ 106.872408215877442, -6.354965562212962 ] ], [ [ 106.87239011249153, -6.354923352004691 ], [ 106.872387587816959, -6.354884742956887 ] ], [ [ 106.872388879338189, -6.354875975051855 ], [ 106.8723969, -6.3548328 ], [ 106.872413086222224, -6.354764592012425 ] ], [ [ 106.872480484929696, -6.35455633414313 ], [ 106.8724814, -6.3545529 ], [ 106.87247954345392, -6.354549249923779 ] ], [ [ 106.872362722906388, -6.35439589118846 ], [ 106.8722816, -6.354325 ], [ 106.872235249608025, -6.354290296386806 ] ], [ [ 106.87210182107988, -6.353978619089012 ], [ 106.8720885, -6.3538665 ], [ 106.8720683, -6.3537758 ], [ 106.872016, -6.3537465 ], [ 106.871953865828587, -6.353747010584215 ] ], [ [ 106.871565782152231, -6.353748371290127 ], [ 106.8713763, -6.3537532 ], [ 106.8712395, -6.3537305 ], [ 106.871139, -6.3536332 ], [ 106.87109783150963, -6.353569752091313 ] ], [ [ 106.871085378522523, -6.353529802240044 ], [ 106.8710732, -6.3534146 ], [ 106.871084, -6.3533373 ], [ 106.871130505050516, -6.353293730705902 ] ], [ [ 106.871211290976873, -6.353289439517003 ], [ 106.8712342, -6.3533107 ], [ 106.8712985, -6.353332 ], [ 106.8713951, -6.3533213 ], [ 106.871442547580642, -6.353314084155597 ] ], [ [ 106.871462773088112, -6.353311008253457 ], [ 106.8714648, -6.3533107 ], [ 106.871466515363224, -6.353309172990389 ] ], [ [ 106.871528695084066, -6.353193510949916 ], [ 106.8715292, -6.3531907 ], [ 106.871526491512341, -6.353188007682422 ] ], [ [ 106.871409542932653, -6.352971900097248 ], [ 106.8713844, -6.3529241 ], [ 106.871261, -6.3528175 ], [ 106.8710545, -6.3527029 ], [ 106.871039456857886, -6.352700684719063 ] ], [ [ 106.870276397283774, -6.352836680666112 ], [ 106.8702364, -6.3528495 ], [ 106.8701962, -6.3527669 ], [ 106.8702123, -6.3526682 ], [ 106.8701988, -6.3525509 ], [ 106.8701318, -6.3524363 ], [ 106.869999, -6.3522977 ], [ 106.8699561, -6.3522564 ], [ 106.8698072, -6.3521457 ], [ 106.8697611, -6.3520906 ], [ 106.8697335, -6.3520324 ], [ 106.8697338, -6.3519684 ], [ 106.8697482, -6.3519136 ], [ 106.8697871, -6.3518232 ], [ 106.8697898, -6.3517512 ], [ 106.8698153, -6.3515753 ], [ 106.8697952, -6.3514966 ], [ 106.8697536, -6.351486 ], [ 106.8697107, -6.351504 ], [ 106.8696886, -6.3515553 ], [ 106.8696698, -6.3515913 ], [ 106.8696302, -6.3516106 ], [ 106.869542, -6.3516159 ], [ 106.8693794, -6.3516019 ], [ 106.869311, -6.3515846 ], [ 106.8692909, -6.35151 ], [ 106.8692815, -6.351362 ], [ 106.869256, -6.3512807 ], [ 106.8692051, -6.3512167 ], [ 106.8690468, -6.3512167 ], [ 106.8688899, -6.3512407 ], [ 106.8686794, -6.3512141 ], [ 106.8685868, -6.3511234 ], [ 106.8685547, -6.3510315 ], [ 106.86856, -6.3509155 ], [ 106.8686177, -6.3507675 ], [ 106.8686552, -6.3506782 ], [ 106.8686512, -6.350529 ], [ 106.8686914, -6.3504303 ], [ 106.868788, -6.350301 ], [ 106.8688282, -6.3501811 ], [ 106.8688242, -6.3501118 ], [ 106.8688537, -6.3500451 ], [ 106.8689033, -6.3500011 ], [ 106.8689664, -6.3499572 ], [ 106.869067, -6.3499292 ], [ 106.8691488, -6.3499372 ], [ 106.8692145, -6.3499692 ], [ 106.8692708, -6.3500105 ], [ 106.8693157, -6.3500128 ], [ 106.8693513, -6.3499945 ], [ 106.8693734, -6.3499372 ], [ 106.8693827, -6.3499062 ], [ 106.8694032, -6.3498385 ], [ 106.8694093, -6.3497752 ], [ 106.869413, -6.3497052 ], [ 106.8694093, -6.3496373 ], [ 106.8693968, -6.349575 ], [ 106.8693308, -6.349494 ], [ 106.8692916, -6.3494617 ], [ 106.8692335, -6.3494273 ], [ 106.8690857, -6.349332 ], [ 106.8690602, -6.3492321 ], [ 106.8690884, -6.3491081 ], [ 106.8690643, -6.3490175 ], [ 106.8690307, -6.3489548 ], [ 106.8689945, -6.3489069 ], [ 106.8688886, -6.3488189 ], [ 106.8688148, -6.3487229 ], [ 106.8687679, -6.348607 ], [ 106.8687692, -6.3485416 ], [ 106.8687813, -6.3484817 ], [ 106.8688135, -6.348443 ], [ 106.8688899, -6.3484217 ], [ 106.8689704, -6.3484563 ], [ 106.869067, -6.348495 ], [ 106.8691836, -6.3484497 ], [ 106.8692681, -6.3483977 ], [ 106.8693083, -6.3483337 ], [ 106.8693915, -6.3482617 ], [ 106.86959, -6.3481338 ], [ 106.8696919, -6.3480618 ], [ 106.8697536, -6.3480778 ], [ 106.869826, -6.3481604 ], [ 106.8698797, -6.3481844 ], [ 106.8698904, -6.3480778 ], [ 106.8698797, -6.3479392 ], [ 106.8698502, -6.3478459 ], [ 106.8698689, -6.3476966 ], [ 106.869877, -6.3474833 ], [ 106.8698448, -6.3473367 ], [ 106.8697603, -6.3472488 ], [ 106.869702, -6.3471674 ], [ 106.8696866, -6.3471208 ], [ 106.8696953, -6.3470754 ], [ 106.8697509, -6.3470355 ], [ 106.8698609, -6.3470115 ], [ 106.8699682, -6.3470328 ], [ 106.8701693, -6.3470461 ], [ 106.8702981, -6.3470595 ], [ 106.8704188, -6.3470275 ], [ 106.8704751, -6.3469395 ], [ 106.870518, -6.3467929 ], [ 106.8705127, -6.3466863 ], [ 106.8704376, -6.3466116 ], [ 106.8703437, -6.3465263 ], [ 106.8703195, -6.3463744 ], [ 106.8704, -6.3463024 ], [ 106.870569, -6.3462438 ], [ 106.870636, -6.3462571 ], [ 106.8707406, -6.3462571 ], [ 106.8709928, -6.3460945 ], [ 106.8710759, -6.3460198 ], [ 106.8712127, -6.3459932 ], [ 106.8713173, -6.3459558 ], [ 106.8714273, -6.3457639 ], [ 106.8713978, -6.3456973 ], [ 106.8714246, -6.3456466 ], [ 106.8715131, -6.3456973 ], [ 106.8716553, -6.3457986 ], [ 106.8717626, -6.3458146 ], [ 106.8718538, -6.3457399 ] ] ] } },
{ "type": "Feature", "properties": { "waterway": "river", "name": "Kali Cipinang" }, "geometry": { "type": "LineString", "coordinates": [ [ 106.8718538, -6.3457399 ], [ 106.872012, -6.3455133 ], [ 106.8721247, -6.3453401 ], [ 106.8727389, -6.3447216 ], [ 106.8728194, -6.3445483 ], [ 106.8728274, -6.3443857 ], [ 106.8728837, -6.3442897 ], [ 106.8732592, -6.3437486 ], [ 106.8732673, -6.3436313 ], [ 106.8732405, -6.3435327 ], [ 106.87305, -6.343466 ], [ 106.8729427, -6.3434394 ], [ 106.8727764, -6.3435273 ], [ 106.8726128, -6.3436313 ], [ 106.8725216, -6.3436473 ], [ 106.8724304, -6.3436046 ], [ 106.8722695, -6.3434527 ], [ 106.872181, -6.3433381 ] ] } },
{ "type": "Feature", "properties": { "waterway": "drain", "name": "" }, "geometry": { "type": "LineString", "coordinates": [ [ 106.8667147, -6.3400437 ], [ 106.8666963, -6.3399814 ], [ 106.8666816, -6.3397574 ], [ 106.8666628, -6.3396028 ], [ 106.8666225, -6.3394669 ], [ 106.8665702, -6.3393336 ], [ 106.866463, -6.3391496 ], [ 106.8663315, -6.338959 ], [ 106.8662149, -6.3388071 ], [ 106.8662081, -6.3387604 ], [ 106.866129, -6.3386258 ], [ 106.8660006, -6.3384476 ] ] } },
{ "type": "Feature", "properties": { "waterway": "drain", "name": "" }, "geometry": { "type": "LineString", "coordinates": [ [ 106.8660006, -6.3384476 ], [ 106.8659816, -6.3384125 ] ] } },
{ "type": "Feature", "properties": { "waterway": "drain", "name": "" }, "geometry": { "type": "LineString", "coordinates": [ [ 106.8659816, -6.3384125 ], [ 106.8659602, -6.3383728 ] ] } },
{ "type": "Feature", "properties": { "waterway": "drain", "name": "" }, "geometry": { "type": "LineString", "coordinates": [ [ 106.8659602, -6.3383728 ], [ 106.8659477, -6.3383497 ] ] } },
{ "type": "Feature", "properties": { "waterway": "drain", "name": "" }, "geometry": { "type": "LineString", "coordinates": [ [ 106.8659477, -6.3383497 ], [ 106.8658739, -6.3382724 ], [ 106.8657921, -6.3382097 ], [ 106.8657197, -6.3381537 ], [ 106.8656526, -6.3380884 ], [ 106.8656285, -6.3380098 ], [ 106.8656084, -6.3379365 ], [ 106.8656137, -6.3378098 ], [ 106.8656057, -6.3376872 ], [ 106.8655722, -6.3375632 ], [ 106.8655789, -6.3374073 ], [ 106.8656432, -6.3373247 ], [ 106.8657103, -6.3371834 ], [ 106.8657693, -6.3369461 ], [ 106.8657934, -6.3367928 ], [ 106.8657612, -6.3367595 ], [ 106.8656285, -6.3367342 ], [ 106.865493, -6.3366742 ], [ 106.8654219, -6.3366049 ], [ 106.8654233, -6.3365049 ], [ 106.8654541, -6.3363463 ], [ 106.8655386, -6.3361877 ], [ 106.865662, -6.3360944 ], [ 106.8657264, -6.3359678 ], [ 106.8657908, -6.3358358 ], [ 106.8658498, -6.3356612 ], [ 106.8658471, -6.3355732 ], [ 106.8658323, -6.3354253 ], [ 106.8658109, -6.335324 ], [ 106.8657867, -6.335252 ], [ 106.8657787, -6.3351107 ], [ 106.8657827, -6.3349974 ], [ 106.8657706, -6.3349521 ], [ 106.8657398, -6.3348441 ], [ 106.8656929, -6.3347481 ], [ 106.8656191, -6.3346602 ], [ 106.8655131, -6.3345895 ], [ 106.865375, -6.3345349 ], [ 106.8652476, -6.3344749 ], [ 106.8651685, -6.3344309 ], [ 106.8650625, -6.3343043 ], [ 106.8649244, -6.3341883 ], [ 106.864801, -6.3340657 ], [ 106.8647058, -6.3339777 ], [ 106.8645596, -6.3337484 ], [ 106.8644738, -6.3336698 ], [ 106.8643652, -6.3336192 ], [ 106.8642579, -6.3335898 ], [ 106.8642324, -6.3335312 ], [ 106.8642109, -6.3334552 ], [ 106.8641479, -6.3334272 ], [ 106.8640795, -6.3334285 ], [ 106.8640115, -6.3333857 ], [ 106.8639397, -6.3333202 ], [ 106.8638914, -6.3332603 ], [ 106.863827, -6.3331723 ], [ 106.8637586, -6.333103 ], [ 106.8637171, -6.3330337 ], [ 106.863701, -6.3329497 ], [ 106.8636956, -6.3328764 ], [ 106.8636763, -6.3327982 ], [ 106.8636093, -6.3326916 ], [ 106.8635449, -6.3326222 ], [ 106.8634497, -6.3325463 ], [ 106.863392, -6.3324996 ], [ 106.8633317, -6.3324423 ], [ 106.8631815, -6.332285 ] ] } },
{ "type": "Feature", "properties": { "waterway": "river", "name": "" }, "geometry": { "type": "MultiLineString", "coordinates": [ [ [ 106.851724066766863, -6.341911700981096 ], [ 106.8517629, -6.3417366 ], [ 106.851783, -6.3415907 ], [ 106.851780404936491, -6.34157816400427 ] ], [ [ 106.851776449347241, -6.341559055705012 ], [ 106.8517576, -6.341468 ], [ 106.8516328, -6.3413067 ], [ 106.8515644, -6.3412521 ], [ 106.8513968, -6.3411908 ], [ 106.851300614217379, -6.341178379253273 ] ], [ [ 106.851139378767684, -6.341138624352583 ], [ 106.8509301, -6.3410708 ], [ 106.8508228, -6.3410162 ], [ 106.8507182, -6.3409369 ], [ 106.8506216, -6.3407823 ], [ 106.8505486, -6.3406143 ], [ 106.8504889, -6.340595 ], [ 106.8503139, -6.3404404 ], [ 106.8501375, -6.3402804 ], [ 106.8500859, -6.3402064 ], [ 106.8500423, -6.3401385 ], [ 106.8500577, -6.3400232 ], [ 106.8501409, -6.3397826 ], [ 106.8502482, -6.3396986 ], [ 106.850256263714968, -6.339686754903671 ] ], [ [ 106.850406805626776, -6.339253555835795 ], [ 106.850458, -6.3390896 ], [ 106.8505478, -6.3388744 ], [ 106.8507265, -6.3388924 ], [ 106.8508303, -6.3389362 ], [ 106.8510241, -6.338989 ], [ 106.8510919, -6.339001 ], [ 106.8511626, -6.338988 ], [ 106.8512227, -6.338937 ], [ 106.8513762, -6.3388024 ], [ 106.8514448, -6.3387622 ], [ 106.851515, -6.3387351 ], [ 106.8516384, -6.338861 ], [ 106.8517939, -6.3387051 ], [ 106.8519274, -6.3385638 ], [ 106.8520521, -6.3383992 ], [ 106.8521353, -6.3382639 ], [ 106.8521232, -6.3381713 ], [ 106.8521376, -6.3381496 ], [ 106.8521656, -6.3380994 ], [ 106.8521938, -6.3380583 ], [ 106.8522758, -6.3380253 ], [ 106.8523198, -6.3379792 ], [ 106.8523126, -6.3379048 ], [ 106.8522782, -6.3378351 ], [ 106.8522746, -6.337737 ], [ 106.8522069, -6.3376272 ], [ 106.8520963, -6.3374819 ], [ 106.8519549, -6.3374228 ], [ 106.8518194, -6.3373874 ], [ 106.8516863, -6.3373331 ], [ 106.851596, -6.3372799 ], [ 106.8515485, -6.3372138 ], [ 106.8514855, -6.3371193 ], [ 106.8514427, -6.3369681 ], [ 106.8514974, -6.3369161 ], [ 106.8515734, -6.3368559 ], [ 106.8515996, -6.3367614 ], [ 106.8516138, -6.3366527 ], [ 106.8515592, -6.3365771 ], [ 106.851495, -6.3365369 ], [ 106.8514225, -6.336544 ], [ 106.851369, -6.3365889 ], [ 106.8511206, -6.3367094 ], [ 106.8509519, -6.3367377 ], [ 106.8507272, -6.3367838 ], [ 106.8505537, -6.3368358 ], [ 106.8505074, -6.3368287 ], [ 106.8504563, -6.3367755 ], [ 106.8503511, -6.3366846 ], [ 106.8503095, -6.3366456 ], [ 106.8502976, -6.3365913 ], [ 106.8503181, -6.3365402 ], [ 106.8503763, -6.3364646 ], [ 106.8504102, -6.3364404 ], [ 106.8504863, -6.336353 ], [ 106.8505558, -6.3361888 ], [ 106.8505727, -6.3360958 ], [ 106.8504456, -6.3361454 ], [ 106.8502649, -6.3362162 ], [ 106.8501936, -6.336208 ], [ 106.8501187, -6.3361253 ], [ 106.8500439, -6.3360863 ], [ 106.8498953, -6.336104 ], [ 106.8496612, -6.336143 ], [ 106.8495459, -6.3361525 ], [ 106.8495079, -6.3360993 ], [ 106.849433, -6.3359044 ], [ 106.8493534, -6.3356859 ], [ 106.8492464, -6.3354662 ], [ 106.8491549, -6.3352595 ], [ 106.8491165, -6.33512 ], [ 106.8491418, -6.3349937 ], [ 106.8491905, -6.3349523 ], [ 106.8492761, -6.3349086 ], [ 106.8493427, -6.3348413 ], [ 106.8493961, -6.3347693 ], [ 106.8494354, -6.3346759 ], [ 106.8494817, -6.334572 ], [ 106.8495376, -6.3344491 ], [ 106.8496006, -6.3343062 ], [ 106.8495744, -6.3342731 ], [ 106.8495566, -6.3341916 ], [ 106.8495483, -6.334122 ], [ 106.8495138, -6.3340936 ], [ 106.8493486, -6.3340475 ], [ 106.8492064, -6.3340695 ], [ 106.8490169, -6.3340339 ], [ 106.8489115, -6.3340523 ], [ 106.8486034, -6.3341251 ], [ 106.8484906, -6.3341736 ], [ 106.848383, -6.3341816 ], [ 106.8482168, -6.3341973 ], [ 106.8481337, -6.3341609 ], [ 106.848094, -6.3340387 ], [ 106.848088, -6.3339481 ], [ 106.8480705, -6.3337873 ], [ 106.8480377, -6.3336329 ], [ 106.8479921, -6.3335033 ], [ 106.8479869, -6.3333958 ], [ 106.8479983, -6.3332725 ], [ 106.8480233, -6.3331929 ], [ 106.8480591, -6.3331296 ], [ 106.8480583, -6.3330834 ], [ 106.8480237, -6.3330603 ], [ 106.8479139, -6.3330524 ], [ 106.8478452, -6.333053 ], [ 106.8477114, -6.3330828 ], [ 106.8475829, -6.3331128 ], [ 106.8474722, -6.3331453 ], [ 106.8473697, -6.3331402 ], [ 106.8472202, -6.3331343 ], [ 106.8471463, -6.33311 ], [ 106.8470976, -6.3330648 ], [ 106.847024, -6.3329655 ], [ 106.8469548, -6.3328315 ], [ 106.8469706, -6.3326942 ], [ 106.8470195, -6.3325854 ], [ 106.8470345, -6.3324447 ], [ 106.8470282, -6.3322644 ], [ 106.8470096, -6.3320917 ], [ 106.8469925, -6.3320209 ], [ 106.847019, -6.3319365 ], [ 106.8470754, -6.3318936 ], [ 106.8471455, -6.3318658 ], [ 106.8472495, -6.3318417 ], [ 106.8472704, -6.3317726 ], [ 106.8472548, -6.3317134 ], [ 106.8471888, -6.3316512 ], [ 106.8470709, -6.3315971 ], [ 106.8469713, -6.3315599 ], [ 106.8468707, -6.3314664 ], [ 106.8467772, -6.3313578 ], [ 106.8467383, -6.331309 ], [ 106.8467061, -6.3312204 ], [ 106.8466576, -6.3311541 ], [ 106.8466344, -6.3311211 ], [ 106.8466183, -6.3310871 ], [ 106.8466088, -6.3310449 ], [ 106.8466465, -6.3308647 ], [ 106.8466562, -6.3308095 ], [ 106.8467057, -6.3307331 ], [ 106.8468796, -6.3306191 ], [ 106.8469808, -6.3305429 ], [ 106.8470237, -6.3304816 ], [ 106.8470949, -6.330439 ], [ 106.8472656, -6.330352 ], [ 106.8472999, -6.330287 ], [ 106.8472369, -6.330207 ], [ 106.8472266, -6.3301384 ], [ 106.847312, -6.3300151 ], [ 106.8473789, -6.3298669 ], [ 106.8473563, -6.3298178 ], [ 106.847312, -6.3298018 ], [ 106.847257, -6.3297965 ], [ 106.8471725, -6.3298285 ], [ 106.8471725, -6.3297512 ], [ 106.8471818, -6.3296016 ], [ 106.8471833, -6.3294579 ], [ 106.8471482, -6.3292893 ], [ 106.8470451, -6.3291674 ], [ 106.8469096, -6.3290543 ], [ 106.8467781, -6.3289644 ], [ 106.8467213, -6.3289533 ], [ 106.8466659, -6.3289144 ], [ 106.8466283, -6.3288372 ], [ 106.8465571, -6.3287101 ], [ 106.846508, -6.3286219 ], [ 106.8464983, -6.3285728 ], [ 106.8464959, -6.328531 ], [ 106.8464902, -6.3284644 ], [ 106.8464655, -6.3283544 ], [ 106.8464632, -6.3281156 ], [ 106.8464715, -6.3280278 ], [ 106.8465107, -6.3279155 ], [ 106.8466035, -6.3278162 ], [ 106.8466579, -6.3277572 ], [ 106.8467418, -6.3276743 ], [ 106.8468749, -6.327549 ], [ 106.8469865, -6.3274227 ], [ 106.8470458, -6.3273864 ], [ 106.8470832, -6.3273377 ], [ 106.8470958, -6.3272604 ], [ 106.8470997, -6.3271597 ], [ 106.8470925, -6.3270215 ], [ 106.8471253, -6.3269116 ], [ 106.847134, -6.3268549 ], [ 106.8471965, -6.3268068 ], [ 106.8473137, -6.3267432 ], [ 106.8473814, -6.3267236 ], [ 106.8474297, -6.3267336 ], [ 106.8474592, -6.3267389 ], [ 106.847506, -6.3267325 ], [ 106.8475697, -6.3266956 ], [ 106.8476619, -6.3266391 ], [ 106.8477153, -6.3265835 ], [ 106.8477428, -6.3264467 ], [ 106.847734, -6.3263412 ], [ 106.8477214, -6.3262826 ], [ 106.8476906, -6.326201 ], [ 106.8476124, -6.3260885 ], [ 106.8475888, -6.3259594 ], [ 106.8475744, -6.3258395 ], [ 106.847569, -6.3256916 ], [ 106.847514, -6.3255834 ], [ 106.8474549, -6.3255131 ], [ 106.8473933, -6.3254506 ], [ 106.8473463, -6.3253529 ], [ 106.8473302, -6.3252472 ], [ 106.8473177, -6.3251843 ], [ 106.8472789, -6.3250126 ], [ 106.8472167, -6.3248716 ], [ 106.8471924, -6.3247857 ], [ 106.8472007, -6.324726 ], [ 106.8472725, -6.324698 ], [ 106.8473538, -6.3246249 ], [ 106.8474415, -6.3245447 ], [ 106.8475182, -6.3244858 ], [ 106.8475454, -6.3244794 ], [ 106.8475716, -6.3244941 ], [ 106.8476259, -6.3245466 ], [ 106.8477734, -6.3246987 ], [ 106.8479103, -6.3248386 ], [ 106.8479896, -6.3248546 ], [ 106.8480916, -6.3247687 ], [ 106.8482839, -6.3244165 ], [ 106.8484318, -6.3240154 ], [ 106.8485467, -6.3237543 ], [ 106.8485162, -6.3234907 ], [ 106.8484341, -6.3232645 ], [ 106.8484998, -6.323106 ], [ 106.8485866, -6.3229521 ], [ 106.8486396, -6.3228064 ], [ 106.8486645, -6.3227042 ], [ 106.8487628, -6.3225457 ], [ 106.8490592, -6.3219963 ], [ 106.8491742, -6.3218695 ], [ 106.8493134, -6.3217256 ], [ 106.8494491, -6.321656 ] ] ] } },
{ "type": "Feature", "properties": { "waterway": "drain", "name": "" }, "geometry": { "type": "LineString", "coordinates": [ [ 106.8631815, -6.332285 ], [ 106.8631526, -6.3322359 ] ] } },
{ "type": "Feature", "properties": { "waterway": "drain", "name": "" }, "geometry": { "type": "LineString", "coordinates": [ [ 106.8631526, -6.3322359 ], [ 106.8631211, -6.3321824 ], [ 106.8630608, -6.3320291 ], [ 106.8630232, -6.3319185 ], [ 106.8629977, -6.3318238 ], [ 106.8629937, -6.3317265 ], [ 106.8629226, -6.3315932 ], [ 106.8628556, -6.3315292 ], [ 106.8627416, -6.3314813 ], [ 106.8626964, -6.3314565 ], [ 106.8626538, -6.3314252 ] ] } },
{ "type": "Feature", "properties": { "waterway": "drain", "name": "" }, "geometry": { "type": "LineString", "coordinates": [ [ 106.8626538, -6.3314252 ], [ 106.8625377, -6.3313693 ] ] } },
{ "type": "Feature", "properties": { "waterway": "drain", "name": "" }, "geometry": { "type": "LineString", "coordinates": [ [ 106.8625377, -6.3313693 ], [ 106.8624975, -6.3313813 ], [ 106.8624009, -6.3313013 ], [ 106.8622574, -6.331184 ], [ 106.8622159, -6.331132 ], [ 106.8621971, -6.3310934 ], [ 106.8622118, -6.3309588 ], [ 106.8622226, -6.3308095 ], [ 106.8622204, -6.330771 ], [ 106.862207, -6.330733 ], [ 106.8621265, -6.3306157 ], [ 106.8620822, -6.3305344 ], [ 106.8620407, -6.3304238 ], [ 106.8620273, -6.3303251 ], [ 106.8620058, -6.3302205 ], [ 106.8619569, -6.3300565 ], [ 106.8619166, -6.3299379 ], [ 106.8618845, -6.3298406 ], [ 106.8618764, -6.3297566 ], [ 106.8618563, -6.32971 ], [ 106.8617973, -6.32969 ], [ 106.8617517, -6.3296487 ], [ 106.8615787, -6.3294501 ], [ 106.8615045, -6.3293777 ], [ 106.8613972, -6.3292711 ], [ 106.8612883, -6.3291788 ], [ 106.8612038, -6.3291168 ], [ 106.8611569, -6.3290655 ], [ 106.8611156, -6.3289865 ], [ 106.8610606, -6.3288259 ], [ 106.8610506, -6.3287732 ], [ 106.8610231, -6.3286999 ], [ 106.8609433, -6.3285686 ], [ 106.8608628, -6.3284127 ], [ 106.8608266, -6.3282727 ], [ 106.8608038, -6.3281368 ], [ 106.860836, -6.3280248 ], [ 106.8608763, -6.3278839 ], [ 106.8608712, -6.3278412 ], [ 106.8608693, -6.3277788 ], [ 106.8608733, -6.3277435 ], [ 106.8608749, -6.3277169 ], [ 106.8608145, -6.3276356 ], [ 106.8607569, -6.327533 ], [ 106.8607354, -6.3274876 ], [ 106.8607528, -6.327345 ], [ 106.8607703, -6.3272277 ], [ 106.8607461, -6.3271611 ], [ 106.8606871, -6.3271504 ], [ 106.8606389, -6.3271411 ], [ 106.8606147, -6.3271131 ], [ 106.860608, -6.3269878 ], [ 106.8606402, -6.3267838 ], [ 106.8606244, -6.326773 ], [ 106.8605694, -6.3267697 ], [ 106.8604823, -6.326785 ], [ 106.8603777, -6.3267883 ], [ 106.8602335, -6.3267564 ], [ 106.8601658, -6.326725 ], [ 106.8601319, -6.326686 ], [ 106.860087, -6.3266027 ], [ 106.8601138, -6.3264894 ], [ 106.8601835, -6.3264121 ], [ 106.8602479, -6.3263042 ], [ 106.8602546, -6.3262255 ], [ 106.8602479, -6.3261149 ], [ 106.8602412, -6.3260376 ], [ 106.8602171, -6.3259736 ], [ 106.8602023, -6.3258709 ], [ 106.8602037, -6.325755 ], [ 106.860197, -6.3256643 ], [ 106.8602144, -6.3255764 ], [ 106.8602372, -6.3255017 ], [ 106.8602452, -6.3254191 ], [ 106.8602519, -6.3253164 ], [ 106.8602613, -6.3252311 ], [ 106.860256, -6.3251938 ], [ 106.8602493, -6.3251272 ], [ 106.8602077, -6.3250272 ], [ 106.8601728, -6.3249166 ], [ 106.8601353, -6.3248246 ], [ 106.8601339, -6.3247353 ], [ 106.8601487, -6.3246206 ], [ 106.8601554, -6.3245513 ], [ 106.860146, -6.3244807 ], [ 106.8600897, -6.3243554 ], [ 106.8600669, -6.3243061 ], [ 106.8600159, -6.3242514 ], [ 106.8599582, -6.3241941 ], [ 106.8599341, -6.3240541 ], [ 106.8599126, -6.3239262 ], [ 106.8599086, -6.3238009 ], [ 106.859922, -6.3237236 ], [ 106.859922, -6.3236329 ], [ 106.8598965, -6.3235343 ], [ 106.8598992, -6.3234717 ], [ 106.8599033, -6.3233797 ], [ 106.8598925, -6.3233184 ], [ 106.8598522, -6.3232704 ], [ 106.8597812, -6.3232057 ], [ 106.8597377, -6.3231371 ], [ 106.8597269, -6.3230458 ], [ 106.8597095, -6.3229745 ], [ 106.8596839, -6.3228652 ], [ 106.8596632, -6.3227659 ], [ 106.8596619, -6.3226692 ], [ 106.8596471, -6.3226279 ], [ 106.8596136, -6.3225679 ], [ 106.8596015, -6.3224839 ], [ 106.8595868, -6.3223826 ], [ 106.8595693, -6.3222853 ], [ 106.8595626, -6.322176 ], [ 106.8595693, -6.3220401 ], [ 106.8596136, -6.3219574 ], [ 106.8596793, -6.3219108 ], [ 106.8597222, -6.3218734 ], [ 106.8597893, -6.3218201 ], [ 106.8598067, -6.3217561 ], [ 106.8597906, -6.3216055 ], [ 106.8597839, -6.3215202 ], [ 106.8597598, -6.3214736 ], [ 106.8597168, -6.3213709 ], [ 106.8596887, -6.3212763 ], [ 106.8596779, -6.321171 ], [ 106.8596873, -6.3210857 ], [ 106.8597075, -6.3209524 ], [ 106.8597262, -6.3208497 ], [ 106.8596766, -6.3206498 ], [ 106.8596605, -6.3206058 ], [ 106.8596042, -6.3204925 ], [ 106.8595586, -6.3204205 ], [ 106.8594781, -6.3203152 ], [ 106.8594406, -6.3202672 ], [ 106.8594258, -6.3201707 ], [ 106.8594167, -6.3200907 ], [ 106.8594228, -6.320018 ], [ 106.8594433, -6.319942 ], [ 106.8594634, -6.3198767 ], [ 106.8595063, -6.3197767 ], [ 106.8595546, -6.3196807 ], [ 106.8595868, -6.3195914 ], [ 106.8596172, -6.3194171 ], [ 106.8596256, -6.3192998 ], [ 106.859646, -6.3191775 ], [ 106.8596348, -6.3191198 ], [ 106.8596242, -6.3190795 ], [ 106.8595857, -6.3190095 ], [ 106.8595408, -6.3189748 ], [ 106.8594625, -6.3189517 ], [ 106.8594101, -6.318938 ], [ 106.8593897, -6.3189349 ], [ 106.8593279, -6.3188823 ], [ 106.8592863, -6.3187943 ], [ 106.859289, -6.318749 ], [ 106.8593212, -6.3186784 ], [ 106.8593185, -6.3186304 ], [ 106.8593078, -6.3185611 ], [ 106.8592367, -6.3183838 ], [ 106.8592339, -6.3183499 ], [ 106.859222, -6.3182065 ], [ 106.8592193, -6.3181305 ], [ 106.8591965, -6.3180772 ], [ 106.8590744, -6.3179519 ], [ 106.8589618, -6.3178399 ], [ 106.858935, -6.317764 ], [ 106.8589457, -6.3175107 ], [ 106.8589605, -6.3172321 ], [ 106.8589377, -6.3170668 ], [ 106.8589351, -6.3168563 ] ] } },
{ "type": "Feature", "properties": { "waterway": "river", "name": "Kalibaru" }, "geometry": { "type": "LineString", "coordinates": [ [ 106.8654012, -6.3495662 ], [ 106.8656877, -6.3491503 ], [ 106.8657932, -6.3489806 ], [ 106.8658584, -6.348781 ], [ 106.8659538, -6.3486463 ], [ 106.8660241, -6.3484567 ], [ 106.8660994, -6.348272 ], [ 106.8661999, -6.3480574 ], [ 106.8662953, -6.3478479 ], [ 106.8663354, -6.3477231 ], [ 106.8663756, -6.3476582 ], [ 106.8665212, -6.3473688 ], [ 106.8666367, -6.3470195 ], [ 106.8666919, -6.3469147 ], [ 106.8668074, -6.3466602 ], [ 106.8669128, -6.3464307 ], [ 106.8669781, -6.346271 ], [ 106.8670936, -6.3460664 ], [ 106.8671589, -6.3458618 ], [ 106.8672392, -6.3456572 ], [ 106.8673195, -6.3455474 ], [ 106.8675053, -6.3451382 ], [ 106.8677363, -6.344739 ], [ 106.8679471, -6.3442849 ], [ 106.8680526, -6.3440055 ], [ 106.8684241, -6.3434166 ], [ 106.8686551, -6.3430523 ], [ 106.8687655, -6.3428078 ], [ 106.8688961, -6.3425184 ], [ 106.8690367, -6.3422739 ], [ 106.8691421, -6.3420094 ], [ 106.8691672, -6.3417649 ], [ 106.8691773, -6.341206 ], [ 106.8690869, -6.3407718 ], [ 106.8690316, -6.3405223 ], [ 106.868881, -6.3399085 ], [ 106.8686952, -6.3394544 ], [ 106.8685747, -6.3391051 ], [ 106.8684492, -6.3387558 ], [ 106.868389, -6.3386011 ], [ 106.868389, -6.3385412 ], [ 106.8683686, -6.3383016 ], [ 106.8682706, -6.338058 ], [ 106.8682215, -6.3377266 ], [ 106.8681333, -6.3372587 ], [ 106.8680254, -6.3369761 ], [ 106.8678979, -6.3366252 ], [ 106.8677802, -6.3362938 ], [ 106.867692, -6.3358065 ], [ 106.8676037, -6.335095 ], [ 106.8675627, -6.3348261 ], [ 106.8675645, -6.334442 ], [ 106.8675449, -6.3341398 ], [ 106.8675513, -6.3339361 ], [ 106.8675288, -6.3336237 ], [ 106.8674959, -6.3333309 ], [ 106.8674476, -6.3331077 ], [ 106.8673782, -6.3327461 ], [ 106.8673925, -6.33242 ], [ 106.8673819, -6.332137 ], [ 106.8673273, -6.3319138 ], [ 106.8672081, -6.331744 ], [ 106.867036, -6.3315055 ], [ 106.8669308, -6.3311627 ], [ 106.8668347, -6.3308632 ], [ 106.8667596, -6.330701 ], [ 106.866617, -6.3304414 ], [ 106.8663923, -6.3301658 ], [ 106.8661374, -6.3298991 ], [ 106.8658996, -6.3297016 ], [ 106.8656534, -6.3295224 ], [ 106.8653386, -6.329146 ], [ 106.8651425, -6.3289564 ], [ 106.8649293, -6.3287127 ], [ 106.8646191, -6.3283565 ], [ 106.8643588, -6.3280189 ], [ 106.8640209, -6.3276476 ], [ 106.8637792, -6.3272002 ], [ 106.8636223, -6.3267031 ], [ 106.8636321, -6.3260988 ], [ 106.8637302, -6.3256602 ], [ 106.8638773, -6.3249585 ], [ 106.8641028, -6.3244029 ], [ 106.8642499, -6.3239838 ], [ 106.864348, -6.3236524 ], [ 106.8645343, -6.3227557 ], [ 106.8648873, -6.3213524 ], [ 106.8649104, -6.3209967 ], [ 106.8648944, -6.320596 ], [ 106.8648757, -6.3202788 ], [ 106.8648149, -6.3199835 ], [ 106.8647007, -6.3195621 ], [ 106.8645841, -6.3191271 ], [ 106.864446, -6.318623 ], [ 106.8642891, -6.3180577 ], [ 106.864142, -6.3175216 ], [ 106.8638871, -6.3170245 ], [ 106.86374, -6.3167809 ], [ 106.8633575, -6.3159329 ], [ 106.863132, -6.3153188 ], [ 106.8629162, -6.314695 ], [ 106.8627495, -6.3141199 ], [ 106.8626711, -6.3138665 ], [ 106.862573, -6.313272 ], [ 106.8624651, -6.3126774 ], [ 106.8623278, -6.3119269 ], [ 106.8622049, -6.3107404 ], [ 106.8623082, -6.3102894 ], [ 106.8627789, -6.3097143 ], [ 106.8632987, -6.3089833 ], [ 106.8634164, -6.3086909 ], [ 106.8635438, -6.3084764 ], [ 106.8636615, -6.308223 ], [ 106.8637721, -6.3080115 ], [ 106.863789, -6.3079793 ], [ 106.8638903, -6.307778 ], [ 106.8639361, -6.3076869 ], [ 106.864812, -6.3062683 ], [ 106.8651004, -6.3057995 ], [ 106.865964, -6.3041626 ], [ 106.8669428, -6.3029592 ], [ 106.8673196, -6.3025756 ], [ 106.8681763, -6.301342 ], [ 106.8683574, -6.3011706 ], [ 106.8699506, -6.2993817 ], [ 106.8702518, -6.2989632 ], [ 106.8704196, -6.2986787 ], [ 106.8705079, -6.2984833 ], [ 106.8706284, -6.2983236 ], [ 106.8708895, -6.297771 ], [ 106.8710932, -6.2972847 ], [ 106.8712713, -6.2967919 ], [ 106.8713601, -6.2966022 ], [ 106.8715131, -6.2961567 ], [ 106.8717679, -6.2950241 ], [ 106.8719878, -6.2938212 ] ] } },
{ "type": "Feature", "properties": { "waterway": "drain", "name": "" }, "geometry": { "type": "LineString", "coordinates": [ [ 106.8592339, -6.3183499 ], [ 106.8593637, -6.3183918 ], [ 106.8594319, -6.3184355 ], [ 106.8595075, -6.3184528 ], [ 106.8595959, -6.3184697 ], [ 106.8596436, -6.318482 ], [ 106.8597118, -6.3184929 ], [ 106.8597572, -6.3184792 ] ] } },
{ "type": "Feature", "properties": { "waterway": "drain", "name": "" }, "geometry": { "type": "LineString", "coordinates": [ [ 106.8807823, -6.3287521 ], [ 106.880673, -6.3287677 ] ] } },
{ "type": "Feature", "properties": { "waterway": "river", "name": "Kali Cipinang" }, "geometry": { "type": "LineString", "coordinates": [ [ 106.8814437, -6.3243476 ], [ 106.8813749, -6.3241625 ], [ 106.8814205, -6.3240559 ], [ 106.8814581, -6.3237493 ], [ 106.8815117, -6.3236347 ], [ 106.8815171, -6.3235734 ], [ 106.8814715, -6.3233121 ], [ 106.8814661, -6.3232268 ], [ 106.8814339, -6.3231468 ], [ 106.881383, -6.3230908 ], [ 106.881281, -6.3229815 ], [ 106.8811308, -6.322699 ], [ 106.8811067, -6.3226643 ], [ 106.8810155, -6.322531 ], [ 106.8809806, -6.3224484 ], [ 106.8809216, -6.3223844 ], [ 106.8808331, -6.3223817 ], [ 106.8807634, -6.3224217 ], [ 106.8807044, -6.3224484 ], [ 106.8806319, -6.322443 ], [ 106.8805729, -6.3223977 ], [ 106.8805059, -6.322379 ], [ 106.8804281, -6.322411 ], [ 106.8803637, -6.3224804 ], [ 106.8803235, -6.322587 ], [ 106.8802779, -6.3226376 ], [ 106.8802081, -6.3226963 ], [ 106.880133, -6.322691 ], [ 106.8800794, -6.322627 ], [ 106.8800767, -6.3225443 ], [ 106.8800982, -6.322451 ], [ 106.8801196, -6.3223417 ], [ 106.8801491, -6.3222724 ], [ 106.880117, -6.3221791 ], [ 106.8800284, -6.3220152 ], [ 106.8799453, -6.3218672 ], [ 106.8799399, -6.3218072 ], [ 106.8799185, -6.3217632 ], [ 106.8798662, -6.3216779 ], [ 106.8797857, -6.3215979 ], [ 106.8797723, -6.3215953 ], [ 106.8796945, -6.3215806 ], [ 106.8795604, -6.3215553 ], [ 106.8794772, -6.3215286 ], [ 106.879437, -6.3214913 ], [ 106.8794035, -6.3214393 ], [ 106.8794021, -6.3213927 ], [ 106.8794424, -6.3213393 ], [ 106.879496, -6.3213087 ], [ 106.8795751, -6.321286 ], [ 106.8796771, -6.3212767 ], [ 106.8797656, -6.3212714 ], [ 106.8798554, -6.3212314 ], [ 106.8799218, -6.3211454 ], [ 106.879903, -6.3209561 ], [ 106.879903, -6.3207322 ], [ 106.8798843, -6.3206469 ], [ 106.879887, -6.3205669 ], [ 106.8799138, -6.3205003 ], [ 106.8800077, -6.3204629 ], [ 106.8801042, -6.3204763 ], [ 106.8803242, -6.3204576 ], [ 106.8804341, -6.3204469 ], [ 106.8806246, -6.3203456 ], [ 106.8806755, -6.320311 ], [ 106.8808257, -6.320255 ], [ 106.8809196, -6.3201777 ], [ 106.8809384, -6.320103 ], [ 106.8808713, -6.3200257 ], [ 106.8808096, -6.3199884 ], [ 106.8807023, -6.3199271 ], [ 106.8805629, -6.3198311 ], [ 106.8805468, -6.3197991 ], [ 106.8805682, -6.3197485 ], [ 106.8806326, -6.3196952 ], [ 106.8807426, -6.3197031 ], [ 106.8808552, -6.3197351 ], [ 106.8810698, -6.3197351 ], [ 106.8811389, -6.3196465 ], [ 106.8812059, -6.3195639 ], [ 106.8812167, -6.3194759 ], [ 106.881222, -6.3193959 ], [ 106.8812193, -6.3193079 ], [ 106.8811268, -6.3192433 ], [ 106.8810182, -6.31918 ], [ 106.8807768, -6.31906 ], [ 106.8807486, -6.319056 ], [ 106.8806749, -6.319024 ], [ 106.8805796, -6.318932 ], [ 106.8805287, -6.3188934 ], [ 106.8804563, -6.3188227 ], [ 106.8804442, -6.3187654 ], [ 106.8804683, -6.3186561 ], [ 106.8804723, -6.3185361 ], [ 106.8804858, -6.3184775 ], [ 106.8804925, -6.3183269 ], [ 106.8805099, -6.3182975 ], [ 106.8805421, -6.3182709 ], [ 106.8805783, -6.3182336 ], [ 106.8806078, -6.3181576 ], [ 106.8806091, -6.3181269 ], [ 106.8805944, -6.3180789 ], [ 106.8805756, -6.3180589 ], [ 106.8805407, -6.3180096 ], [ 106.8805474, -6.3179523 ], [ 106.8806199, -6.3178537 ], [ 106.8806799, -6.3177694 ], [ 106.8807875, -6.3176477 ], [ 106.8809458, -6.3174798 ], [ 106.8810316, -6.3173865 ], [ 106.8810665, -6.3173345 ], [ 106.8811053, -6.3172612 ], [ 106.8812153, -6.3171652 ], [ 106.8813065, -6.3170826 ], [ 106.8814312, -6.3169759 ], [ 106.8814889, -6.3169213 ], [ 106.8815506, -6.3168507 ], [ 106.8816592, -6.316772 ], [ 106.8817424, -6.316716 ], [ 106.881847, -6.3166 ], [ 106.8819248, -6.3165187 ], [ 106.8820119, -6.3165107 ], [ 106.8821353, -6.3165294 ], [ 106.8823338, -6.316572 ], [ 106.8824116, -6.3165827 ], [ 106.8824693, -6.3165574 ], [ 106.88248, -6.3164734 ], [ 106.8824746, -6.3162894 ], [ 106.8824518, -6.3161695 ], [ 106.8824786, -6.3160508 ], [ 106.8825135, -6.3159749 ], [ 106.8825779, -6.3159175 ], [ 106.8826865, -6.3158242 ], [ 106.8827495, -6.3156923 ], [ 106.8827948, -6.315594 ], [ 106.8828042, -6.315474 ], [ 106.8827975, -6.3153553 ], [ 106.8827988, -6.3152407 ], [ 106.8827948, -6.3149741 ], [ 106.8827908, -6.3149061 ], [ 106.8828042, -6.3148635 ], [ 106.8828511, -6.3148208 ], [ 106.8829651, -6.3148168 ], [ 106.8830482, -6.3148088 ], [ 106.8830804, -6.3147662 ], [ 106.8830979, -6.3147049 ], [ 106.883108, -6.3146029 ], [ 106.8831361, -6.3145842 ], [ 106.8832139, -6.3145309 ], [ 106.8832528, -6.3144989 ], [ 106.8832407, -6.3144403 ], [ 106.8831683, -6.3144136 ], [ 106.8830691, -6.3143963 ], [ 106.8830409, -6.3143856 ], [ 106.8830007, -6.314343 ], [ 106.882994, -6.3142737 ], [ 106.8830329, -6.3142043 ], [ 106.883108, -6.3141457 ], [ 106.883179, -6.3140164 ], [ 106.8831562, -6.3138991 ], [ 106.8831516, -6.3137797 ], [ 106.8831482, -6.3136898 ], [ 106.8831294, -6.3135459 ], [ 106.8830761, -6.313273 ] ] } },
{ "type": "Feature", "properties": { "waterway": "river", "name": "" }, "geometry": { "type": "LineString", "coordinates": [ [ 106.8980792, -6.3191592 ], [ 106.8981108, -6.3191105 ], [ 106.8981329, -6.3190639 ], [ 106.898155, -6.3190139 ], [ 106.8981657, -6.3189826 ], [ 106.8981738, -6.3189406 ], [ 106.8981999, -6.3189026 ], [ 106.8982187, -6.3188871 ], [ 106.8982496, -6.3188771 ], [ 106.8982791, -6.3188754 ], [ 106.8983431, -6.3188854 ], [ 106.8983944, -6.3188824 ], [ 106.8984118, -6.3188709 ], [ 106.8984259, -6.3188536 ], [ 106.8984467, -6.3188246 ], [ 106.8984648, -6.3188019 ], [ 106.8985081, -6.3187773 ], [ 106.89856, -6.318746 ], [ 106.8985915, -6.3187153 ], [ 106.8986217, -6.3186626 ], [ 106.8986472, -6.3185993 ], [ 106.898672, -6.3185403 ], [ 106.8987002, -6.3184964 ], [ 106.8987257, -6.3184637 ], [ 106.8987666, -6.3184091 ], [ 106.8988283, -6.3183797 ], [ 106.8988853, -6.3183691 ], [ 106.8989536, -6.3183624 ], [ 106.8990529, -6.3183604 ], [ 106.8991199, -6.3183651 ], [ 106.8992085, -6.3183657 ], [ 106.8992608, -6.3183737 ], [ 106.8993144, -6.3183891 ], [ 106.8993513, -6.3183917 ], [ 106.8993808, -6.3183584 ], [ 106.8994123, -6.3183307 ], [ 106.8994338, -6.3182861 ] ] } },
{ "type": "Feature", "properties": { "waterway": "river", "name": "" }, "geometry": { "type": "LineString", "coordinates": [ [ 106.8994338, -6.3182861 ], [ 106.8994848, -6.3182327 ] ] } },
{ "type": "Feature", "properties": { "waterway": "river", "name": "" }, "geometry": { "type": "LineString", "coordinates": [ [ 106.8994848, -6.3182327 ], [ 106.8995122, -6.3181448 ], [ 106.8995632, -6.3179069 ], [ 106.8995893, -6.3178309 ], [ 106.8996866, -6.3175843 ], [ 106.8997509, -6.3174923 ], [ 106.8998187, -6.3174177 ], [ 106.8999212, -6.317293 ], [ 106.8999863, -6.3172044 ], [ 106.9000459, -6.3171374 ], [ 106.9000808, -6.3170521 ], [ 106.9001251, -6.3168935 ], [ 106.9003035, -6.3164776 ], [ 106.9003444, -6.3163606 ], [ 106.9003745, -6.3162986 ], [ 106.9004342, -6.3162173 ], [ 106.9004704, -6.3161948 ], [ 106.9005056, -6.3161732 ], [ 106.9005714, -6.3161389 ], [ 106.9006015, -6.3161195 ], [ 106.90069, -6.3160747 ], [ 106.9007212, -6.3160564 ], [ 106.900791, -6.3160344 ], [ 106.9008768, -6.3159834 ], [ 106.9009921, -6.3159551 ], [ 106.9010692, -6.3159214 ], [ 106.9011293, -6.3159041 ], [ 106.9011842, -6.3158924 ], [ 106.9012694, -6.3158728 ], [ 106.901315, -6.3158324 ], [ 106.901319, -6.3157831 ], [ 106.9013163, -6.3156512 ], [ 106.9013083, -6.3155259 ], [ 106.9013083, -6.3154445 ], [ 106.9013297, -6.3153739 ], [ 106.9013821, -6.3153326 ], [ 106.9015215, -6.3152926 ], [ 106.9016811, -6.3152793 ], [ 106.9018407, -6.3153019 ], [ 106.9019024, -6.3153319 ], [ 106.901956, -6.3153786 ], [ 106.9020446, -6.3154732 ], [ 106.9020942, -6.3154999 ], [ 106.9021545, -6.3155199 ], [ 106.9023101, -6.3155305 ], [ 106.9024979, -6.3155585 ], [ 106.9026561, -6.3155652 ], [ 106.9027634, -6.3155632 ], [ 106.9028787, -6.3155858 ], [ 106.9029793, -6.3155792 ], [ 106.9030737, -6.3155516 ], [ 106.9031563, -6.3154745 ], [ 106.9032274, -6.3154372 ], [ 106.9034044, -6.3153599 ], [ 106.9034634, -6.3153666 ], [ 106.9036888, -6.3154652 ], [ 106.9037853, -6.3155172 ], [ 106.9038416, -6.3155159 ], [ 106.903961, -6.3154345 ], [ 106.9041353, -6.3153093 ], [ 106.9042118, -6.3152494 ] ] } },
{ "type": "Feature", "properties": { "waterway": "river", "name": "Kali Cipinang" }, "geometry": { "type": "LineString", "coordinates": [ [ 106.8830761, -6.313273 ], [ 106.8829943, -6.3129157 ] ] } },
{ "type": "Feature", "properties": { "waterway": "river", "name": "Kali Cipinang" }, "geometry": { "type": "LineString", "coordinates": [ [ 106.8829943, -6.3129157 ], [ 106.8829715, -6.3127637 ], [ 106.8829742, -6.3125985 ], [ 106.8830258, -6.3124152 ], [ 106.8831344, -6.3121072 ], [ 106.8831653, -6.311962 ], [ 106.8831653, -6.3117673 ], [ 106.8830834, -6.3114981 ], [ 106.8830272, -6.3112341 ], [ 106.8829306, -6.3109342 ], [ 106.8828689, -6.310729 ], [ 106.8827991, -6.3105797 ], [ 106.8825712, -6.3106183 ], [ 106.8824096, -6.310649 ], [ 106.8822634, -6.3106838 ], [ 106.8821036, -6.3107084 ], [ 106.8819631, -6.3106497 ], [ 106.8818837, -6.3105811 ], [ 106.8818419, -6.3104285 ], [ 106.8818466, -6.3102634 ], [ 106.881765, -6.3100425 ], [ 106.881639, -6.3098919 ], [ 106.8814978, -6.3098334 ], [ 106.8812851, -6.3097571 ], [ 106.881159, -6.3096106 ], [ 106.8811005, -6.3094788 ], [ 106.8811054, -6.3092796 ], [ 106.8811661, -6.3088115 ], [ 106.8811435, -6.3086389 ], [ 106.8810845, -6.3084496 ], [ 106.8809424, -6.3082496 ], [ 106.8808445, -6.308147 ], [ 106.8807707, -6.3080937 ], [ 106.8805447, -6.3078331 ], [ 106.8804535, -6.3077238 ], [ 106.880418, -6.3076138 ], [ 106.8803161, -6.3075098 ], [ 106.880234, -6.3074778 ], [ 106.879598, -6.3073581 ], [ 106.8794558, -6.3072873 ], [ 106.8794009, -6.3071456 ] ] } },
{ "type": "Feature", "properties": { "waterway": "river", "name": "" }, "geometry": { "type": "LineString", "coordinates": [ [ 106.8794009, -6.3071456 ], [ 106.8792466, -6.3062258 ] ] } },
{ "type": "Feature", "properties": { "waterway": "river", "name": "Kali Cipinang" }, "geometry": { "type": "LineString", "coordinates": [ [ 106.8792466, -6.3062258 ], [ 106.8792593, -6.3054824 ], [ 106.8792491, -6.305403 ], [ 106.8791359, -6.3052638 ], [ 106.8787556, -6.3050831 ], [ 106.878342, -6.3051092 ], [ 106.8782245, -6.3050671 ], [ 106.8781811, -6.3049386 ], [ 106.8781757, -6.3047786 ], [ 106.8781274, -6.3043521 ], [ 106.8781119, -6.3041606 ], [ 106.8777787, -6.3039842 ], [ 106.8774944, -6.3038882 ], [ 106.8775218, -6.3037714 ], [ 106.8774032, -6.3037176 ], [ 106.8773603, -6.3036269 ], [ 106.877371, -6.3034829 ], [ 106.8774569, -6.3033656 ], [ 106.8773818, -6.3032217 ], [ 106.8773067, -6.3028111 ], [ 106.8772637, -6.3025818 ], [ 106.8772262, -6.3023472 ], [ 106.8771404, -6.3022619 ], [ 106.8768131, -6.3021286 ], [ 106.8763357, -6.301814 ] ] } },
{ "type": "Feature", "properties": { "waterway": "river", "name": "Kali Cipinang" }, "geometry": { "type": "LineString", "coordinates": [ [ 106.8763357, -6.301814 ], [ 106.8761802, -6.3017727 ], [ 106.875987, -6.3016647 ], [ 106.875848, -6.3016366 ], [ 106.8757729, -6.3017239 ], [ 106.8757904, -6.3019878 ], [ 106.8757436, -6.3020353 ], [ 106.8754211, -6.3020046 ], [ 106.8752521, -6.3022092 ], [ 106.8750805, -6.302228 ], [ 106.8749207, -6.3021898 ], [ 106.87489, -6.3021126 ], [ 106.8749468, -6.3020332 ], [ 106.875016, -6.301926 ], [ 106.8750093, -6.3018018 ], [ 106.8749616, -6.3017252 ], [ 106.8748497, -6.3016594 ], [ 106.8746244, -6.3015901 ], [ 106.8745386, -6.3014515 ], [ 106.8745493, -6.3013395 ], [ 106.8745815, -6.3011049 ], [ 106.8746483, -6.3009213 ] ] } },
{ "type": "Feature", "properties": { "waterway": "canal", "name": "Kali Baru Barat" }, "geometry": { "type": "LineString", "coordinates": [ [ 106.8350016, -6.3319177 ], [ 106.8349999, -6.3317138 ] ] } },
{ "type": "Feature", "properties": { "waterway": "canal", "name": "Kali Baru Barat" }, "geometry": { "type": "LineString", "coordinates": [ [ 106.8349999, -6.3317138 ], [ 106.8349989, -6.3315924 ], [ 106.8349962, -6.3314778 ], [ 106.8349801, -6.3313632 ], [ 106.8349265, -6.3311632 ], [ 106.8348326, -6.3308993 ], [ 106.8346797, -6.3305981 ], [ 106.8345649, -6.3303907 ], [ 106.8342264, -6.3297077 ], [ 106.8339394, -6.3291212 ], [ 106.8337812, -6.3288413 ], [ 106.8337629, -6.3287912 ], [ 106.8337222, -6.328724 ], [ 106.8336766, -6.3286387 ], [ 106.833631, -6.3285454 ], [ 106.8335792, -6.3284793 ], [ 106.8335251, -6.3283348 ], [ 106.8334687, -6.3282335 ], [ 106.8334553, -6.3281775 ], [ 106.8334446, -6.3280815 ], [ 106.8334392, -6.3279722 ], [ 106.8334365, -6.3278176 ], [ 106.8334446, -6.327687 ], [ 106.8334553, -6.327559 ], [ 106.8334553, -6.3270125 ], [ 106.8334446, -6.3269325 ], [ 106.8334285, -6.3267699 ], [ 106.8334339, -6.3266766 ], [ 106.8334339, -6.326578 ], [ 106.83345, -6.326498 ], [ 106.83345, -6.3264233 ], [ 106.8334392, -6.3262554 ], [ 106.8334398, -6.3261413 ], [ 106.8334553, -6.3260101 ], [ 106.8334821, -6.3258848 ], [ 106.8335792, -6.3255361 ], [ 106.8336216, -6.325437 ], [ 106.8336838, -6.3253522 ], [ 106.8338737, -6.3250771 ], [ 106.8341876, -6.3245732 ], [ 106.8343217, -6.3243466 ], [ 106.8344858, -6.3241286 ], [ 106.8345523, -6.3240054 ], [ 106.8345792, -6.3239281 ], [ 106.8346435, -6.3237495 ], [ 106.8347186, -6.3235975 ], [ 106.8348152, -6.3234642 ], [ 106.8349198, -6.3233176 ], [ 106.8350915, -6.3230937 ], [ 106.8355984, -6.3224272 ], [ 106.8356923, -6.3222699 ], [ 106.8357432, -6.3221739 ], [ 106.8358023, -6.322006 ], [ 106.835872, -6.3216407 ], [ 106.8359069, -6.3214675 ], [ 106.8359229, -6.3213315 ], [ 106.8359203, -6.3212355 ], [ 106.8358993, -6.3211188 ], [ 106.8358478, -6.3210089 ], [ 106.8356762, -6.3208063 ], [ 106.835526, -6.3205877 ], [ 106.8354938, -6.3204757 ], [ 106.8354425, -6.3200836 ] ] } },
{ "type": "Feature", "properties": { "waterway": "canal", "name": "Kali Baru Barat" }, "geometry": { "type": "LineString", "coordinates": [ [ 106.8354425, -6.3200836 ], [ 106.8354376, -6.3200465 ] ] } },
{ "type": "Feature", "properties": { "waterway": "drain", "name": "" }, "geometry": { "type": "LineString", "coordinates": [ [ 106.8210092, -6.3161065 ], [ 106.8206053, -6.316178 ], [ 106.820503, -6.3161757 ] ] } },
{ "type": "Feature", "properties": { "waterway": "drain", "name": "" }, "geometry": { "type": "LineString", "coordinates": [ [ 106.8215915, -6.315726 ], [ 106.8217725, -6.3156368 ], [ 106.8218135, -6.3156154 ] ] } },
{ "type": "Feature", "properties": { "waterway": "canal", "name": "Kali Baru Barat" }, "geometry": { "type": "LineString", "coordinates": [ [ 106.8354376, -6.3200465 ], [ 106.8354348, -6.3200252 ], [ 106.8353168, -6.319588 ], [ 106.8352873, -6.3194067 ], [ 106.8351912, -6.3188154 ], [ 106.8351988, -6.3186589 ], [ 106.8352095, -6.3183963 ], [ 106.8352685, -6.3179778 ], [ 106.835349, -6.3173913 ], [ 106.8354321, -6.3171753 ], [ 106.8355743, -6.3169461 ], [ 106.8358534, -6.3163267 ], [ 106.8359128, -6.3161601 ], [ 106.8359116, -6.3160535 ], [ 106.8358881, -6.3159623 ], [ 106.8358934, -6.315853 ], [ 106.8359476, -6.3155358 ], [ 106.836041, -6.31496 ], [ 106.8360893, -6.314816 ], [ 106.8361314, -6.3146232 ], [ 106.8361885, -6.3144068 ], [ 106.8362019, -6.3139309 ], [ 106.8362287, -6.3136883 ], [ 106.8363027, -6.3133913 ], [ 106.8363092, -6.3129578 ], [ 106.8363741, -6.3127078 ], [ 106.8364982, -6.3122206 ], [ 106.8366391, -6.3111477 ], [ 106.8366793, -6.3107851 ], [ 106.8366572, -6.3105938 ], [ 106.8366584, -6.3103671 ], [ 106.8367142, -6.3099293 ], [ 106.8367951, -6.309592 ], [ 106.8369422, -6.3089616 ], [ 106.8369883, -6.3087462 ], [ 106.8370495, -6.308503 ], [ 106.8371205, -6.3080801 ], [ 106.8371514, -6.3077486 ], [ 106.8371702, -6.3075513 ], [ 106.8372131, -6.3072393 ], [ 106.8372238, -6.3070021 ], [ 106.8371943, -6.3067301 ], [ 106.8371782, -6.3065622 ], [ 106.8371975, -6.3064054 ], [ 106.8372185, -6.3062743 ], [ 106.8372775, -6.305965 ], [ 106.8372869, -6.3058384 ], [ 106.837314, -6.3056298 ], [ 106.8373186, -6.3055399 ], [ 106.8373213, -6.305453 ], [ 106.8373195, -6.305332 ], [ 106.8373095, -6.3052174 ], [ 106.8373022, -6.3051144 ], [ 106.8372546, -6.3046773 ], [ 106.8372493, -6.3045974 ], [ 106.8372841, -6.3043334 ], [ 106.8372949, -6.3042481 ], [ 106.8372949, -6.3041255 ], [ 106.8372761, -6.3040028 ], [ 106.8372627, -6.3038615 ], [ 106.8372171, -6.3036136 ], [ 106.8371956, -6.3035043 ], [ 106.8371983, -6.303323 ], [ 106.8371881, -6.3032062 ], [ 106.8371584, -6.303092 ], [ 106.8371169, -6.3029617 ], [ 106.8370418, -6.3028655 ], [ 106.8369982, -6.3028163 ], [ 106.836945, -6.3027793 ], [ 106.8368789, -6.3027169 ], [ 106.8368363, -6.3026659 ], [ 106.8367845, -6.3025892 ], [ 106.8367505, -6.3025097 ], [ 106.8367272, -6.3024339 ], [ 106.8367135, -6.3022858 ], [ 106.8366877, -6.3021486 ], [ 106.8366766, -6.3021016 ] ] } },
{ "type": "Feature", "properties": { "waterway": "canal", "name": "Kali Baru Barat" }, "geometry": { "type": "LineString", "coordinates": [ [ 106.8366766, -6.3021016 ], [ 106.8365009, -6.3013555 ], [ 106.8364894, -6.3013071 ] ] } },
{ "type": "Feature", "properties": { "waterway": "river", "name": "" }, "geometry": { "type": "LineString", "coordinates": [ [ 106.8320954, -6.2900035 ], [ 106.832149, -6.2898649 ], [ 106.8322911, -6.2896742 ], [ 106.8324387, -6.2894277 ], [ 106.8325889, -6.2891397 ], [ 106.8328404, -6.2891298 ] ] } },
{ "type": "Feature", "properties": { "waterway": "river", "name": "" }, "geometry": { "type": "LineString", "coordinates": [ [ 106.8328404, -6.2891298 ], [ 106.8329061, -6.2891238 ] ] } },
{ "type": "Feature", "properties": { "waterway": "drain", "name": "" }, "geometry": { "type": "LineString", "coordinates": [ [ 106.8478202, -6.2884394 ], [ 106.8479205, -6.2883688 ], [ 106.848096, -6.2883065 ], [ 106.8481337, -6.2882566 ], [ 106.848326, -6.2882234 ], [ 106.8484967, -6.2880443 ] ] } },
{ "type": "Feature", "properties": { "waterway": "river", "name": "" }, "geometry": { "type": "LineString", "coordinates": [ [ 106.8494491, -6.321656 ], [ 106.8496544, -6.3220086 ], [ 106.8497131, -6.3220809 ], [ 106.8500093, -6.3221059 ], [ 106.8501411, -6.3221235 ], [ 106.8501972, -6.3221297 ], [ 106.8502367, -6.3221278 ], [ 106.8502656, -6.322015 ], [ 106.8503044, -6.3218771 ], [ 106.8503123, -6.3215686 ], [ 106.8503353, -6.3214752 ], [ 106.8504051, -6.3214277 ], [ 106.8505356, -6.3213874 ], [ 106.8506814, -6.3213696 ], [ 106.8507636, -6.3213877 ], [ 106.850836, -6.3214237 ], [ 106.8509513, -6.3215016 ], [ 106.851011, -6.321575 ], [ 106.8510587, -6.3216662 ], [ 106.8512434, -6.3219688 ], [ 106.8513274, -6.3220548 ], [ 106.8513663, -6.3220834 ], [ 106.8514211, -6.3220948 ], [ 106.8514944, -6.3220694 ], [ 106.8515833, -6.3219848 ], [ 106.8516922, -6.3219149 ], [ 106.8517858, -6.3218809 ], [ 106.8518384, -6.3218622 ], [ 106.8519037, -6.3217859 ], [ 106.8519547, -6.321582 ], [ 106.8519748, -6.3213114 ], [ 106.8519721, -6.3210794 ], [ 106.8518085, -6.3210008 ], [ 106.8515979, -6.3209102 ], [ 106.8514531, -6.3207742 ], [ 106.8514075, -6.3205916 ], [ 106.8514209, -6.3203916 ], [ 106.8515255, -6.3202557 ], [ 106.8516797, -6.3201557 ], [ 106.8517736, -6.3201904 ], [ 106.8519104, -6.3202037 ], [ 106.8520284, -6.3201397 ], [ 106.8521116, -6.3200357 ], [ 106.8522162, -6.3198331 ], [ 106.8523637, -6.3196012 ], [ 106.8525139, -6.3194626 ], [ 106.852707, -6.3193746 ], [ 106.8528921, -6.3193906 ], [ 106.8530503, -6.3193879 ], [ 106.8531389, -6.3192786 ], [ 106.8533615, -6.318996 ], [ 106.8535546, -6.3189374 ], [ 106.8538443, -6.3188414 ], [ 106.853965, -6.3189374 ], [ 106.8541581, -6.31902 ], [ 106.8544176, -6.319054 ], [ 106.85468, -6.3190519 ], [ 106.8548302, -6.3188506 ], [ 106.8551145, -6.318716 ], [ 106.8551615, -6.3186067 ], [ 106.8552178, -6.3183961 ], [ 106.8552872, -6.3182378 ], [ 106.8553596, -6.3181872 ], [ 106.8554347, -6.3181712 ], [ 106.855546, -6.3181925 ], [ 106.8557794, -6.3182965 ], [ 106.855947, -6.3183764 ], [ 106.8560208, -6.3184124 ], [ 106.8561066, -6.3184324 ], [ 106.8561562, -6.3184431 ], [ 106.856238, -6.3184258 ], [ 106.8563507, -6.3183591 ], [ 106.8564513, -6.3182751 ], [ 106.8566296, -6.3181272 ], [ 106.8567208, -6.3180565 ], [ 106.8567765, -6.3180332 ], [ 106.8568355, -6.3180639 ], [ 106.8569025, -6.3181052 ], [ 106.8570004, -6.3181279 ], [ 106.8571117, -6.3180812 ], [ 106.857329, -6.3179652 ], [ 106.8574617, -6.3178746 ], [ 106.8575154, -6.3178026 ], [ 106.857557, -6.3176933 ], [ 106.8575623, -6.3176267 ], [ 106.8576562, -6.3176213 ], [ 106.8578426, -6.3176227 ], [ 106.857911, -6.3175614 ], [ 106.8579459, -6.3174734 ], [ 106.8579016, -6.3173387 ], [ 106.8579311, -6.3172561 ], [ 106.8580223, -6.3170388 ], [ 106.8580733, -6.3169828 ], [ 106.8581358, -6.3170029 ], [ 106.8582538, -6.3170616 ], [ 106.8584335, -6.3170536 ], [ 106.8587527, -6.3169629 ], [ 106.8589351, -6.3168563 ], [ 106.858978, -6.3166857 ], [ 106.8591014, -6.3164057 ], [ 106.859151, -6.3161458 ], [ 106.8591135, -6.3160552 ], [ 106.858974, -6.3160418 ], [ 106.8588318, -6.3159939 ], [ 106.8586763, -6.3158019 ], [ 106.8585931, -6.3156953 ], [ 106.8584081, -6.315402 ], [ 106.858341, -6.3152927 ], [ 106.8583236, -6.3151288 ], [ 106.8582699, -6.3149342 ], [ 106.8582619, -6.3148302 ], [ 106.8582297, -6.3146462 ], [ 106.8581948, -6.3145583 ], [ 106.8581197, -6.3145156 ], [ 106.8579507, -6.3145129 ], [ 106.8578113, -6.3145156 ], [ 106.8576262, -6.314433 ], [ 106.8575323, -6.3142597 ], [ 106.8575055, -6.3140784 ], [ 106.8575645, -6.3139611 ], [ 106.857653, -6.3138305 ], [ 106.8577549, -6.3137558 ], [ 106.8578113, -6.3136865 ], [ 106.8579615, -6.3136145 ], [ 106.85805, -6.3135345 ], [ 106.8581144, -6.3134572 ], [ 106.858219, -6.3133612 ], [ 106.8583343, -6.3132919 ], [ 106.8584335, -6.3132893 ], [ 106.8585542, -6.3132013 ], [ 106.8586401, -6.313108 ], [ 106.8586937, -6.312948 ], [ 106.8587259, -6.3127881 ], [ 106.8588359, -6.3125428 ], [ 106.8588573, -6.3124095 ], [ 106.8588251, -6.3123349 ], [ 106.8588949, -6.3121642 ], [ 106.8589297, -6.3119723 ], [ 106.8588225, -6.311687 ], [ 106.8586803, -6.3114551 ], [ 106.8586293, -6.3112392 ], [ 106.8583943, -6.3109859 ] ] } },
{ "type": "Feature", "properties": { "waterway": "river", "name": "Ci Liwung" }, "geometry": { "type": "LineString", "coordinates": [ [ 106.8491441, -6.3186922 ], [ 106.8493634, -6.3186389 ], [ 106.8495056, -6.3183644 ], [ 106.8494289, -6.3179493 ], [ 106.8494359, -6.3175939 ], [ 106.8495791, -6.3173335 ], [ 106.8500152, -6.3170953 ], [ 106.8506735, -6.3167576 ], [ 106.8513362, -6.3164155 ], [ 106.8516755, -6.3162156 ], [ 106.8518471, -6.3160023 ], [ 106.8518857, -6.3158399 ], [ 106.8518324, -6.3156664 ], [ 106.8516349, -6.3153374 ], [ 106.8513751, -6.3150212 ], [ 106.8512892, -6.3146586 ], [ 106.8513751, -6.3142321 ], [ 106.8517828, -6.3134004 ], [ 106.8522978, -6.3124833 ], [ 106.8523192, -6.3120994 ], [ 106.8522763, -6.3117368 ], [ 106.8523575, -6.3111555 ], [ 106.8524814, -6.3109737 ], [ 106.8526388, -6.31091 ], [ 106.8528223, -6.3109057 ], [ 106.8530262, -6.3110134 ], [ 106.8532936, -6.3112763 ], [ 106.8543707, -6.3120529 ], [ 106.8547224, -6.3124122 ], [ 106.8548273, -6.3125837 ], [ 106.8548501, -6.3128004 ], [ 106.8547516, -6.313199 ], [ 106.8547774, -6.3135015 ], [ 106.8548699, -6.3136727 ], [ 106.8550059, -6.3138209 ], [ 106.8552167, -6.3138561 ], [ 106.8554249, -6.3138191 ], [ 106.8558835, -6.3135959 ], [ 106.8565785, -6.3129172 ], [ 106.8572085, -6.3123693 ], [ 106.85804, -6.3116402 ], [ 106.8583324, -6.3112883 ], [ 106.8583973, -6.3111169 ], [ 106.8583943, -6.3109859 ], [ 106.8583922, -6.3108974 ], [ 106.8582278, -6.3106751 ], [ 106.8580376, -6.3105495 ], [ 106.8578104, -6.31055 ], [ 106.8574486, -6.3106591 ], [ 106.8572054, -6.3106326 ], [ 106.8569335, -6.3104135 ], [ 106.8568554, -6.3100588 ], [ 106.8568979, -6.3095498 ], [ 106.8569899, -6.3092108 ], [ 106.857082, -6.308969 ], [ 106.8572116, -6.3087082 ], [ 106.8573725, -6.3084198 ], [ 106.8576512, -6.3081299 ], [ 106.8577412, -6.3079884 ], [ 106.8578124, -6.3077912 ], [ 106.8578361, -6.3075964 ], [ 106.8577848, -6.3074094 ], [ 106.857674, -6.3072427 ], [ 106.8576024, -6.3070361 ], [ 106.8575387, -6.3067965 ], [ 106.8575192, -6.3065213 ], [ 106.8575924, -6.3062915 ], [ 106.8576657, -6.3062041 ], [ 106.8577602, -6.3061102 ], [ 106.8579626, -6.3060637 ], [ 106.8582327, -6.3060257 ], [ 106.8585043, -6.3058529 ] ] } },
{ "type": "Feature", "properties": { "waterway": "drain", "name": "" }, "geometry": { "type": "LineString", "coordinates": [ [ 106.8733229, -6.2991426 ], [ 106.873382, -6.2993114 ], [ 106.8733867, -6.299356 ], [ 106.8733726, -6.2993867 ], [ 106.8733518, -6.2993993 ], [ 106.8733229, -6.2993993 ], [ 106.8732257, -6.2993187 ], [ 106.8732009, -6.2993127 ], [ 106.8731815, -6.299322 ], [ 106.8731788, -6.2993367 ], [ 106.873276, -6.299426 ], [ 106.873282, -6.2994433 ], [ 106.8732693, -6.299468 ], [ 106.8732465, -6.2994707 ], [ 106.8731929, -6.2994287 ], [ 106.8731801, -6.2994253 ], [ 106.8731714, -6.2994373 ], [ 106.8731882, -6.2994953 ], [ 106.8731788, -6.2995033 ], [ 106.8730842, -6.2995113 ] ] } },
{ "type": "Feature", "properties": { "waterway": "drain", "name": "" }, "geometry": { "type": "LineString", "coordinates": [ [ 106.873454, -6.2991103 ], [ 106.8734752, -6.2991907 ] ] } },
{ "type": "Feature", "properties": { "waterway": "river", "name": "Ci Liwung" }, "geometry": { "type": "LineString", "coordinates": [ [ 106.8585043, -6.3058529 ], [ 106.8585808, -6.3057995 ], [ 106.8586243, -6.3055325 ], [ 106.8585962, -6.3054486 ], [ 106.8584741, -6.3052019 ], [ 106.8583722, -6.3050526 ], [ 106.8581898, -6.30493 ], [ 106.8575641, -6.3046696 ], [ 106.8567655, -6.3044475 ], [ 106.8561057, -6.3042075 ], [ 106.8551535, -6.3036876 ], [ 106.8547405, -6.3033624 ], [ 106.8544722, -6.3030185 ], [ 106.8543865, -6.3027918 ], [ 106.8543954, -6.3024949 ], [ 106.8544706, -6.3023196 ], [ 106.8545952, -6.302173 ], [ 106.8548072, -6.3018866 ], [ 106.8550057, -6.3014931 ], [ 106.8551248, -6.3011746 ], [ 106.8551151, -6.3011646 ], [ 106.8550716, -6.3006143 ], [ 106.8550513, -6.3002502 ], [ 106.8549846, -6.2999108 ], [ 106.8549194, -6.2995671 ], [ 106.8547754, -6.2994 ], [ 106.8544396, -6.2993903 ], [ 106.8538939, -6.2995396 ], [ 106.8534193, -6.2997361 ], [ 106.8529686, -6.2997754 ], [ 106.8526997, -6.2997676 ], [ 106.8525062, -6.2998326 ], [ 106.8523438, -6.2999327 ], [ 106.8522621, -6.3000326 ], [ 106.8522138, -6.3001605 ], [ 106.8522014, -6.3003414 ], [ 106.8520749, -6.300758 ], [ 106.8518785, -6.3010137 ], [ 106.8517364, -6.3011123 ], [ 106.8516192, -6.3011179 ], [ 106.8513957, -6.3009577 ], [ 106.8513074, -6.3008966 ], [ 106.8511657, -6.3007966 ], [ 106.8507601, -6.3005178 ], [ 106.8504087, -6.3001979 ], [ 106.8499956, -6.2998033 ], [ 106.8498159, -6.2995767 ], [ 106.8497408, -6.2994887 ], [ 106.8496572, -6.2991929 ], [ 106.8496529, -6.2989945 ], [ 106.8496791, -6.2988598 ], [ 106.8497899, -6.2987439 ], [ 106.8500303, -6.298683 ], [ 106.8504093, -6.2987033 ], [ 106.850727, -6.2987656 ], [ 106.8511744, -6.2989583 ], [ 106.8513318, -6.2991249 ], [ 106.8514061, -6.2992176 ], [ 106.8514907, -6.2993059 ], [ 106.8515257, -6.2994209 ], [ 106.8516073, -6.2994625 ], [ 106.8517373, -6.299486 ], [ 106.851895, -6.2994155 ], [ 106.851981, -6.299377 ], [ 106.8520854, -6.2993472 ], [ 106.8521724, -6.2992597 ], [ 106.8522165, -6.2991678 ], [ 106.8522975, -6.2988683 ], [ 106.8523427, -6.2985857 ], [ 106.8523314, -6.2982013 ], [ 106.8522861, -6.2978932 ], [ 106.8521459, -6.2977055 ], [ 106.8518618, -6.2975334 ], [ 106.8509746, -6.2970076 ], [ 106.8506136, -6.2967001 ], [ 106.8504546, -6.2964854 ], [ 106.8504191, -6.2964064 ], [ 106.8504009, -6.2963103 ], [ 106.8504385, -6.2961864 ], [ 106.8505019, -6.2960839 ], [ 106.8507157, -6.2959034 ], [ 106.8508349, -6.2958362 ], [ 106.8512399, -6.2957112 ], [ 106.8514634, -6.2956717 ], [ 106.8517801, -6.2956686 ], [ 106.851827, -6.2956736 ], [ 106.8522928, -6.295723 ], [ 106.8524515, -6.295746 ], [ 106.8525989, -6.29577 ], [ 106.8528654, -6.2958287 ], [ 106.8530824, -6.2958714 ], [ 106.8531898, -6.295896 ], [ 106.8533091, -6.2959344 ], [ 106.8537205, -6.2961576 ], [ 106.8540203, -6.2962601 ], [ 106.8541427, -6.2962633 ], [ 106.8542609, -6.2962281 ], [ 106.8543898, -6.2960722 ], [ 106.8544346, -6.2957944 ], [ 106.8544338, -6.2951996 ], [ 106.8544382, -6.2943722 ], [ 106.8543307, -6.2940411 ], [ 106.8541954, -6.2938201 ], [ 106.8539977, -6.2936802 ], [ 106.8538677, -6.2936225 ], [ 106.8537656, -6.2936407 ], [ 106.8536475, -6.2937304 ], [ 106.8535316, -6.2937594 ], [ 106.8533961, -6.2938062 ], [ 106.8532639, -6.2938596 ], [ 106.8532016, -6.2938927 ], [ 106.8531221, -6.2939867 ], [ 106.8530426, -6.2940881 ], [ 106.8528149, -6.2943134 ], [ 106.852716, -6.2944597 ], [ 106.8526269, -6.2945729 ], [ 106.8525087, -6.2945975 ], [ 106.8524131, -6.2945857 ], [ 106.8523329, -6.2944868 ], [ 106.852412, -6.2940151 ], [ 106.8526651, -6.2936949 ], [ 106.8528391, -6.2934963 ], [ 106.8530447, -6.2932291 ], [ 106.8532007, -6.2931095 ], [ 106.8535063, -6.2927825 ], [ 106.8537748, -6.2924789 ], [ 106.8540298, -6.2921287 ], [ 106.8543742, -6.2916103 ], [ 106.8544846, -6.2913108 ], [ 106.8545739, -6.2909923 ], [ 106.8546166, -6.290632 ] ] } },
{ "type": "Feature", "properties": { "waterway": "drain", "name": "" }, "geometry": { "type": "LineString", "coordinates": [ [ 106.8740867, -6.2975631 ], [ 106.8738788, -6.2974285 ] ] } },
{ "type": "Feature", "properties": { "waterway": "drain", "name": "" }, "geometry": { "type": "LineString", "coordinates": [ [ 106.8537211, -6.2951605 ], [ 106.8540175, -6.2951985 ], [ 106.8542438, -6.295209 ], [ 106.8544338, -6.2951996 ] ] } },
{ "type": "Feature", "properties": { "waterway": "river", "name": "Kali Cipinang" }, "geometry": { "type": "LineString", "coordinates": [ [ 106.8746483, -6.3009213 ], [ 106.8747586, -6.3008223 ], [ 106.874802, -6.3007268 ], [ 106.8747532, -6.3006463 ], [ 106.8745982, -6.3006042 ], [ 106.8745547, -6.3005557 ], [ 106.8746017, -6.3004397 ], [ 106.8746418, -6.3000104 ], [ 106.8746083, -6.2998962 ], [ 106.874507, -6.299851 ], [ 106.8744239, -6.2998738 ], [ 106.8741891, -6.3001003 ], [ 106.8739727, -6.3001894 ], [ 106.8738425, -6.300272 ], [ 106.8737541, -6.3005104 ], [ 106.8736642, -6.3006556 ], [ 106.8735574, -6.3007002 ], [ 106.873455, -6.3006836 ], [ 106.873358, -6.300606 ], [ 106.8732735, -6.300566 ], [ 106.8732119, -6.3004967 ], [ 106.8731381, -6.3004367 ], [ 106.8730724, -6.3003168 ], [ 106.8730429, -6.3001554 ], [ 106.8730495, -6.3000274 ], [ 106.8730871, -6.2999049 ], [ 106.8731086, -6.2997502 ], [ 106.8731033, -6.2996609 ], [ 106.8730885, -6.2995982 ], [ 106.8730842, -6.2995113 ], [ 106.873, -6.299333 ], [ 106.8729758, -6.2992756 ], [ 106.8729168, -6.299225 ], [ 106.872784, -6.2991384 ], [ 106.8727599, -6.299013 ], [ 106.8728142, -6.2988904 ], [ 106.8730221, -6.2986691 ], [ 106.87312, -6.2983652 ], [ 106.8731481, -6.2982546 ], [ 106.8733215, -6.2981944 ], [ 106.8736792, -6.2983052 ], [ 106.8739206, -6.2982879 ], [ 106.8740922, -6.2981359 ], [ 106.8741969, -6.2979546 ], [ 106.8741882, -6.2978633 ], [ 106.8739065, -6.2975914 ], [ 106.8738788, -6.2974285 ], [ 106.8739105, -6.2972115 ], [ 106.8742646, -6.2971928 ], [ 106.8744112, -6.2970891 ], [ 106.8743965, -6.2970352 ], [ 106.8743535, -6.2970012 ], [ 106.874278, -6.2970075 ], [ 106.874219, -6.2969849 ], [ 106.874215, -6.2969102 ], [ 106.8742901, -6.2968169 ], [ 106.8741506, -6.2964437 ], [ 106.8742056, -6.296293 ], [ 106.8743692, -6.2962457 ], [ 106.8744671, -6.2961396 ], [ 106.87451, -6.2961009 ], [ 106.8746307, -6.2960063 ], [ 106.8747232, -6.295937 ], [ 106.8748091, -6.2959116 ], [ 106.8749633, -6.2959123 ], [ 106.8750331, -6.2959037 ], [ 106.8751333, -6.2958643 ], [ 106.8751967, -6.295831 ], [ 106.8752265, -6.2957629 ], [ 106.8752413, -6.2956744 ], [ 106.8752076, -6.2956121 ], [ 106.8752082, -6.2954572 ], [ 106.8752278, -6.2952333 ], [ 106.8752354, -6.2951734 ], [ 106.8752636, -6.2950788 ], [ 106.8752622, -6.2950021 ], [ 106.875224, -6.2949575 ], [ 106.8751204, -6.2948917 ], [ 106.8749353, -6.294835 ], [ 106.8748638, -6.294807 ], [ 106.874839, -6.2947717 ], [ 106.8748236, -6.2947284 ], [ 106.8748048, -6.2947017 ], [ 106.8747759, -6.2946484 ], [ 106.8747156, -6.2946214 ], [ 106.8743967, -6.294676 ], [ 106.8740773, -6.2947387 ], [ 106.873852, -6.2946907 ], [ 106.8737983, -6.294632 ], [ 106.8737929, -6.2944881 ], [ 106.8737822, -6.2943174 ], [ 106.873616, -6.2939493 ], [ 106.8735845, -6.2935956 ], [ 106.8737741, -6.2931254 ], [ 106.8737796, -6.2930517 ], [ 106.8737571, -6.2929869 ], [ 106.8737393, -6.2929601 ], [ 106.8736132, -6.2928295 ], [ 106.8731787, -6.2927149 ], [ 106.873125, -6.2927122 ], [ 106.8730902, -6.2926909 ], [ 106.8730848, -6.2926482 ], [ 106.8732484, -6.2923923 ], [ 106.8732189, -6.2921736 ], [ 106.8731089, -6.2920483 ], [ 106.8730848, -6.2919524 ], [ 106.8732404, -6.2918057 ], [ 106.8732841, -6.2915694 ], [ 106.8732296, -6.2914711 ], [ 106.8732833, -6.2909019 ], [ 106.8732243, -6.2908379 ], [ 106.8732699, -6.29075 ], [ 106.8732645, -6.2906087 ], [ 106.872838, -6.2896222 ], [ 106.8726457, -6.2893299 ], [ 106.8724656, -6.2892763 ], [ 106.8721093, -6.2889265 ], [ 106.8718175, -6.2883293 ], [ 106.8718518, -6.2880819 ], [ 106.8719733, -6.2878333 ], [ 106.8721314, -6.2875099 ] ] } },
{ "type": "Feature", "properties": { "waterway": "river", "name": "" }, "geometry": { "type": "LineString", "coordinates": [ [ 106.8719878, -6.2938212 ], [ 106.8720085, -6.2936019 ] ] } },
{ "type": "Feature", "properties": { "waterway": "drain", "name": "" }, "geometry": { "type": "LineString", "coordinates": [ [ 106.8520971, -6.2901569 ], [ 106.8520994, -6.2902287 ], [ 106.8520089, -6.2902682 ], [ 106.8519978, -6.2905593 ], [ 106.8520003, -6.2906374 ], [ 106.8517009, -6.2907911 ], [ 106.8516591, -6.2908399 ], [ 106.8516472, -6.2909326 ], [ 106.8516377, -6.2910063 ], [ 106.8516528, -6.2910562 ], [ 106.8516633, -6.2911054 ] ] } },
{ "type": "Feature", "properties": { "waterway": "river", "name": "Krukut" }, "geometry": { "type": "MultiLineString", "coordinates": [ [ [ 106.794592657331449, -6.364368976036297 ], [ 106.7946119, -6.3642965 ], [ 106.7944629, -6.3642357 ], [ 106.79423635266437, -6.364359138210871 ] ], [ [ 106.793809085501834, -6.364390676412379 ], [ 106.793803679699181, -6.364385492076501 ] ], [ [ 106.793703427443887, -6.364043867043377 ], [ 106.7936868, -6.3639792 ], [ 106.7937299, -6.3639073 ], [ 106.7936468, -6.3637272 ], [ 106.7931658, -6.3635061 ] ], [ [ 106.7931658, -6.3635061 ], [ 106.793085181579343, -6.363433080856693 ] ], [ [ 106.793224805898873, -6.362930679012059 ], [ 106.7932516, -6.3628473 ], [ 106.7934194, -6.3627225 ], [ 106.793506, -6.3624501 ], [ 106.7935011, -6.3623869 ] ] ] } },
{ "type": "Feature", "properties": { "waterway": "river", "name": "Krukut" }, "geometry": { "type": "LineString", "coordinates": [ [ 106.7935011, -6.3623869 ], [ 106.793498037493393, -6.362347206346429 ] ] } },
{ "type": "Feature", "properties": { "waterway": "canal", "name": "Kali Baru Barat" }, "geometry": { "type": "LineString", "coordinates": [ [ 106.8074246, -6.3607009 ], [ 106.8074895, -6.3607121 ], [ 106.8075083, -6.3606934 ], [ 106.807519, -6.3606694 ], [ 106.8076585, -6.3599417 ], [ 106.8077121, -6.3596431 ], [ 106.8077894, -6.3592081 ], [ 106.8078269, -6.3590348 ], [ 106.8078966, -6.3588935 ], [ 106.8080388, -6.3587522 ], [ 106.8082507, -6.3585256 ], [ 106.8084572, -6.3582537 ], [ 106.8085463, -6.358129 ], [ 106.8085865, -6.3580623 ], [ 106.8085967, -6.3579845 ], [ 106.8089239, -6.3575047 ], [ 106.8101148, -6.3557025 ], [ 106.8104861, -6.355043 ], [ 106.8105226, -6.3549788 ], [ 106.8106039, -6.3548807 ], [ 106.8113642, -6.3531881 ], [ 106.8114328, -6.3530477 ], [ 106.8115891, -6.3526296 ], [ 106.8117589, -6.3522107 ], [ 106.8119039, -6.3519972 ], [ 106.8119548, -6.3518506 ], [ 106.812042, -6.3516185 ], [ 106.8124832, -6.3505577 ], [ 106.8125792, -6.3502916 ], [ 106.8126758, -6.3500669 ], [ 106.8127882, -6.3497958 ], [ 106.8131548, -6.3490928 ], [ 106.8133106, -6.3486962 ], [ 106.8133943, -6.3484535 ], [ 106.8135861, -6.3480657 ], [ 106.813672, -6.3478578 ], [ 106.8137412, -6.3477213 ], [ 106.814203, -6.3469381 ], [ 106.8143608, -6.3467456 ], [ 106.814482, -6.3466022 ], [ 106.8149535, -6.3461165 ], [ 106.8151606, -6.3458425 ], [ 106.8152539, -6.3457353 ], [ 106.8152867, -6.3456585 ], [ 106.8153585, -6.34561 ], [ 106.8154578, -6.3454981 ], [ 106.8156536, -6.3452928 ], [ 106.8158494, -6.3450289 ], [ 106.8159218, -6.3449249 ], [ 106.8160736, -6.3447717 ], [ 106.8160935, -6.3447516 ], [ 106.8161653, -6.3446657 ], [ 106.8164561, -6.3443177 ], [ 106.8168397, -6.3438565 ], [ 106.8171288, -6.3434294 ], [ 106.8173517, -6.3431697 ], [ 106.8174453, -6.3430642 ], [ 106.8175344, -6.3429874 ], [ 106.8176872, -6.3428835 ], [ 106.8185428, -6.3422708 ], [ 106.8192343, -6.34179 ] ] } },
{ "type": "Feature", "properties": { "waterway": "river", "name": "Sungai Krukut" }, "geometry": { "type": "MultiLineString", "coordinates": [ [ [ 106.806453669066244, -6.322656133900231 ], [ 106.8064964, -6.3226604 ], [ 106.8067404, -6.3226326 ], [ 106.806749867094894, -6.322625582981425 ] ], [ [ 106.806828637579116, -6.322567198233279 ], [ 106.807013939691757, -6.322429852153938 ] ], [ [ 106.807027874913828, -6.3224195233558 ], [ 106.8070302, -6.3224178 ] ] ] } },
{ "type": "Feature", "properties": { "waterway": "river", "name": "Sungai Krukut" }, "geometry": { "type": "LineString", "coordinates": [ [ 106.8070302, -6.3224178 ], [ 106.8071979, -6.3222253 ] ] } },
{ "type": "Feature", "properties": { "waterway": "river", "name": "Sungai Krukut" }, "geometry": { "type": "GeometryCollection", "geometries": [ { "type": "LineString", "coordinates": [ [ 106.8071979, -6.3222253 ], [ 106.8072662, -6.3221272 ], [ 106.8071992, -6.3219406 ], [ 106.807196736804059, -6.321938678838308 ] ] }, { "type": "LineString", "coordinates": [ [ 106.807192072500243, -6.321935040929644 ], [ 106.8070865, -6.3218527 ], [ 106.807013095380029, -6.321813763636359 ] ] }, { "type": "LineString", "coordinates": [ [ 106.806897241582135, -6.321689628395145 ], [ 106.806888, -6.3216794 ], [ 106.8067781, -6.3216607 ], [ 106.806776472874006, -6.321660831087693 ] ] }, { "type": "LineString", "coordinates": [ [ 106.806644917982467, -6.321671844298244 ], [ 106.806575976838332, -6.321678242132088 ] ] }, { "type": "LineString", "coordinates": [ [ 106.80653548993952, -6.321375278647236 ], [ 106.8065462, -6.3213315 ], [ 106.8066418, -6.3211978 ], [ 106.8067741, -6.3211036 ], [ 106.8069245, -6.3210632 ], [ 106.8071399, -6.3210584 ], [ 106.807209450465436, -6.321018459657429 ] ] }, { "type": "Point", "coordinates": [ 106.8073879, -6.320882 ] } ] } },
{ "type": "Feature", "properties": { "waterway": "river", "name": "Krukut" }, "geometry": { "type": "GeometryCollection", "geometries": [ { "type": "LineString", "coordinates": [ [ 106.7934613, -6.3618704 ], [ 106.7936366, -6.3613919 ] ] }, { "type": "LineString", "coordinates": [ [ 106.7936366, -6.3613919 ], [ 106.7935258, -6.3606759 ] ] }, { "type": "LineString", "coordinates": [ [ 106.7935258, -6.3606759 ], [ 106.7936762, -6.3605658 ] ] }, { "type": "LineString", "coordinates": [ [ 106.7936762, -6.3605658 ], [ 106.7937093, -6.3601452 ] ] }, { "type": "LineString", "coordinates": [ [ 106.7937093, -6.3601452 ], [ 106.7935995, -6.3599351 ] ] }, { "type": "LineString", "coordinates": [ [ 106.7935995, -6.3599351 ], [ 106.7926371, -6.3588383 ] ] }, { "type": "LineString", "coordinates": [ [ 106.7926371, -6.3588383 ], [ 106.7924978, -6.3581249 ] ] }, { "type": "LineString", "coordinates": [ [ 106.7924978, -6.3581249 ], [ 106.7926482, -6.3578825 ] ] }, { "type": "LineString", "coordinates": [ [ 106.7926482, -6.3578825 ], [ 106.7929043, -6.35783 ] ] }, { "type": "LineString", "coordinates": [ [ 106.7932174, -6.3569775 ], [ 106.7932111, -6.3566821 ] ] }, { "type": "LineString", "coordinates": [ [ 106.7930019, -6.3552966 ], [ 106.7933515, -6.354832 ] ] }, { "type": "LineString", "coordinates": [ [ 106.7933515, -6.354832 ], [ 106.7939329, -6.3546259 ] ] }, { "type": "LineString", "coordinates": [ [ 106.7939329, -6.3546259 ], [ 106.7940264, -6.3545208 ] ] }, { "type": "LineString", "coordinates": [ [ 106.7940264, -6.3545208 ], [ 106.794002, -6.3542986 ] ] }, { "type": "LineString", "coordinates": [ [ 106.793582954121305, -6.354003938261349 ], [ 106.7935135, -6.3539551 ] ] }, { "type": "Point", "coordinates": [ 106.7929775, -6.3571593 ] }, { "type": "Point", "coordinates": [ 106.7930263, -6.3561047 ] } ] } },
{ "type": "Feature", "properties": { "waterway": "drain", "name": "" }, "geometry": { "type": "LineString", "coordinates": [ [ 106.7987542, -6.3506843 ], [ 106.7988167, -6.3506894 ] ] } },
{ "type": "Feature", "properties": { "waterway": "river", "name": "Krukut" }, "geometry": { "type": "MultiLineString", "coordinates": [ [ [ 106.7935135, -6.3539551 ], [ 106.793244775383499, -6.353916578888516 ] ], [ [ 106.793245142422052, -6.353666674669344 ], [ 106.7932893, -6.3534601 ], [ 106.7933233, -6.353279 ], [ 106.793309506470067, -6.353249656937261 ] ], [ [ 106.7932691, -6.3531637 ], [ 106.7931558, -6.3531048 ], [ 106.7930526, -6.3530604 ] ], [ [ 106.7930526, -6.3530604 ], [ 106.7929232, -6.3529502 ], [ 106.7927166, -6.3528194 ] ], [ [ 106.7927166, -6.3528194 ], [ 106.7924934, -6.3524173 ] ], [ [ 106.7924934, -6.3524173 ], [ 106.7925228, -6.3522627 ] ], [ [ 106.7925228, -6.3522627 ], [ 106.7931953, -6.3517011 ] ], [ [ 106.79399451552068, -6.351232812019314 ], [ 106.7941992, -6.3510263 ], [ 106.7942562, -6.3505437 ], [ 106.7941352, -6.3503843 ], [ 106.79374411459969, -6.350216910104409 ] ], [ [ 106.793729951068272, -6.350170400129593 ], [ 106.7937674, -6.3498536 ], [ 106.7935419, -6.349688 ], [ 106.793423, -6.3496092 ], [ 106.7931171, -6.3495661 ], [ 106.7930417, -6.3495012 ], [ 106.7929878, -6.3494071 ], [ 106.7929087, -6.3490728 ], [ 106.7928375, -6.348884 ], [ 106.7927749, -6.3487166 ], [ 106.7927474, -6.3485616 ], [ 106.792554, -6.3482134 ] ], [ [ 106.792554, -6.3482134 ], [ 106.793086051427593, -6.347711683894406 ] ], [ [ 106.7938886, -6.34701 ], [ 106.7941192, -6.3468661 ], [ 106.794131099438573, -6.346842939542812 ] ], [ [ 106.794186712435319, -6.346732980497215 ], [ 106.794199589985325, -6.346654313559053 ] ], [ [ 106.79487467074766, -6.346364060184603 ], [ 106.7948869, -6.3463605 ], [ 106.794944225815868, -6.346318030451904 ] ], [ [ 106.795456298417164, -6.345979154140372 ], [ 106.7954968, -6.3459718 ], [ 106.7956349, -6.3460062 ], [ 106.7957669, -6.3461527 ], [ 106.7958105, -6.3462917 ], [ 106.7958453, -6.346441 ], [ 106.7959285, -6.3465103 ], [ 106.796168933368477, -6.346553172234852 ] ], [ [ 106.797315850241688, -6.345638725218425 ], [ 106.7973321, -6.3456161 ], [ 106.7974762, -6.3451097 ], [ 106.7974602, -6.3450034 ], [ 106.797433531025504, -6.344956909490405 ] ], [ [ 106.79822039033867, -6.344602286389774 ], [ 106.7982456, -6.3445966 ], [ 106.7986283135766, -6.344190057478451 ] ], [ [ 106.798971740367136, -6.34382524786121 ], [ 106.7989844, -6.3438118 ] ] ] } },
{ "type": "Feature", "properties": { "waterway": "drain", "name": "" }, "geometry": { "type": "LineString", "coordinates": [ [ 106.7985754, -6.3486987 ], [ 106.7986455, -6.3487988 ] ] } },
{ "type": "Feature", "properties": { "waterway": "drain", "name": "" }, "geometry": { "type": "LineString", "coordinates": [ [ 106.796551258785243, -6.346571026030368 ], [ 106.7966862, -6.3466076 ], [ 106.7968498, -6.3464837 ], [ 106.7972052, -6.3460212 ], [ 106.7973316, -6.3461004 ] ] } },
{ "type": "Feature", "properties": { "waterway": "drain", "name": "" }, "geometry": { "type": "LineString", "coordinates": [ [ 106.7979679, -6.3449136 ], [ 106.7980296, -6.3448666 ] ] } },
{ "type": "Feature", "properties": { "waterway": "drain", "name": "" }, "geometry": { "type": "LineString", "coordinates": [ [ 106.7980296, -6.3448666 ], [ 106.7980907, -6.3448202 ] ] } },
{ "type": "Feature", "properties": { "waterway": "drain", "name": "" }, "geometry": { "type": "LineString", "coordinates": [ [ 106.7980907, -6.3448202 ], [ 106.7981064, -6.3448082 ], [ 106.798131, -6.3447495 ], [ 106.798114783732487, -6.34468816465378 ] ] } },
{ "type": "Feature", "properties": { "waterway": "river", "name": "Sungai Krukut" }, "geometry": { "type": "MultiLineString", "coordinates": [ [ [ 106.7989844, -6.3438118 ], [ 106.7989658, -6.3435724 ], [ 106.7989631, -6.3433111 ], [ 106.799042, -6.3432059 ], [ 106.7993606, -6.3431459 ], [ 106.7994526, -6.343109 ], [ 106.7995287, -6.3430457 ], [ 106.7995165, -6.3429057 ], [ 106.79950070045669, -6.342725526326027 ] ], [ [ 106.799519934872009, -6.342704071431381 ], [ 106.7995834, -6.3426455 ], [ 106.799643045092949, -6.342566748992519 ] ], [ [ 106.799693374338759, -6.342500297946563 ], [ 106.7996936, -6.3425 ], [ 106.7996395, -6.3423649 ], [ 106.7995387, -6.342181 ], [ 106.7994797, -6.3417865 ], [ 106.7997593, -6.341236 ], [ 106.799902777868866, -6.341236 ] ], [ [ 106.800165711014088, -6.340951138381643 ], [ 106.8001663, -6.3409441 ], [ 106.7999303, -6.3408695 ], [ 106.7999303, -6.3406668 ], [ 106.79998969982411, -6.340578840880837 ] ], [ [ 106.800064559832094, -6.340467988357953 ], [ 106.8000657, -6.3404663 ], [ 106.7998826, -6.3401455 ], [ 106.7998456, -6.3399265 ], [ 106.7998296, -6.3396178 ], [ 106.799777661837268, -6.339527497826053 ] ], [ [ 106.79891300233335, -6.338555679847001 ], [ 106.798881, -6.3384852 ], [ 106.798806125734174, -6.338378074585914 ] ], [ [ 106.798936374079943, -6.337148579261048 ], [ 106.7989164, -6.3371054 ], [ 106.798888939464263, -6.3370804265666 ] ], [ [ 106.798772421675196, -6.336974461800511 ], [ 106.798753532170693, -6.336957283119544 ] ], [ [ 106.7986843, -6.3365685 ], [ 106.7987501, -6.3364549 ], [ 106.7988842, -6.3363163 ], [ 106.798884896471051, -6.336312102139695 ] ] ] } },
{ "type": "Feature", "properties": { "waterway": "river", "name": "Sungai Krukut" }, "geometry": { "type": "MultiLineString", "coordinates": [ [ [ 106.7995508, -6.333819 ], [ 106.799523, -6.3337086 ], [ 106.7993762, -6.3335264 ], [ 106.799372623555541, -6.333523204172115 ] ], [ [ 106.79982611659733, -6.333394678177815 ], [ 106.7999664, -6.3334216 ], [ 106.8000068, -6.3334183 ], [ 106.800042386703325, -6.333411598172632 ] ], [ [ 106.800252368517434, -6.333490996547133 ], [ 106.8002799, -6.3335047 ], [ 106.800385394406518, -6.333526808639826 ] ], [ [ 106.801073781201453, -6.333684496731792 ], [ 106.8011999, -6.3336865 ], [ 106.801424, -6.333654 ], [ 106.8016272, -6.3335565 ], [ 106.801628746613957, -6.333554782016076 ] ], [ [ 106.801909205736877, -6.332800603451181 ], [ 106.801905, -6.3327466 ], [ 106.80187996948797, -6.332659567302217 ] ], [ [ 106.801859286028929, -6.332429067680147 ], [ 106.801856, -6.3323776 ], [ 106.8018046, -6.3322733 ], [ 106.8016863, -6.3321942 ], [ 106.8015941, -6.332139 ], [ 106.8014182, -6.3320338 ], [ 106.801389451625482, -6.331989137701513 ] ], [ [ 106.801291375658764, -6.331680997514911 ], [ 106.8013071, -6.3315684 ], [ 106.8014179, -6.3314473 ], [ 106.8014839, -6.3313562 ], [ 106.801488059188117, -6.331338471170186 ] ], [ [ 106.802484928252895, -6.330815468415938 ], [ 106.8024938, -6.330805 ], [ 106.8026306, -6.3306798 ], [ 106.8027923, -6.3306284 ], [ 106.8028474, -6.3306025 ], [ 106.802919601262104, -6.33056862745477 ] ], [ [ 106.803412433742992, -6.329987269624631 ], [ 106.803456, -6.3299119 ], [ 106.8034606, -6.3297609 ], [ 106.803424060659523, -6.329429061486255 ] ], [ [ 106.803326777559363, -6.328488333793601 ], [ 106.803362142934404, -6.327835242814747 ] ], [ [ 106.803470759177173, -6.327428853055809 ], [ 106.8035612, -6.3272979 ], [ 106.803710331231613, -6.327249624392609 ] ], [ [ 106.804123596689905, -6.326998615003313 ], [ 106.80419161485213, -6.326831781399748 ] ], [ [ 106.804153574437677, -6.325997864540097 ], [ 106.8041564, -6.3259801 ], [ 106.8041702, -6.3258307 ], [ 106.804165212205447, -6.32576385652791 ] ], [ [ 106.804161418085627, -6.325713009978394 ], [ 106.804156, -6.3256404 ], [ 106.804090439171318, -6.3254486132901 ] ], [ [ 106.804586244008249, -6.324635070490261 ], [ 106.8045486, -6.3246 ], [ 106.8045323, -6.3245048 ], [ 106.804765180694673, -6.32431228653543 ] ], [ [ 106.804999681252369, -6.324225590848402 ], [ 106.8050296, -6.324187 ], [ 106.805027486385725, -6.32416461647835 ] ], [ [ 106.805021726221455, -6.324108872267246 ], [ 106.8050152, -6.3240591 ], [ 106.8049677, -6.3239603 ], [ 106.804922816263641, -6.323893366393167 ] ], [ [ 106.804922359160784, -6.323889857249665 ], [ 106.8049483, -6.3237688 ], [ 106.804994507203247, -6.323707632267824 ] ], [ [ 106.805129513274423, -6.323642438811003 ], [ 106.8051922, -6.3236132 ], [ 106.8053772, -6.3235668 ], [ 106.805387870293359, -6.32356546855742 ] ], [ [ 106.806256678264205, -6.323770786788081 ], [ 106.8062706, -6.3237657 ], [ 106.806287393859549, -6.323751062345808 ] ], [ [ 106.806374271050601, -6.323615423022402 ], [ 106.8063757, -6.3236033 ], [ 106.8063316, -6.3235015 ], [ 106.806308070734431, -6.323453439101053 ] ], [ [ 106.806278792662297, -6.323396040630825 ], [ 106.8062279, -6.323307 ], [ 106.806132262074442, -6.32323432830014 ] ], [ [ 106.805986126538983, -6.322857605418043 ], [ 106.8060215, -6.3227463 ], [ 106.806038364901326, -6.322732290390513 ] ] ] } },
{ "type": "Feature", "properties": { "waterway": "river", "name": "Kali Grogol" }, "geometry": { "type": "LineString", "coordinates": [ [ 106.785624249563469, -6.316331760300866 ], [ 106.7855966, -6.3161649 ], [ 106.7854839, -6.315965 ], [ 106.7854222, -6.315837 ], [ 106.7854517, -6.3157624 ], [ 106.7856582, -6.3156211 ], [ 106.7857468, -6.3156158 ], [ 106.7861223, -6.3156931 ], [ 106.7862403, -6.3156584 ], [ 106.7862457, -6.3155358 ], [ 106.7861813, -6.3153065 ], [ 106.7861115, -6.3149253 ], [ 106.7861357, -6.3147227 ], [ 106.7862537, -6.314664 ], [ 106.7865031, -6.3147307 ], [ 106.786707, -6.31476 ], [ 106.7869484, -6.3147093 ], [ 106.7870905, -6.3145094 ], [ 106.7871281, -6.3142615 ], [ 106.7870852, -6.3140615 ], [ 106.7869886, -6.3137709 ], [ 106.7869994, -6.3135656 ], [ 106.7870637, -6.3134803 ], [ 106.7872112, -6.3134963 ], [ 106.7874607, -6.313499 ], [ 106.7875492, -6.313435 ], [ 106.787568, -6.3130911 ], [ 106.7875063, -6.3129125 ], [ 106.7874124, -6.3127312 ], [ 106.787399, -6.312326 ], [ 106.7874231, -6.3120407 ], [ 106.7874982, -6.3118461 ], [ 106.787582, -6.3115396 ], [ 106.7876967, -6.3113556 ], [ 106.7878519, -6.3112379 ], [ 106.7879358, -6.3112293 ], [ 106.7880166, -6.3112409 ], [ 106.7882868, -6.3112596 ], [ 106.7883753, -6.3112169 ], [ 106.7884263, -6.311025 ], [ 106.7884719, -6.3106944 ], [ 106.7884853, -6.3104465 ], [ 106.7885604, -6.3102305 ], [ 106.7885336, -6.3101106 ], [ 106.788437, -6.309924 ], [ 106.7883673, -6.3095107 ], [ 106.7882466, -6.3093454 ], [ 106.7882412, -6.3092441 ], [ 106.788311, -6.3091562 ], [ 106.7883592, -6.3090335 ], [ 106.7883646, -6.3088842 ], [ 106.7883244, -6.3087616 ], [ 106.788268, -6.3086096 ], [ 106.7882144, -6.3084337 ], [ 106.7882385, -6.3082817 ], [ 106.7883297, -6.3080978 ], [ 106.7884129, -6.3079778 ], [ 106.7883378, -6.3078258 ], [ 106.7881983, -6.3076526 ], [ 106.7881768, -6.3074713 ], [ 106.7882198, -6.3072553 ], [ 106.7883083, -6.3070154 ], [ 106.7882493, -6.3068341 ], [ 106.7882654, -6.3065728 ], [ 106.7882144, -6.3063676 ], [ 106.7882359, -6.3061463 ], [ 106.7882922, -6.306005 ], [ 106.7884317, -6.3059597 ], [ 106.7886489, -6.3060103 ], [ 106.7887696, -6.3059543 ], [ 106.7888286, -6.3057544 ], [ 106.7888072, -6.3055118 ], [ 106.7888608, -6.3053012 ], [ 106.7890566, -6.304664 ], [ 106.7891693, -6.3044587 ], [ 106.789298, -6.3043974 ], [ 106.7894884, -6.3044321 ], [ 106.7896279, -6.3044081 ], [ 106.7900185, -6.3041985 ], [ 106.7901903, -6.3040799 ], [ 106.7902734, -6.3039412 ], [ 106.7903029, -6.3038119 ], [ 106.7902224, -6.3037026 ], [ 106.7901741, -6.3035053 ], [ 106.79015, -6.3033214 ], [ 106.7902036, -6.3031641 ], [ 106.7903136, -6.3029774 ], [ 106.790327, -6.3028148 ], [ 106.790276, -6.3027242 ], [ 106.7898576, -6.3026682 ], [ 106.7897315, -6.3026309 ], [ 106.7896269, -6.3025216 ], [ 106.7896108, -6.3022976 ], [ 106.7896725, -6.3020203 ], [ 106.789694, -6.301895 ], [ 106.7896779, -6.3016204 ], [ 106.7894352, -6.3012699 ], [ 106.7893825, -6.3010169 ], [ 106.7893453, -6.3008979 ], [ 106.7893882, -6.3006314 ], [ 106.7893695, -6.3006047 ], [ 106.7893426, -6.30059 ], [ 106.7892407, -6.3006127 ], [ 106.7891334, -6.3006314 ], [ 106.7890408, -6.300618 ], [ 106.7888477, -6.3004967 ], [ 106.7887793, -6.3004914 ], [ 106.7887499, -6.3005407 ], [ 106.7887673, -6.3007086 ], [ 106.7887445, -6.300758 ], [ 106.7886882, -6.300786 ], [ 106.7884226, -6.3007233 ], [ 106.78831, -6.300728 ], [ 106.7881061, -6.3007713 ], [ 106.7879895, -6.3008406 ], [ 106.7879384, -6.300854 ], [ 106.7877078, -6.3007487 ], [ 106.7876475, -6.3007367 ], [ 106.7875965, -6.3007567 ], [ 106.7875588, -6.3008071 ], [ 106.7875201, -6.3009046 ], [ 106.7874433, -6.3010463 ], [ 106.7873776, -6.3011049 ], [ 106.7873028, -6.3011272 ], [ 106.7867543, -6.3010606 ], [ 106.7864405, -6.3009779 ], [ 106.7863936, -6.3008793 ], [ 106.7863292, -6.3007353 ], [ 106.7862218, -6.3006234 ], [ 106.7860445, -6.3005011 ], [ 106.7859885, -6.3003875 ], [ 106.7860998, -6.3001755 ], [ 106.7861441, -6.3000182 ], [ 106.786124, -6.2998595 ], [ 106.7858531, -6.2996769 ], [ 106.7856948, -6.2994956 ], [ 106.7855473, -6.2991517 ], [ 106.7854641, -6.2989304 ], [ 106.7852952, -6.2987758 ], [ 106.7851798, -6.2986079 ], [ 106.7851289, -6.2984692 ], [ 106.7851825, -6.2982399 ], [ 106.7851772, -6.298072 ], [ 106.7851181, -6.2980027 ], [ 106.7849197, -6.297872 ], [ 106.784858, -6.2977067 ], [ 106.7848821, -6.2975201 ], [ 106.7849894, -6.2973335 ], [ 106.7852201, -6.2971362 ], [ 106.7854427, -6.2969203 ], [ 106.7855017, -6.296691 ], [ 106.7854776, -6.2965923 ], [ 106.7851611, -6.2961418 ], [ 106.7849223, -6.2958005 ], [ 106.7848821, -6.2956432 ], [ 106.784858, -6.295334 ], [ 106.7848043, -6.2950034 ], [ 106.7846783, -6.2947341 ], [ 106.7844986, -6.2945502 ], [ 106.7838092, -6.2941503 ], [ 106.7836939, -6.2940249 ], [ 106.7836993, -6.2938916 ], [ 106.7837556, -6.293769 ], [ 106.7838816, -6.2935584 ], [ 106.7838629, -6.2934597 ], [ 106.7838468, -6.2933318 ], [ 106.7839219, -6.2930412 ], [ 106.7840023, -6.2927053 ], [ 106.7840238, -6.292268 ], [ 106.7841284, -6.2920014 ] ] } },
{ "type": "Feature", "properties": { "waterway": "drain", "name": "" }, "geometry": { "type": "LineString", "coordinates": [ [ 106.7863936, -6.3008793 ], [ 106.7865072, -6.300841 ], [ 106.7865377, -6.3008421 ] ] } },
{ "type": "Feature", "properties": { "waterway": "drain", "name": "" }, "geometry": { "type": "LineString", "coordinates": [ [ 106.7865699, -6.3008432 ], [ 106.7865851, -6.3008437 ] ] } },
{ "type": "Feature", "properties": { "waterway": "drain", "name": "" }, "geometry": { "type": "LineString", "coordinates": [ [ 106.7865377, -6.3008421 ], [ 106.7865699, -6.3008432 ] ] } },
{ "type": "Feature", "properties": { "waterway": "drain", "name": "" }, "geometry": { "type": "LineString", "coordinates": [ [ 106.7893426, -6.30059 ], [ 106.7894411, -6.3005321 ] ] } },
{ "type": "Feature", "properties": { "waterway": "river", "name": "Krukut" }, "geometry": { "type": "LineString", "coordinates": [ [ 106.8054567, -6.2943128 ], [ 106.8052177, -6.294048 ], [ 106.8051004, -6.2938046 ], [ 106.8050455, -6.2936346 ], [ 106.8050534, -6.2934282 ], [ 106.8050534, -6.2932313 ], [ 106.8050888, -6.29314 ], [ 106.8051766, -6.2930556 ], [ 106.8053615, -6.2929143 ], [ 106.8054199, -6.2928671 ], [ 106.8055329, -6.2927378 ], [ 106.8056359, -6.2925302 ], [ 106.8056777, -6.292367 ], [ 106.8057051, -6.2918244 ] ] } },
{ "type": "Feature", "properties": { "waterway": "river", "name": "Pesanggrahan" }, "geometry": { "type": "MultiLineString", "coordinates": [ [ [ 106.7800127, -6.3163552 ], [ 106.7800195, -6.3161699 ], [ 106.7799686, -6.316081 ], [ 106.779867, -6.3160224 ], [ 106.7797608, -6.3159997 ], [ 106.7796292, -6.3159315 ], [ 106.7794624, -6.3157754 ], [ 106.7792697, -6.3156797 ], [ 106.7790375, -6.3156201 ], [ 106.7778694, -6.3153714 ], [ 106.7770506, -6.3152565 ], [ 106.7769239, -6.315203 ], [ 106.7768352, -6.31514 ], [ 106.7767655, -6.3150078 ], [ 106.7767053, -6.3148016 ], [ 106.7766626, -6.314515 ], [ 106.7766626, -6.3143372 ], [ 106.7766816, -6.3139719 ], [ 106.7766784, -6.3138633 ], [ 106.7766198, -6.3136083 ], [ 106.7765438, -6.3134603 ], [ 106.7765058, -6.3133674 ], [ 106.7764836, -6.3132746 ], [ 106.7764788, -6.3131628 ], [ 106.7764836, -6.3128558 ], [ 106.77650427638261, -6.312634728466124 ] ], [ [ 106.776584107091821, -6.312419082061861 ], [ 106.7766113, -6.3123503 ], [ 106.7766002, -6.3122557 ], [ 106.7765717, -6.3122242 ], [ 106.7764529, -6.3122179 ], [ 106.7764165, -6.3121912 ], [ 106.7763896, -6.312125 ], [ 106.776393845040275, -6.312084079341429 ] ], [ [ 106.776418069307795, -6.311957251284594 ], [ 106.7764403, -6.3118795 ], [ 106.7764387, -6.3117929 ], [ 106.7763975, -6.3117315 ], [ 106.7762977, -6.3116984 ], [ 106.7760807, -6.3116827 ], [ 106.7759271, -6.3116748 ], [ 106.7758478, -6.3116443 ], [ 106.7757751, -6.3116024 ], [ 106.7756674, -6.3115945 ], [ 106.7755403, -6.3116022 ], [ 106.7754491, -6.3116324 ], [ 106.7753264, -6.3117062 ], [ 106.7752055, -6.3118196 ], [ 106.7750941, -6.3119478 ], [ 106.7750495, -6.3120232 ], [ 106.7750196, -6.3121021 ], [ 106.7749057, -6.3121383 ], [ 106.7747948, -6.3121371 ], [ 106.774645, -6.3120709 ], [ 106.7745866, -6.312001 ], [ 106.7745572, -6.3119163 ], [ 106.774554, -6.3118281 ], [ 106.7745509, -6.3117085 ], [ 106.7745287, -6.3115369 ], [ 106.7745113, -6.3113811 ], [ 106.774515206398746, -6.311308708003119 ] ], [ [ 106.775379873564475, -6.31044235016961 ], [ 106.7754062, -6.3104003 ], [ 106.7754109, -6.3103358 ], [ 106.7753634, -6.3102822 ], [ 106.7752546, -6.3102368 ], [ 106.7750198, -6.3101928 ], [ 106.7748241, -6.3101331 ], [ 106.774417, -6.3100339 ], [ 106.7737748, -6.3098918 ], [ 106.7736505, -6.3098279 ], [ 106.7735085, -6.3097359 ], [ 106.7733651, -6.3095958 ], [ 106.7733377, -6.3095376 ], [ 106.773332421006486, -6.309513802632416 ] ], [ [ 106.775165214814038, -6.308322267304857 ], [ 106.7751724, -6.308302 ], [ 106.7751882, -6.3081949 ], [ 106.7751898, -6.3081099 ], [ 106.7751318, -6.3080242 ], [ 106.775052, -6.3079556 ], [ 106.7749206, -6.3078549 ], [ 106.7747859, -6.3077242 ], [ 106.7745911, -6.3075101 ], [ 106.7744569, -6.3073447 ], [ 106.7742363, -6.3071181 ], [ 106.7741397, -6.3070268 ], [ 106.7740685, -6.3069969 ], [ 106.7739734, -6.3069843 ], [ 106.7739117, -6.3069261 ], [ 106.7738784, -6.3068631 ], [ 106.7738594, -6.306786 ], [ 106.7738594, -6.3067041 ], [ 106.7738752, -6.3066144 ], [ 106.7739085, -6.3065089 ], [ 106.7739703, -6.3064066 ], [ 106.77407, -6.3063294 ], [ 106.7742316, -6.3062365 ], [ 106.7744232, -6.3061563 ], [ 106.774497635136271, -6.306133423463228 ] ], [ [ 106.775577609031373, -6.303739690291258 ], [ 106.7754876, -6.3035852 ], [ 106.7753885, -6.3034504 ], [ 106.7752228, -6.3033194 ], [ 106.7750493, -6.3032144 ], [ 106.7749043, -6.3031601 ], [ 106.7747517, -6.3031407 ], [ 106.7745904, -6.3031514 ], [ 106.77447431954981, -6.303193169239663 ] ], [ [ 106.774185378997416, -6.303403961026838 ], [ 106.7741599, -6.3034318 ], [ 106.7740529, -6.3036017 ], [ 106.7739443, -6.3038453 ], [ 106.7738429, -6.3041475 ], [ 106.77382544685122, -6.304196456631206 ] ], [ [ 106.773433586195452, -6.304679673733808 ], [ 106.7733955, -6.3046946 ], [ 106.7732886, -6.3047206 ], [ 106.7731998, -6.3047128 ], [ 106.7731116, -6.3046788 ], [ 106.7730372, -6.3046309 ], [ 106.772987753639214, -6.304553340990559 ] ], [ [ 106.772987363503191, -6.304552077606142 ], [ 106.772984545054115, -6.30453989323396 ] ], [ [ 106.773137122143169, -6.304089047154434 ], [ 106.7731533, -6.3040682 ], [ 106.7732237, -6.3039696 ], [ 106.773330184999423, -6.303792312805192 ] ], [ [ 106.773477921177729, -6.303546346398992 ], [ 106.7735639, -6.3034032 ], [ 106.7735942, -6.3033201 ], [ 106.7736046, -6.3032384 ], [ 106.7735799, -6.3031269 ], [ 106.7735172, -6.3030206 ], [ 106.7734481, -6.3029519 ], [ 106.7733672, -6.3028896 ], [ 106.7732642, -6.3028559 ], [ 106.7731591, -6.3028409 ], [ 106.7729655, -6.3028624 ], [ 106.7726224, -6.3029389 ], [ 106.7722376, -6.3030413 ], [ 106.7718045, -6.3031243 ], [ 106.7716884, -6.3031463 ], [ 106.7716271, -6.3031424 ], [ 106.7715736, -6.3031256 ], [ 106.7715215, -6.3030945 ], [ 106.771421, -6.3029872 ], [ 106.7713062, -6.3027885 ], [ 106.7710545, -6.3024138 ], [ 106.7709971, -6.3023062 ], [ 106.7709658, -6.3022102 ], [ 106.770952561985112, -6.302146486977434 ] ], [ [ 106.773096502292574, -6.301427820370276 ], [ 106.773139, -6.3014219 ], [ 106.7731755, -6.3014051 ], [ 106.77318883652147, -6.301368510056501 ] ], [ [ 106.773195048810052, -6.301222959622899 ], [ 106.7731872, -6.3011377 ], [ 106.7731592, -6.301048 ], [ 106.77259, -6.3001684 ], [ 106.7724079, -6.2999825 ], [ 106.7722965, -6.2998892 ], [ 106.7719747, -6.2996985 ], [ 106.7717709, -6.2995412 ], [ 106.7716327, -6.2993893 ], [ 106.7714334, -6.2991601 ], [ 106.7711901, -6.2987847 ], [ 106.7711231, -6.2986501 ], [ 106.7709257, -6.2981902 ], [ 106.7708962, -6.2980955 ], [ 106.7708801, -6.2979822 ], [ 106.7709096, -6.297689 ], [ 106.7709049, -6.2975876 ], [ 106.7708821, -6.2974997 ], [ 106.7708411, -6.2974184 ], [ 106.7707874, -6.297361 ], [ 106.7707164, -6.297317 ], [ 106.770648, -6.2973211 ], [ 106.7705917, -6.2973477 ], [ 106.7705233, -6.297401 ], [ 106.7704304, -6.2974608 ], [ 106.7703433, -6.2975255 ], [ 106.7702752, -6.2975703 ], [ 106.770184, -6.297609 ], [ 106.7701089, -6.2976156 ], [ 106.7700191, -6.2975863 ], [ 106.7699064, -6.2975143 ], [ 106.7698366, -6.297457 ], [ 106.7698085, -6.2973877 ], [ 106.7697977, -6.2971837 ], [ 106.7697948, -6.2970447 ], [ 106.7698041, -6.2969148 ], [ 106.7698199, -6.2967705 ], [ 106.7698412, -6.2966322 ], [ 106.7698756, -6.2965003 ], [ 106.7699238, -6.2963862 ], [ 106.7699828, -6.2963057 ], [ 106.7700569, -6.2962227 ], [ 106.7701163, -6.296151 ], [ 106.7701646, -6.29607 ], [ 106.7702065, -6.2959674 ], [ 106.7702541, -6.2958307 ], [ 106.7702591, -6.2957361 ], [ 106.7702349, -6.2956308 ], [ 106.7701478, -6.2955428 ], [ 106.7699963, -6.2954868 ], [ 106.7698165, -6.2954575 ], [ 106.7696906, -6.2954563 ], [ 106.7695698, -6.2954882 ], [ 106.7693542, -6.2955821 ], [ 106.7692868, -6.2956374 ], [ 106.7691205, -6.2957281 ], [ 106.7689877, -6.2958254 ], [ 106.7688737, -6.2958734 ], [ 106.7686885, -6.2958934 ], [ 106.7685237, -6.295848 ], [ 106.7682529, -6.2958307 ], [ 106.7680725, -6.2957996 ], [ 106.7678995, -6.2957591 ], [ 106.767778, -6.2956814 ], [ 106.7676211, -6.2955481 ], [ 106.7674817, -6.2953815 ], [ 106.7673542, -6.2952895 ], [ 106.7672845, -6.2952162 ], [ 106.7672094, -6.2951096 ], [ 106.7671974, -6.2950016 ], [ 106.7672405, -6.2948184 ], [ 106.767265584511577, -6.294762350168101 ] ], [ [ 106.768286466753622, -6.293306013983355 ], [ 106.7682963, -6.2932842 ], [ 106.7682475, -6.2931273 ], [ 106.7681162, -6.2929694 ], [ 106.767895, -6.2927574 ], [ 106.7677421, -6.2925974 ], [ 106.7676657, -6.2925214 ], [ 106.7675932, -6.2924479 ], [ 106.767565089109468, -6.292408596019309 ] ], [ [ 106.767864803774316, -6.291486996544095 ], [ 106.7676766, -6.2915114 ], [ 106.7673666, -6.2915043 ], [ 106.7671906, -6.2914454 ], [ 106.7671024, -6.291359 ], [ 106.7670058, -6.2912191 ], [ 106.7669021, -6.2910605 ], [ 106.7665542, -6.290279 ], [ 106.7664991, -6.2900011 ], [ 106.7664881, -6.2898055 ], [ 106.7665074, -6.2894783 ], [ 106.7664923, -6.2893934 ], [ 106.7664323, -6.2893205 ], [ 106.7663708, -6.2892852 ], [ 106.7661778, -6.2892172 ], [ 106.7661238, -6.2891831 ], [ 106.7661065, -6.2890907 ], [ 106.7661381, -6.2889879 ], [ 106.7662391, -6.2888935 ], [ 106.7666452, -6.288778 ], [ 106.7668768, -6.2886622 ], [ 106.7670254, -6.2885379 ], [ 106.7671547, -6.2883053 ], [ 106.7671649, -6.2881692 ], [ 106.7671084, -6.2880584 ], [ 106.7669886, -6.2878415 ], [ 106.7669015, -6.2872895 ], [ 106.7667476, -6.2870432 ], [ 106.7666564, -6.2869099 ], [ 106.7665313, -6.2866443 ], [ 106.7666242, -6.2863127 ], [ 106.7669766, -6.2861058 ], [ 106.7671805, -6.2861005 ], [ 106.7676365, -6.2864151 ], [ 106.7679154, -6.2864364 ], [ 106.768012, -6.2862231 ], [ 106.7679851, -6.2860311 ], [ 106.7678618, -6.2858392 ], [ 106.7675023, -6.2854179 ], [ 106.7673591, -6.285033 ], [ 106.7667299, -6.2848261 ], [ 106.7664472, -6.2847237 ], [ 106.76607, -6.2845568 ] ] ] } },
{ "type": "Feature", "properties": { "waterway": "drain", "name": "" }, "geometry": { "type": "LineString", "coordinates": [ [ 106.767850863314862, -6.29582982164136 ], [ 106.767778, -6.2956814 ] ] } },
{ "type": "Feature", "properties": { "waterway": "river", "name": "" }, "geometry": { "type": "LineString", "coordinates": [ [ 106.751509305437196, -6.274545135256698 ], [ 106.7515015, -6.2745283 ], [ 106.7515339, -6.2743283 ], [ 106.7514974, -6.273758 ], [ 106.7514747, -6.2732171 ], [ 106.7514358, -6.2729799 ], [ 106.751376912526609, -6.272529627925178 ] ] } },
{ "type": "Feature", "properties": { "waterway": "river", "name": "" }, "geometry": { "type": "LineString", "coordinates": [ [ 106.757543466806098, -6.277745487856693 ], [ 106.7575605, -6.2777023 ], [ 106.7575427, -6.2775984 ], [ 106.7575657, -6.2774868 ], [ 106.7575599, -6.2773532 ], [ 106.7576233, -6.2770424 ], [ 106.7577796, -6.2768814 ], [ 106.7577423, -6.2766957 ], [ 106.7577726, -6.2765727 ], [ 106.7577703, -6.2765007 ], [ 106.7578421, -6.2761282 ], [ 106.7575728, -6.2761172 ], [ 106.7575452, -6.2760645 ], [ 106.7575438, -6.2760156 ], [ 106.7575601, -6.2759646 ], [ 106.7575952, -6.2759205 ], [ 106.7576676, -6.2759182 ], [ 106.7576516, -6.2744551 ], [ 106.7576516, -6.2743074 ] ] } },
{ "type": "Feature", "properties": { "waterway": "river", "name": "" }, "geometry": { "type": "LineString", "coordinates": [ [ 106.7576516, -6.2743074 ], [ 106.7576528, -6.2740063 ], [ 106.7574339, -6.2740295 ], [ 106.7573136, -6.2740488 ], [ 106.7571826, -6.2740657 ], [ 106.7571726, -6.2740191 ], [ 106.7571612, -6.2739795 ], [ 106.7570468, -6.2732718 ], [ 106.7568782, -6.2731806 ], [ 106.7568638, -6.2729831 ], [ 106.7568007, -6.2727094 ] ] } },
{ "type": "Feature", "properties": { "waterway": "river", "name": "" }, "geometry": { "type": "LineString", "coordinates": [ [ 106.751052628379995, -6.271635680013129 ], [ 106.7509819, -6.2715677 ] ] } },
{ "type": "Feature", "properties": { "waterway": "river", "name": "" }, "geometry": { "type": "LineString", "coordinates": [ [ 106.8949463, -6.299404 ], [ 106.8949376, -6.2990334 ], [ 106.8949409, -6.2989208 ], [ 106.8949054, -6.2987988 ], [ 106.8948451, -6.2986935 ], [ 106.8947974, -6.2986108 ], [ 106.8947585, -6.2985909 ], [ 106.8947277, -6.2985555 ], [ 106.8947203, -6.2985082 ], [ 106.894725, -6.2984682 ], [ 106.8947458, -6.2983689 ], [ 106.8948055, -6.2982523 ], [ 106.8948745, -6.2981196 ], [ 106.8949007, -6.2980597 ], [ 106.8948993, -6.297989 ], [ 106.8949007, -6.297923 ], [ 106.8948973, -6.297847 ], [ 106.8948846, -6.2977997 ], [ 106.8948551, -6.2977584 ], [ 106.8948095, -6.2977284 ], [ 106.8947666, -6.2977084 ], [ 106.8947055, -6.2977011 ], [ 106.8946392, -6.2977037 ], [ 106.894605, -6.2977024 ], [ 106.8945895, -6.2976784 ], [ 106.8945882, -6.2976161 ], [ 106.8945969, -6.2975768 ], [ 106.8945862, -6.2975594 ], [ 106.8945379, -6.2975474 ], [ 106.8944494, -6.2975434 ], [ 106.8943569, -6.2975288 ], [ 106.8942831, -6.2975154 ], [ 106.894259, -6.2975008 ], [ 106.8942549, -6.2973848 ], [ 106.8942623, -6.2972605 ], [ 106.8942559, -6.2971266 ], [ 106.8941915, -6.2969453 ], [ 106.894111, -6.2967414 ], [ 106.8940936, -6.2966334 ], [ 106.894103, -6.2965414 ], [ 106.8941432, -6.2964321 ], [ 106.8941526, -6.2963241 ], [ 106.894162, -6.2961162 ], [ 106.8941808, -6.2960322 ], [ 106.8942385, -6.2958896 ], [ 106.8942921, -6.2957763 ], [ 106.8944074, -6.2956496 ], [ 106.8944812, -6.2955683 ], [ 106.8945402, -6.2954483 ], [ 106.894618, -6.2952857 ], [ 106.8946636, -6.2951244 ], [ 106.8946797, -6.2950044 ], [ 106.8947508, -6.2948725 ], [ 106.8948165, -6.2948165 ], [ 106.8949036, -6.2947845 ], [ 106.8949573, -6.2946925 ], [ 106.8950109, -6.2946632 ], [ 106.8950941, -6.2945845 ], [ 106.8951544, -6.2945286 ], [ 106.8951893, -6.2944859 ], [ 106.8952336, -6.2943539 ], [ 106.8953019, -6.2942739 ], [ 106.8953864, -6.2941753 ], [ 106.8954267, -6.2940993 ], [ 106.8955031, -6.2940427 ], [ 106.895605, -6.2939773 ], [ 106.8957311, -6.2939427 ], [ 106.8957955, -6.2938734 ], [ 106.8958049, -6.2938191 ], [ 106.8958324, -6.2937611 ], [ 106.8959142, -6.2936818 ], [ 106.8959919, -6.2935311 ], [ 106.8960282, -6.2934205 ], [ 106.8963718, -6.2929255 ], [ 106.8965569, -6.2927536 ], [ 106.8968118, -6.2925689 ] ] } },
{ "type": "Feature", "properties": { "waterway": "drain", "name": "" }, "geometry": { "type": "LineString", "coordinates": [ [ 106.8757351, -6.2849266 ], [ 106.8757925, -6.2851576 ] ] } },
{ "type": "Feature", "properties": { "waterway": "drain", "name": "" }, "geometry": { "type": "LineString", "coordinates": [ [ 106.8858669, -6.2734568 ], [ 106.8858818, -6.2734865 ] ] } },
{ "type": "Feature", "properties": { "waterway": "drain", "name": "" }, "geometry": { "type": "LineString", "coordinates": [ [ 106.8857981, -6.27332 ], [ 106.8858669, -6.2734568 ] ] } },
{ "type": "Feature", "properties": { "waterway": "drain", "name": "" }, "geometry": { "type": "LineString", "coordinates": [ [ 106.8857607, -6.2732457 ], [ 106.8857981, -6.27332 ] ] } },
{ "type": "Feature", "properties": { "waterway": "drain", "name": "" }, "geometry": { "type": "LineString", "coordinates": [ [ 106.8899426, -6.2708993 ], [ 106.8899591, -6.2709166 ] ] } },
{ "type": "Feature", "properties": { "waterway": "drain", "name": "" }, "geometry": { "type": "LineString", "coordinates": [ [ 106.8897889, -6.2707672 ], [ 106.8899426, -6.2708993 ] ] } },
{ "type": "Feature", "properties": { "waterway": "drain", "name": "" }, "geometry": { "type": "LineString", "coordinates": [ [ 106.8897512, -6.2707348 ], [ 106.8897889, -6.2707672 ] ] } },
{ "type": "Feature", "properties": { "waterway": "drain", "name": "" }, "geometry": { "type": "LineString", "coordinates": [ [ 106.8899506, -6.2695704 ], [ 106.8898353, -6.2695971 ], [ 106.8897065, -6.2695651 ], [ 106.8895268, -6.2693678 ], [ 106.8894517, -6.2693358 ], [ 106.8893257, -6.2693412 ], [ 106.889331, -6.2692532 ], [ 106.8893149, -6.2691865 ], [ 106.8892774, -6.2691065 ], [ 106.8895456, -6.2689812 ] ] } },
{ "type": "Feature", "properties": { "waterway": "river", "name": "Kali Mati" }, "geometry": { "type": "LineString", "coordinates": [ [ 106.8789406, -6.2672432 ], [ 106.879074, -6.2673474 ], [ 106.8790651, -6.2674854 ], [ 106.8790585, -6.2675562 ], [ 106.8790998, -6.2675883 ], [ 106.8791442, -6.2676144 ], [ 106.879182, -6.2676438 ], [ 106.8791984, -6.267696 ], [ 106.8791853, -6.2677712 ], [ 106.8791688, -6.2678365 ], [ 106.8791873, -6.2678907 ], [ 106.8792942, -6.2679276 ], [ 106.8793407, -6.2679692 ], [ 106.8793709, -6.2680362 ], [ 106.8793918, -6.2681355 ], [ 106.8794059, -6.2681781 ], [ 106.8794667, -6.2682189 ], [ 106.8795226, -6.2682434 ], [ 106.8795505, -6.268281 ], [ 106.8795636, -6.2683529 ], [ 106.8795965, -6.26841 ], [ 106.8796146, -6.2684214 ], [ 106.8796754, -6.2684018 ], [ 106.8797509, -6.2683447 ], [ 106.8798084, -6.2683137 ], [ 106.8798562, -6.268325 ], [ 106.8799055, -6.2683821 ], [ 106.8799039, -6.268436 ], [ 106.8798864, -6.2685552 ], [ 106.8798601, -6.2686483 ], [ 106.879819, -6.2687333 ], [ 106.8798059, -6.2687953 ], [ 106.8798026, -6.268841 ], [ 106.8798289, -6.2688786 ], [ 106.8799061, -6.2689047 ], [ 106.8800145, -6.2688851 ], [ 106.8800901, -6.2688868 ], [ 106.8801509, -6.2688884 ], [ 106.8802018, -6.2688949 ], [ 106.8802577, -6.2689162 ], [ 106.880302, -6.2689505 ], [ 106.8803103, -6.2690142 ], [ 106.8802823, -6.2690729 ], [ 106.8802413, -6.2691089 ], [ 106.8801838, -6.2691268 ], [ 106.8801493, -6.2691742 ], [ 106.8801427, -6.2692428 ], [ 106.8801772, -6.2692967 ], [ 106.8802232, -6.2693294 ], [ 106.8802955, -6.2693734 ], [ 106.8803875, -6.2693718 ], [ 106.8804351, -6.2693587 ], [ 106.88046, -6.2693692 ], [ 106.8804682, -6.2693895 ], [ 106.8804802, -6.2694159 ], [ 106.8804847, -6.2694513 ], [ 106.8804466, -6.2694943 ], [ 106.8804335, -6.2695368 ], [ 106.8804138, -6.2696086 ], [ 106.880399, -6.2696739 ], [ 106.8804171, -6.2697311 ], [ 106.8804844, -6.2697507 ], [ 106.8805551, -6.2697393 ], [ 106.8806389, -6.2697262 ], [ 106.8807243, -6.269718 ], [ 106.8807637, -6.2697099 ], [ 106.8808032, -6.2697654 ], [ 106.8808262, -6.2698177 ], [ 106.8808265, -6.269868 ] ] } },
{ "type": "Feature", "properties": { "waterway": "drain", "name": "" }, "geometry": { "type": "LineString", "coordinates": [ [ 106.8490718, -6.2906037 ], [ 106.8492879, -6.2906018 ] ] } },
{ "type": "Feature", "properties": { "waterway": "canal", "name": "" }, "geometry": { "type": "LineString", "coordinates": [ [ 106.8719733, -6.2878333 ], [ 106.871764, -6.2878144 ], [ 106.8714948, -6.287747 ], [ 106.8712077, -6.287662 ], [ 106.8711115, -6.2875627 ] ] } },
{ "type": "Feature", "properties": { "waterway": "canal", "name": "" }, "geometry": { "type": "LineString", "coordinates": [ [ 106.8711115, -6.2875627 ], [ 106.8708831, -6.2875072 ], [ 106.8706546, -6.2874516 ] ] } },
{ "type": "Feature", "properties": { "waterway": "river", "name": "Kali Cipinang" }, "geometry": { "type": "LineString", "coordinates": [ [ 106.8721314, -6.2875099 ], [ 106.8722038, -6.2872993 ] ] } },
{ "type": "Feature", "properties": { "waterway": "canal", "name": "Kali Baru Timur" }, "geometry": { "type": "LineString", "coordinates": [ [ 106.8720085, -6.2936019 ], [ 106.8720777, -6.293212 ], [ 106.8720562, -6.2931 ], [ 106.8720213, -6.2928633 ], [ 106.8719441, -6.2925539 ], [ 106.8718583, -6.2922233 ], [ 106.8716545, -6.2915568 ], [ 106.8709806, -6.2896747 ], [ 106.8707345, -6.2884202 ], [ 106.8706863, -6.2880676 ], [ 106.8706697, -6.2877449 ], [ 106.8706546, -6.2874516 ], [ 106.8706501, -6.2873645 ], [ 106.8706675, -6.2865722 ], [ 106.8706795, -6.2860355 ], [ 106.8707211, -6.2857572 ], [ 106.8708417, -6.2854921 ], [ 106.8710198, -6.2851952 ], [ 106.8710679, -6.284974 ], [ 106.8710734, -6.2848536 ], [ 106.8710841, -6.284588 ], [ 106.8712248, -6.2840567 ], [ 106.8713454, -6.2835573 ], [ 106.8714418, -6.2831498 ], [ 106.8716629, -6.2825226 ], [ 106.8717795, -6.282179 ], [ 106.8718277, -6.2820512 ], [ 106.8718518, -6.2819193 ], [ 106.8718438, -6.2818235 ], [ 106.8717955, -6.2817476 ], [ 106.871683, -6.2815878 ], [ 106.871253, -6.2811124 ], [ 106.8711042, -6.2809605 ], [ 106.8710108, -6.2808051 ], [ 106.8709596, -6.2806849 ], [ 106.8709167, -6.2805666 ], [ 106.8707926, -6.280333 ], [ 106.8706903, -6.2800936 ], [ 106.8705419, -6.2798472 ] ] } },
{ "type": "Feature", "properties": { "waterway": "drain", "name": "" }, "geometry": { "type": "LineString", "coordinates": [ [ 106.8748884, -6.2858934 ], [ 106.8748086, -6.285956 ] ] } },
{ "type": "Feature", "properties": { "waterway": "river", "name": "Kali Cipinang" }, "geometry": { "type": "LineString", "coordinates": [ [ 106.8722038, -6.2872993 ], [ 106.872232, -6.2871709 ], [ 106.8723126, -6.2871719 ], [ 106.8727283, -6.2872845 ], [ 106.8728112, -6.2872759 ], [ 106.8728973, -6.2872349 ], [ 106.8729714, -6.2871211 ], [ 106.8730363, -6.2869813 ], [ 106.8730363, -6.2868448 ], [ 106.8730706, -6.2867681 ], [ 106.8731908, -6.2866998 ], [ 106.8733023, -6.2866401 ], [ 106.8733538, -6.2865462 ], [ 106.8734654, -6.286495 ], [ 106.8739289, -6.2864609 ], [ 106.8740834, -6.2864268 ], [ 106.8742121, -6.2863756 ], [ 106.874298, -6.2862732 ], [ 106.8742806, -6.2861503 ], [ 106.8742885, -6.286013 ], [ 106.8743285, -6.2859416 ], [ 106.8744003, -6.2859154 ], [ 106.8745817, -6.2859069 ], [ 106.8746541, -6.2858828 ], [ 106.8747012, -6.2858423 ], [ 106.874709, -6.2857563 ], [ 106.8746802, -6.2856727 ], [ 106.8746192, -6.285516 ], [ 106.8746005, -6.285437 ], [ 106.874658, -6.2853454 ], [ 106.8751173, -6.2850422 ], [ 106.8753073, -6.2849546 ], [ 106.8754467, -6.2849311 ], [ 106.8757351, -6.2849266 ], [ 106.8759154, -6.2848634 ], [ 106.876073, -6.2847679 ], [ 106.8761616, -6.2846597 ], [ 106.8762259, -6.2844699 ], [ 106.876212, -6.2842427 ], [ 106.8757485, -6.283091 ], [ 106.8755597, -6.2826815 ], [ 106.8745812, -6.2805486 ], [ 106.8745469, -6.2803609 ], [ 106.8745782, -6.28023 ], [ 106.874708, -6.2801031 ] ] } },
{ "type": "Feature", "properties": { "waterway": "river", "name": "Ci Liwung" }, "geometry": { "type": "LineString", "coordinates": [ [ 106.8546166, -6.290632 ], [ 106.8545689, -6.2904091 ], [ 106.8544443, -6.2903085 ], [ 106.8541835, -6.2902059 ], [ 106.8539578, -6.2902021 ], [ 106.8535549, -6.2903007 ], [ 106.8531521, -6.290529 ], [ 106.8528271, -6.2907882 ], [ 106.8526461, -6.2908733 ], [ 106.8524262, -6.2909584 ], [ 106.8522666, -6.2909836 ], [ 106.8517626, -6.2910048 ], [ 106.8516633, -6.2911054 ], [ 106.8516244, -6.2912834 ], [ 106.8515874, -6.2916703 ], [ 106.8515952, -6.2920475 ], [ 106.8515349, -6.2921577 ], [ 106.8515057, -6.292328 ], [ 106.8515349, -6.2925021 ], [ 106.8513774, -6.2927463 ], [ 106.8512825, -6.2928319 ], [ 106.8510936, -6.2929263 ], [ 106.8509183, -6.2928995 ], [ 106.8505679, -6.2928091 ], [ 106.850318, -6.2926285 ], [ 106.8502614, -6.2925393 ], [ 106.8501418, -6.2922971 ], [ 106.8500366, -6.2920742 ], [ 106.8494713, -6.2908533 ], [ 106.8493846, -6.2905967 ], [ 106.8493794, -6.2903771 ], [ 106.8494935, -6.2901748 ], [ 106.8497315, -6.2901398 ], [ 106.849917, -6.2901025 ], [ 106.8502845, -6.2899861 ], [ 106.8505878, -6.2898992 ], [ 106.8507906, -6.2898448 ], [ 106.8509727, -6.2896848 ], [ 106.8510653, -6.2894968 ], [ 106.8512801, -6.2889881 ], [ 106.8513253, -6.2887281 ], [ 106.8512801, -6.2883098 ], [ 106.8512202, -6.2882081 ], [ 106.8510426, -6.2880983 ], [ 106.8507929, -6.2879361 ], [ 106.8506009, -6.2878549 ], [ 106.850428, -6.2878263 ], [ 106.850099, -6.2879866 ], [ 106.8499863, -6.2881699 ], [ 106.8498711, -6.2883369 ], [ 106.8496502, -6.2884944 ], [ 106.8494193, -6.2885213 ], [ 106.8493815, -6.2885122 ], [ 106.8484967, -6.2880443 ], [ 106.8483296, -6.2878802 ], [ 106.8481282, -6.287664 ], [ 106.8479698, -6.287454 ], [ 106.8477982, -6.2872132 ], [ 106.8477112, -6.2870477 ], [ 106.8475714, -6.2868361 ], [ 106.8474848, -6.2864361 ], [ 106.8474498, -6.2862438 ], [ 106.847406, -6.2859479 ], [ 106.8473582, -6.2855786 ], [ 106.8476739, -6.2849975 ], [ 106.8480469, -6.2845679 ], [ 106.8482391, -6.2844097 ], [ 106.848374, -6.2843009 ], [ 106.8486247, -6.2840709 ], [ 106.8486991, -6.2839566 ], [ 106.848807, -6.2838423 ], [ 106.8488725, -6.2838053 ], [ 106.848915, -6.28364 ], [ 106.8488672, -6.2834817 ], [ 106.8487867, -6.2833414 ], [ 106.8485911, -6.2832996 ], [ 106.8484248, -6.2834061 ], [ 106.8482919, -6.283479 ], [ 106.8481149, -6.2834923 ], [ 106.8479037, -6.2834657 ], [ 106.8477521, -6.2833957 ], [ 106.8476428, -6.283271 ], [ 106.8476178, -6.2830666 ], [ 106.8476709, -6.2829153 ], [ 106.8477205, -6.282852 ], [ 106.8477541, -6.2827799 ], [ 106.8477983, -6.282706 ], [ 106.8479558, -6.2825354 ], [ 106.8480337, -6.2824316 ], [ 106.8481363, -6.2822926 ], [ 106.8483098, -6.2820728 ], [ 106.8484726, -6.2818845 ], [ 106.848567, -6.2817304 ], [ 106.8487911, -6.2814043 ], [ 106.8488884, -6.2812865 ], [ 106.8490052, -6.2812056 ], [ 106.8490725, -6.2811229 ], [ 106.8491025, -6.2809875 ], [ 106.8493998, -6.2806269 ], [ 106.8495874, -6.2804422 ], [ 106.8498935, -6.2802804 ], [ 106.8502891, -6.2799872 ], [ 106.8503967, -6.2798803 ], [ 106.8504864, -6.2797326 ], [ 106.8504955, -6.2796767 ], [ 106.8504661, -6.2795634 ], [ 106.8502935, -6.279473 ], [ 106.8500333, -6.2794818 ], [ 106.8494438, -6.2795586 ], [ 106.8489571, -6.2796425 ], [ 106.8484483, -6.2797951 ], [ 106.8483151, -6.2798951 ], [ 106.8481133, -6.2799743 ], [ 106.8478331, -6.280025 ], [ 106.8474338, -6.2798798 ], [ 106.8472594, -6.2797725 ], [ 106.847035, -6.2795445 ], [ 106.8470076, -6.2795167 ], [ 106.8468217, -6.27934 ], [ 106.8467961, -6.2790495 ], [ 106.8468923, -6.2788044 ], [ 106.8475417, -6.2783641 ], [ 106.8477598, -6.2782367 ], [ 106.8479562, -6.278106 ], [ 106.848136, -6.2779852 ], [ 106.8485737, -6.2776183 ], [ 106.8488193, -6.2773453 ], [ 106.8489644, -6.2770857 ], [ 106.8490913, -6.2769328 ], [ 106.8492342, -6.2766318 ], [ 106.8494552, -6.276518 ], [ 106.8497563, -6.2765119 ], [ 106.8503519, -6.2767218 ], [ 106.8506233, -6.2767648 ], [ 106.8507649, -6.2767511 ], [ 106.8509402, -6.2767726 ], [ 106.8513272, -6.2766096 ], [ 106.8515425, -6.276473 ], [ 106.8517638, -6.2760931 ], [ 106.8518044, -6.2760079 ], [ 106.852005, -6.2755013 ], [ 106.8520313, -6.2753361 ], [ 106.8520254, -6.2751825 ], [ 106.851734, -6.2745335 ], [ 106.8515153, -6.2742003 ], [ 106.8513754, -6.2739975 ], [ 106.8512738, -6.2738338 ], [ 106.8512822, -6.2736163 ], [ 106.8514574, -6.2734262 ], [ 106.851766, -6.2732206 ], [ 106.8520345, -6.2731424 ], [ 106.8523323, -6.2732199 ], [ 106.8526, -6.2732843 ], [ 106.8531001, -6.2733729 ], [ 106.8533149, -6.273329 ], [ 106.8534662, -6.2731803 ], [ 106.8536196, -6.2729494 ], [ 106.8535714, -6.2727973 ], [ 106.8535537, -6.2725627 ], [ 106.8535081, -6.2723522 ], [ 106.8535402, -6.2720592 ], [ 106.8536318, -6.2719145 ], [ 106.8539823, -6.2719143 ], [ 106.8544028, -6.2719428 ], [ 106.8547957, -6.2721701 ], [ 106.8551577, -6.2724364 ], [ 106.8554537, -6.2725815 ], [ 106.8563995, -6.2726859 ], [ 106.8565795, -6.2727207 ], [ 106.8567026, -6.2726959 ] ] } },
{ "type": "Feature", "properties": { "waterway": "river", "name": "Kali Cipinang" }, "geometry": { "type": "LineString", "coordinates": [ [ 106.874708, -6.2801031 ], [ 106.8752345, -6.2798859 ] ] } },
{ "type": "Feature", "properties": { "waterway": "canal", "name": "Kali Baru Timur" }, "geometry": { "type": "LineString", "coordinates": [ [ 106.8705419, -6.2798472 ], [ 106.8704861, -6.2797544 ] ] } },
{ "type": "Feature", "properties": { "waterway": "river", "name": "" }, "geometry": { "type": "LineString", "coordinates": [ [ 106.8329061, -6.2891238 ], [ 106.8332112, -6.2891078 ], [ 106.8332433, -6.2886278 ], [ 106.8332863, -6.2882546 ], [ 106.8335867, -6.2880733 ], [ 106.833651, -6.2879346 ], [ 106.8339407, -6.2879027 ], [ 106.8341982, -6.2877 ], [ 106.8344235, -6.2873801 ], [ 106.834563, -6.2872948 ], [ 106.8347948, -6.2867323 ], [ 106.8353299, -6.2866734 ], [ 106.8353158, -6.2865451 ], [ 106.8352716, -6.2861714 ], [ 106.8351587, -6.2855351 ], [ 106.8351102, -6.2851193 ], [ 106.835078, -6.2843514 ], [ 106.834968, -6.2838249 ], [ 106.8349921, -6.2836369 ], [ 106.8349371, -6.2833783 ], [ 106.8345469, -6.2831516 ], [ 106.8345419, -6.2830053 ], [ 106.8345405, -6.282872 ], [ 106.8344583, -6.2827571 ], [ 106.8342147, -6.2826587 ], [ 106.8339998, -6.2826345 ], [ 106.8339675, -6.2823951 ], [ 106.8340426, -6.2817541 ], [ 106.8340057, -6.2814087 ], [ 106.8338752, -6.281143 ], [ 106.8339836, -6.2809601 ], [ 106.8339407, -6.2808535 ], [ 106.8340427, -6.2805549 ], [ 106.834284, -6.2798937 ], [ 106.8343008, -6.2797864 ], [ 106.8343049, -6.2797318 ], [ 106.8343538, -6.2794938 ], [ 106.8343967, -6.2792965 ], [ 106.8342465, -6.2792272 ], [ 106.8340856, -6.2791045 ], [ 106.8339957, -6.2789619 ], [ 106.8339139, -6.2788846 ], [ 106.8339085, -6.278686 ], [ 106.8338308, -6.2786073 ], [ 106.8337409, -6.2784607 ], [ 106.8337691, -6.2783154 ], [ 106.8336725, -6.2779634 ], [ 106.8334794, -6.2777182 ], [ 106.8333614, -6.2773876 ], [ 106.8334472, -6.2771103 ], [ 106.8334244, -6.2767237 ], [ 106.833187, -6.2764745 ], [ 106.8331695, -6.2763092 ], [ 106.8329926, -6.2761558 ], [ 106.8329241, -6.2759039 ], [ 106.8329926, -6.2756173 ], [ 106.8329547, -6.2754502 ], [ 106.8328759, -6.2752587 ], [ 106.8329065, -6.2750898 ], [ 106.8328799, -6.2750174 ], [ 106.8326506, -6.274972 ], [ 106.8326371, -6.2746821 ], [ 106.8326151, -6.274632 ], [ 106.8326291, -6.2745428 ], [ 106.8326586, -6.2743775 ], [ 106.8324923, -6.2742415 ], [ 106.8323099, -6.2740282 ], [ 106.8323239, -6.2739633 ], [ 106.8323628, -6.2738753 ], [ 106.8323937, -6.2738193 ], [ 106.8323963, -6.27371 ], [ 106.8323481, -6.2736593 ], [ 106.832289, -6.2735114 ], [ 106.8322944, -6.2734087 ], [ 106.8322917, -6.273348 ], [ 106.8322582, -6.2732727 ], [ 106.8321979, -6.2731941 ], [ 106.8321751, -6.2731208 ], [ 106.8322046, -6.2730488 ], [ 106.83223, -6.2728835 ], [ 106.8321898, -6.2727395 ], [ 106.8321791, -6.2726195 ], [ 106.8322649, -6.2725182 ], [ 106.8323548, -6.2724622 ], [ 106.8324178, -6.2723889 ], [ 106.8324285, -6.2723316 ], [ 106.8324111, -6.2722929 ], [ 106.8323521, -6.2722263 ], [ 106.8323373, -6.2721636 ], [ 106.832332, -6.2721183 ], [ 106.8323333, -6.2719796 ], [ 106.8324218, -6.2717997 ], [ 106.832466, -6.2717104 ], [ 106.8324527, -6.2716184 ], [ 106.8324868, -6.2715052 ] ] } },
{ "type": "Feature", "properties": { "waterway": "canal", "name": "Kali Baru Barat" }, "geometry": { "type": "LineString", "coordinates": [ [ 106.8364894, -6.3013071 ], [ 106.8363802, -6.300849 ], [ 106.8362988, -6.3004024 ], [ 106.8362354, -6.2995293 ], [ 106.8362032, -6.2989188 ], [ 106.8361925, -6.2987162 ], [ 106.8361877, -6.2986808 ], [ 106.836002, -6.2973058 ], [ 106.8359972, -6.2971971 ], [ 106.8360128, -6.2971299 ], [ 106.8360571, -6.2970305 ], [ 106.8361871, -6.2967886 ], [ 106.8366243, -6.2961861 ], [ 106.8368791, -6.2958475 ], [ 106.8373217, -6.2953463 ], [ 106.8376194, -6.2950264 ], [ 106.837685, -6.2949236 ], [ 106.8378613, -6.2946937 ], [ 106.8379332, -6.2945971 ], [ 106.8380087, -6.2945436 ], [ 106.8380812, -6.294514 ], [ 106.8381156, -6.2945092 ], [ 106.8382342, -6.2944737 ], [ 106.8383214, -6.2943938 ], [ 106.8384254, -6.2942973 ], [ 106.8388158, -6.2941219 ], [ 106.8390651, -6.2939866 ], [ 106.8391275, -6.2939769 ], [ 106.8392744, -6.2939114 ], [ 106.8396818, -6.2937859 ], [ 106.8397666, -6.2937223 ], [ 106.8400597, -6.2934677 ], [ 106.84023, -6.2933088 ], [ 106.8403392, -6.2932081 ], [ 106.8409024, -6.2927842 ], [ 106.8412414, -6.2925335 ], [ 106.8413665, -6.292331 ], [ 106.8415131, -6.2919994 ], [ 106.8416884, -6.2914908 ], [ 106.8420389, -6.2906533 ], [ 106.8422071, -6.2902261 ], [ 106.8423286, -6.2899471 ], [ 106.842446, -6.289603 ], [ 106.8425124, -6.289455 ], [ 106.8425678, -6.2893057 ], [ 106.8426425, -6.2891158 ], [ 106.8427288, -6.2888845 ], [ 106.8427887, -6.2887758 ], [ 106.8428973, -6.2886524 ], [ 106.843085, -6.2883112 ], [ 106.8431373, -6.2879325 ], [ 106.8431794, -6.2876947 ], [ 106.843233, -6.2872522 ], [ 106.8432821, -6.2869354 ], [ 106.8434529, -6.2859458 ], [ 106.8435235, -6.2853571 ], [ 106.8435771, -6.2850585 ], [ 106.8437368, -6.2840641 ], [ 106.843803, -6.2839249 ], [ 106.8439205, -6.2837201 ], [ 106.8440484, -6.2834663 ], [ 106.8441189, -6.2833362 ], [ 106.8441994, -6.2830216 ], [ 106.8443228, -6.2824777 ], [ 106.8445521, -6.2814806 ], [ 106.8446023, -6.2812055 ], [ 106.8446721, -6.2807256 ], [ 106.8447412, -6.2800676 ], [ 106.8448852, -6.2795098 ], [ 106.8451603, -6.2786866 ], [ 106.8452455, -6.2784839 ], [ 106.8455364, -6.2775721 ], [ 106.8457972, -6.2765504 ], [ 106.8460118, -6.275068 ], [ 106.8460761, -6.2745881 ], [ 106.8461403, -6.2739376 ], [ 106.8461726, -6.2729267 ], [ 106.8461976, -6.2724623 ], [ 106.8462171, -6.2722412 ], [ 106.8462449, -6.2717824 ], [ 106.8462727, -6.2715834 ], [ 106.8462727, -6.2712987 ], [ 106.8462977, -6.2710472 ], [ 106.8463965, -6.2708914 ], [ 106.8462969, -6.2703041 ], [ 106.8460012, -6.2694478 ], [ 106.845733, -6.2689679 ], [ 106.8456043, -6.268424 ], [ 106.8446226, -6.2669496 ], [ 106.8444094, -6.2666283 ], [ 106.8442458, -6.2663044 ], [ 106.8439306, -6.2656512 ], [ 106.8432868, -6.2643607 ], [ 106.8431152, -6.2627396 ], [ 106.8430508, -6.2611292 ], [ 106.8431581, -6.2599668 ], [ 106.8432127, -6.2591535 ], [ 106.843319, -6.2583564 ], [ 106.8433512, -6.2580044 ], [ 106.8432439, -6.2574179 ], [ 106.8429435, -6.2556795 ], [ 106.8427745, -6.2552929 ], [ 106.842451, -6.2548239 ], [ 106.8420621, -6.2542559 ], [ 106.8419645, -6.2540622 ], [ 106.8419346, -6.2538192 ], [ 106.8419039, -6.2534458 ], [ 106.8419042, -6.2533113 ], [ 106.8419303, -6.2532062 ], [ 106.8423771, -6.2521005 ], [ 106.8424587, -6.2518512 ], [ 106.842545, -6.2514894 ], [ 106.8425835, -6.250783 ], [ 106.8426207, -6.2501562 ], [ 106.8426847, -6.2482528 ], [ 106.8426474, -6.2474946 ], [ 106.842709, -6.2464862 ], [ 106.8427384, -6.2461683 ], [ 106.8427718, -6.2458037 ], [ 106.8427883, -6.245506 ], [ 106.8428144, -6.2451774 ], [ 106.8427016, -6.2443766 ], [ 106.842844, -6.2436614 ] ] } },
{ "type": "Feature", "properties": { "waterway": "river", "name": "" }, "geometry": { "type": "LineString", "coordinates": [ [ 106.8324868, -6.2715052 ], [ 106.8324628, -6.2712141 ], [ 106.8321297, -6.2711406 ], [ 106.8321232, -6.2710405 ], [ 106.8321514, -6.2710062 ], [ 106.8322101, -6.2709342 ], [ 106.8322256, -6.2709201 ], [ 106.8322701, -6.2708752 ], [ 106.8323169, -6.2708093 ], [ 106.8323558, -6.2707347 ], [ 106.8323773, -6.2705254 ], [ 106.8323719, -6.2704067 ], [ 106.8323759, -6.2703121 ], [ 106.8324068, -6.2702348 ], [ 106.8324396, -6.2701388 ], [ 106.8324678, -6.2701008 ], [ 106.8325154, -6.2700468 ], [ 106.832561, -6.2700028 ], [ 106.8325885, -6.2699628 ], [ 106.8325905, -6.2699082 ], [ 106.8325986, -6.2698475 ], [ 106.8326737, -6.2698395 ], [ 106.8327099, -6.2698242 ], [ 106.832726, -6.2697695 ], [ 106.8327112, -6.2697029 ], [ 106.8326696, -6.2696176 ], [ 106.832624, -6.2695496 ], [ 106.8325613, -6.2694799 ], [ 106.8325023, -6.2694119 ], [ 106.8325037, -6.2693573 ], [ 106.8325654, -6.2692266 ], [ 106.8326686, -6.2691466 ], [ 106.8327232, -6.2691104 ], [ 106.8327947, -6.269076 ], [ 106.8329114, -6.2690453 ], [ 106.8329556, -6.268996 ], [ 106.8329449, -6.268912 ], [ 106.8328872, -6.2688334 ], [ 106.8327732, -6.2687654 ], [ 106.8326928, -6.2687041 ], [ 106.8325982, -6.2686714 ], [ 106.8324956, -6.2686607 ], [ 106.8324172, -6.26868 ], [ 106.8323971, -6.2686068 ], [ 106.8323761, -6.2686029 ], [ 106.8323683, -6.2685308 ], [ 106.8323609, -6.2685034 ], [ 106.8322944, -6.2685094 ], [ 106.8322329, -6.2685037 ], [ 106.8321811, -6.2684801 ], [ 106.8321453, -6.2684102 ], [ 106.8321303, -6.2683622 ], [ 106.8321131, -6.2683066 ], [ 106.8320834, -6.2682515 ], [ 106.8320297, -6.2681548 ], [ 106.8320016, -6.2680582 ], [ 106.8319761, -6.2678942 ], [ 106.8319222, -6.2678304 ], [ 106.8318702, -6.2677142 ], [ 106.8318219, -6.2675796 ], [ 106.8318286, -6.2674876 ], [ 106.8318675, -6.2674263 ], [ 106.831894, -6.2673964 ], [ 106.8319205, -6.267367 ], [ 106.8319808, -6.2673409 ], [ 106.8320632, -6.2673243 ], [ 106.8321049, -6.2672943 ], [ 106.832125, -6.2672116 ], [ 106.8321263, -6.2671517 ], [ 106.8320874, -6.2670583 ], [ 106.8320499, -6.2669837 ], [ 106.8320405, -6.2669184 ], [ 106.8320647, -6.2668917 ], [ 106.8320914, -6.2668557 ], [ 106.8321304, -6.2668504 ], [ 106.8321773, -6.2668344 ], [ 106.8322095, -6.2667704 ], [ 106.8322215, -6.2667091 ], [ 106.8322148, -6.2666304 ], [ 106.8321478, -6.2665464 ], [ 106.8320298, -6.2664238 ], [ 106.831901, -6.2662731 ], [ 106.8318608, -6.2661838 ], [ 106.831838, -6.2661225 ], [ 106.8318393, -6.2660905 ], [ 106.8318058, -6.2660772 ], [ 106.8317199, -6.2661025 ], [ 106.8316315, -6.2661478 ], [ 106.8315872, -6.2662292 ], [ 106.8315617, -6.2662958 ], [ 106.8315094, -6.2663558 ], [ 106.8314303, -6.2663118 ], [ 106.8313539, -6.2662505 ], [ 106.8312841, -6.2661398 ], [ 106.8312439, -6.2660958 ], [ 106.8311822, -6.2660079 ], [ 106.8311554, -6.2659399 ], [ 106.8311234, -6.2658777 ], [ 106.8310802, -6.2658226 ], [ 106.8309175, -6.2657798 ], [ 106.8308281, -6.2658503 ], [ 106.8307788, -6.2659667 ], [ 106.8304584, -6.2661627 ], [ 106.8303876, -6.266178 ], [ 106.8303475, -6.2661198 ], [ 106.8302551, -6.2658442 ], [ 106.8302027, -6.2658258 ], [ 106.8301041, -6.265835 ], [ 106.8299932, -6.2658901 ], [ 106.8298946, -6.2659146 ], [ 106.829796, -6.2659269 ], [ 106.8296882, -6.2659238 ], [ 106.8296019, -6.2658901 ], [ 106.829491, -6.2658748 ], [ 106.8293215, -6.2658717 ], [ 106.8292137, -6.2658779 ], [ 106.8291736, -6.2658962 ], [ 106.8290904, -6.2659146 ], [ 106.8290072, -6.2659054 ], [ 106.8288278, -6.2658306 ], [ 106.8287251, -6.2658364 ], [ 106.8286714, -6.2658828 ], [ 106.8285932, -6.2659084 ], [ 106.8285056, -6.2658909 ], [ 106.8284718, -6.265855 ], [ 106.8284718, -6.2657935 ], [ 106.8284694, -6.2657238 ], [ 106.8283857, -6.2655596 ], [ 106.8282489, -6.2654289 ], [ 106.8280826, -6.2653809 ], [ 106.8273495, -6.2654895 ] ] } },
{ "type": "Feature", "properties": { "waterway": "river", "name": "Mampang" }, "geometry": { "type": "LineString", "coordinates": [ [ 106.8289303, -6.2789339 ], [ 106.8288338, -6.278786 ], [ 106.8286782, -6.2784087 ], [ 106.8286152, -6.2781434 ], [ 106.828512, -6.2780994 ], [ 106.8283443, -6.2775956 ], [ 106.8283741, -6.2774097 ], [ 106.8284261, -6.2772169 ], [ 106.8284921, -6.2769911 ], [ 106.8286897, -6.2768438 ], [ 106.8288998, -6.2766871 ], [ 106.8289749, -6.2765698 ], [ 106.828984, -6.2760865 ], [ 106.8289682, -6.2759086 ], [ 106.8290286, -6.2757007 ], [ 106.8290433, -6.2755514 ], [ 106.8288744, -6.2753289 ], [ 106.8288123, -6.2751267 ], [ 106.8288123, -6.2747428 ], [ 106.8290913, -6.2744868 ], [ 106.8291181, -6.2743095 ], [ 106.8290806, -6.2741562 ], [ 106.8289303, -6.2740282 ], [ 106.8288982, -6.2738576 ], [ 106.8289518, -6.2737403 ], [ 106.828923, -6.2735736 ], [ 106.8287694, -6.2733564 ], [ 106.8287158, -6.2732817 ], [ 106.8286621, -6.2731751 ], [ 106.8287372, -6.273079 ], [ 106.828866, -6.2729831 ], [ 106.8289411, -6.2728871 ], [ 106.8287924, -6.2726867 ], [ 106.828792, -6.2726714 ], [ 106.8287974, -6.2725608 ], [ 106.8288779, -6.2725101 ], [ 106.8289114, -6.2724022 ], [ 106.8288819, -6.2722636 ], [ 106.8287813, -6.2721182 ], [ 106.8286472, -6.2719329 ], [ 106.828666, -6.2717916 ], [ 106.8287961, -6.2716025 ], [ 106.8288752, -6.2714439 ], [ 106.8287773, -6.2712839 ], [ 106.8287089, -6.2709786 ], [ 106.8287157, -6.2708667 ], [ 106.8290134, -6.2705081 ], [ 106.828949, -6.2703481 ], [ 106.8287411, -6.2702348 ], [ 106.8289597, -6.2697815 ], [ 106.8290952, -6.2694563 ], [ 106.8290053, -6.269219 ], [ 106.8287867, -6.268959 ], [ 106.8287158, -6.2686319 ], [ 106.8284797, -6.268248 ], [ 106.8283818, -6.2677894 ], [ 106.8283792, -6.2677575 ], [ 106.8283979, -6.2677348 ], [ 106.8284901, -6.267681 ], [ 106.8285132, -6.2676401 ], [ 106.828521, -6.2675837 ], [ 106.8285022, -6.2675317 ], [ 106.8284543, -6.2674574 ], [ 106.8284006, -6.2673535 ], [ 106.8283832, -6.2672348 ], [ 106.8283295, -6.2669042 ], [ 106.8282759, -6.2667763 ], [ 106.8281298, -6.266566 ], [ 106.8280392, -6.266506 ], [ 106.82796, -6.2664083 ], [ 106.8279147, -6.2660523 ], [ 106.8278745, -6.2659763 ], [ 106.8278517, -6.2658963 ], [ 106.8278253, -6.2656885 ], [ 106.8273495, -6.2654895 ], [ 106.8272438, -6.2654453 ], [ 106.8270391, -6.2654592 ], [ 106.8268961, -6.2655497 ], [ 106.8267768, -6.2655658 ], [ 106.8266615, -6.265573 ], [ 106.8266186, -6.2654877 ], [ 106.8264812, -6.265155 ], [ 106.826404, -6.2650526 ], [ 106.8263096, -6.2648734 ], [ 106.8262743, -6.2643408 ], [ 106.8262743, -6.2641445 ], [ 106.8263172, -6.2638886 ], [ 106.826343, -6.2636838 ], [ 106.8262572, -6.2634279 ], [ 106.8261456, -6.2631719 ], [ 106.8261027, -6.2629757 ], [ 106.826034, -6.2625064 ], [ 106.8259997, -6.2622078 ], [ 106.8259482, -6.2618921 ], [ 106.8258881, -6.2615509 ], [ 106.8258023, -6.2612266 ], [ 106.8255705, -6.2610389 ], [ 106.8252873, -6.2609024 ], [ 106.8250555, -6.2607147 ], [ 106.8247841, -6.2605455 ], [ 106.8246336, -6.2604274 ], [ 106.8245711, -6.2602762 ], [ 106.8245866, -6.2600754 ], [ 106.8247417, -6.2600138 ], [ 106.8248528, -6.2599721 ], [ 106.8249159, -6.2599001 ], [ 106.824987, -6.2597561 ], [ 106.8249573, -6.2596525 ], [ 106.8248636, -6.2594935 ], [ 106.8249107, -6.259199 ], [ 106.8248457, -6.2589577 ], [ 106.824779, -6.2586831 ], [ 106.8247895, -6.2583002 ], [ 106.8248581, -6.257703 ], [ 106.824841, -6.2573873 ], [ 106.8248581, -6.2570204 ], [ 106.8247895, -6.2566621 ], [ 106.8247895, -6.2564061 ], [ 106.8247294, -6.2559625 ], [ 106.8248753, -6.2556809 ], [ 106.8250126, -6.2555359 ], [ 106.8251156, -6.2553823 ], [ 106.8253731, -6.2550837 ], [ 106.8252873, -6.2546315 ], [ 106.8251493, -6.2546249 ], [ 106.8250139, -6.2546324 ], [ 106.8246865, -6.2545973 ], [ 106.8245523, -6.2544162 ], [ 106.8245028, -6.2544296 ], [ 106.8244632, -6.25449 ], [ 106.8243996, -6.2545309 ], [ 106.8242745, -6.254512 ], [ 106.8241886, -6.2543158 ], [ 106.823975, -6.2541518 ], [ 106.8238711, -6.2538039 ], [ 106.8237252, -6.2539489 ], [ 106.823668, -6.2539763 ], [ 106.8236023, -6.2539737 ], [ 106.82355, -6.253891 ], [ 106.823497, -6.253885 ], [ 106.823401, -6.2539165 ], [ 106.8233093, -6.2539297 ], [ 106.8232378, -6.2538561 ], [ 106.8232931, -6.2537054 ], [ 106.8233303, -6.2535132 ], [ 106.8233818, -6.2533175 ], [ 106.8236697, -6.2532162 ], [ 106.8236994, -6.253036 ], [ 106.8235707, -6.252652 ], [ 106.8235535, -6.2522425 ], [ 106.8237944, -6.2521455 ], [ 106.8239596, -6.2519599 ], [ 106.8239043, -6.2516696 ], [ 106.8239598, -6.2512523 ], [ 106.8239529, -6.2507683 ], [ 106.8239209, -6.2505294 ], [ 106.8238952, -6.249882 ], [ 106.8237439, -6.2491792 ], [ 106.8236393, -6.249043 ], [ 106.8234131, -6.2485634 ], [ 106.8232018, -6.2483396 ], [ 106.8228169, -6.2481157 ], [ 106.8225493, -6.2477131 ], [ 106.822435, -6.2471062 ], [ 106.8223519, -6.2468769 ], [ 106.8222725, -6.246605 ], [ 106.8223812, -6.2461714 ], [ 106.8224699, -6.2459403 ], [ 106.822623, -6.2457276 ], [ 106.8226769, -6.2454324 ], [ 106.8226293, -6.2448584 ], [ 106.8226056, -6.2446108 ], [ 106.8226282, -6.2445415 ], [ 106.8226851, -6.2445124 ], [ 106.8228555, -6.2444838 ], [ 106.8230323, -6.2444585 ], [ 106.823235, -6.2444078 ], [ 106.8233082, -6.2443598 ], [ 106.8234041, -6.2442051 ], [ 106.8234581, -6.2439561 ], [ 106.8234847, -6.2438634 ], [ 106.8235082, -6.2438063 ], [ 106.8235664, -6.2436519 ], [ 106.8235427, -6.2435928 ], [ 106.82348, -6.2435165 ], [ 106.823319, -6.2434838 ], [ 106.8232086, -6.2434315 ], [ 106.8231784, -6.2433814 ], [ 106.8231796, -6.2433321 ], [ 106.8234256, -6.2430994 ], [ 106.8234694, -6.2429894 ], [ 106.8234805, -6.2429212 ], [ 106.8234593, -6.2428781 ], [ 106.8232788, -6.2425935 ], [ 106.8231055, -6.242325 ], [ 106.8229903, -6.2423373 ], [ 106.8228392, -6.2424274 ], [ 106.8226943, -6.2423973 ], [ 106.8226146, -6.2423286 ], [ 106.8224905, -6.2422872 ], [ 106.8223591, -6.2423152 ], [ 106.8222577, -6.2422953 ], [ 106.8221921, -6.2421739 ], [ 106.8221197, -6.2420846 ], [ 106.8220504, -6.2420816 ], [ 106.8219293, -6.2420926 ], [ 106.8217878, -6.2421048 ], [ 106.8216443, -6.2420419 ], [ 106.8214962, -6.2419297 ], [ 106.821441, -6.2418369 ], [ 106.8213632, -6.2417556 ], [ 106.8213438, -6.2416545 ], [ 106.8213922, -6.2415936 ], [ 106.8214834, -6.241578 ], [ 106.821628, -6.2415575 ], [ 106.8216881, -6.2414259 ], [ 106.8216704, -6.2412433 ], [ 106.8215437, -6.240998 ], [ 106.8214662, -6.2408211 ], [ 106.8213587, -6.2406611 ] ] } },
{ "type": "Feature", "properties": { "waterway": "river", "name": "Kali Cideng" }, "geometry": { "type": "LineString", "coordinates": [ [ 106.8356435, -6.2525156 ], [ 106.8356663, -6.2523543 ], [ 106.8357401, -6.252117 ], [ 106.8357803, -6.252013 ], [ 106.835787, -6.2519464 ], [ 106.8357589, -6.2518931 ], [ 106.8357334, -6.251845 ] ] } },
{ "type": "Feature", "properties": { "waterway": "river", "name": "Kali Cideng" }, "geometry": { "type": "LineString", "coordinates": [ [ 106.8357334, -6.251845 ], [ 106.8357358, -6.2517508 ] ] } },
{ "type": "Feature", "properties": { "waterway": "river", "name": "Kali Cideng" }, "geometry": { "type": "LineString", "coordinates": [ [ 106.8357358, -6.2517508 ], [ 106.8357368, -6.2517141 ], [ 106.8357247, -6.2516108 ], [ 106.8357355, -6.2515351 ], [ 106.8357245, -6.2513202 ], [ 106.835714, -6.2512168 ], [ 106.835743, -6.2511124 ], [ 106.8357466, -6.2509889 ] ] } },
{ "type": "Feature", "properties": { "waterway": "river", "name": "Kali Cideng" }, "geometry": { "type": "LineString", "coordinates": [ [ 106.8357466, -6.2509889 ], [ 106.8357488, -6.2509163 ] ] } },
{ "type": "Feature", "properties": { "waterway": "river", "name": "Kali Cideng" }, "geometry": { "type": "LineString", "coordinates": [ [ 106.8357488, -6.2509163 ], [ 106.8357535, -6.2507546 ], [ 106.8357609, -6.2504354 ], [ 106.8357297, -6.2503916 ], [ 106.8356845, -6.250336 ], [ 106.8356789, -6.2503083 ], [ 106.8356372, -6.2500754 ], [ 106.8356171, -6.2499924 ], [ 106.8356107, -6.2499548 ], [ 106.8356128, -6.2499226 ], [ 106.8355962, -6.2498375 ], [ 106.8355773, -6.2497221 ], [ 106.8355278, -6.2496226 ], [ 106.8354867, -6.2494945 ], [ 106.8354463, -6.2493945 ], [ 106.8354174, -6.2492872 ], [ 106.8353289, -6.2489805 ], [ 106.8352477, -6.2488394 ], [ 106.835231, -6.2487251 ], [ 106.8352192, -6.2486811 ], [ 106.8352125, -6.2486546 ], [ 106.8352058, -6.2485753 ], [ 106.8352179, -6.2484842 ], [ 106.8353044, -6.2480912 ], [ 106.8353723, -6.2473435 ] ] } },
{ "type": "Feature", "properties": { "waterway": "river", "name": "Kali Cideng" }, "geometry": { "type": "LineString", "coordinates": [ [ 106.8353723, -6.2473435 ], [ 106.8353732, -6.2473251 ], [ 106.8353969, -6.247203 ], [ 106.8354462, -6.2469265 ], [ 106.8354634, -6.2468251 ], [ 106.8354703, -6.2467866 ], [ 106.8354734, -6.2467494 ], [ 106.8354801, -6.2467237 ], [ 106.8354899, -6.2466924 ], [ 106.8354919, -6.2466772 ], [ 106.8355063, -6.2466174 ], [ 106.8355117, -6.2465576 ], [ 106.835518, -6.2464944 ], [ 106.8355378, -6.2463593 ], [ 106.8355427, -6.2462877 ], [ 106.8355374, -6.2462031 ], [ 106.8355386, -6.246159 ], [ 106.8355288, -6.2461088 ], [ 106.8355274, -6.2460475 ], [ 106.8355218, -6.245973 ], [ 106.8354995, -6.2458901 ], [ 106.8354749, -6.2457964 ], [ 106.8354299, -6.2456707 ], [ 106.8354585, -6.2454562 ], [ 106.8354298, -6.2451841 ], [ 106.8353839, -6.2446299 ], [ 106.8353407, -6.2442763 ], [ 106.8353212, -6.2442369 ], [ 106.835301, -6.2441456 ], [ 106.8352769, -6.244065 ], [ 106.8352425, -6.2439429 ], [ 106.8352353, -6.243853 ], [ 106.8352192, -6.243734 ], [ 106.8352716, -6.2435504 ], [ 106.8353017, -6.243393 ], [ 106.8353013, -6.2433277 ], [ 106.8353185, -6.2432637 ], [ 106.8353473, -6.2431551 ], [ 106.8353272, -6.2431164 ], [ 106.8353211, -6.2429989 ], [ 106.8352863, -6.2428991 ], [ 106.8352682, -6.2427951 ], [ 106.8352471, -6.2427442 ], [ 106.8352273, -6.2426718 ], [ 106.8352266, -6.2426033 ], [ 106.8352085, -6.2425305 ], [ 106.8351884, -6.2424595 ], [ 106.8351655, -6.2423 ], [ 106.8351443, -6.2419863 ], [ 106.8352803, -6.2413972 ] ] } },
{ "type": "Feature", "properties": { "waterway": "drain", "name": "" }, "geometry": { "type": "LineString", "coordinates": [ [ 106.8895456, -6.2689812 ], [ 106.8898487, -6.2674375 ], [ 106.8904495, -6.2657738 ], [ 106.8909055, -6.264846 ] ] } },
{ "type": "Feature", "properties": { "waterway": "river", "name": "Cipinang" }, "geometry": { "type": "LineString", "coordinates": [ [ 106.8752345, -6.2798859 ], [ 106.8755254, -6.2797296 ], [ 106.8757657, -6.2796869 ], [ 106.8760224, -6.2795302 ], [ 106.8761948, -6.2794736 ], [ 106.8762635, -6.2793627 ], [ 106.8761605, -6.2792603 ], [ 106.8760918, -6.2789788 ], [ 106.8761084, -6.2787455 ], [ 106.8761154, -6.2786451 ], [ 106.8761862, -6.2786034 ], [ 106.8763322, -6.2785181 ], [ 106.8766068, -6.278501 ], [ 106.87683, -6.2784498 ], [ 106.8768901, -6.2783474 ], [ 106.8768643, -6.2781427 ], [ 106.8767956, -6.277972 ], [ 106.8768711, -6.2779077 ], [ 106.876841, -6.2778263 ], [ 106.8769134, -6.277781 ], [ 106.8770878, -6.277749 ], [ 106.8771709, -6.2776423 ], [ 106.8771521, -6.2775463 ], [ 106.877136, -6.277421 ], [ 106.8771629, -6.2773384 ], [ 106.8772299, -6.2772931 ], [ 106.8773613, -6.277421 ], [ 106.8774552, -6.2774264 ], [ 106.8776309, -6.2773087 ], [ 106.8777583, -6.2771524 ], [ 106.8777141, -6.2770844 ], [ 106.8774727, -6.2770004 ], [ 106.8774539, -6.2769538 ], [ 106.8774633, -6.2768072 ], [ 106.8776202, -6.2767312 ], [ 106.8776457, -6.2766379 ], [ 106.877643, -6.2764632 ], [ 106.8775706, -6.2762326 ], [ 106.8775826, -6.2760953 ], [ 106.8778066, -6.275654 ], [ 106.8782009, -6.2758007 ], [ 106.8785777, -6.275918 ], [ 106.8786957, -6.2760033 ], [ 106.8787601, -6.2760993 ], [ 106.8788459, -6.2762166 ], [ 106.8790552, -6.2763472 ], [ 106.8790042, -6.2764566 ], [ 106.8789559, -6.2766832 ], [ 106.8790981, -6.2767445 ], [ 106.8794173, -6.2765925 ], [ 106.8795406, -6.2765605 ], [ 106.879656, -6.2765499 ], [ 106.8796828, -6.2765792 ], [ 106.8796694, -6.2768885 ], [ 106.8797257, -6.2770564 ], [ 106.8799778, -6.2770324 ], [ 106.8800422, -6.2768618 ], [ 106.8800556, -6.2766832 ], [ 106.8801549, -6.2766538 ], [ 106.8802434, -6.2768005 ], [ 106.8804043, -6.2768405 ], [ 106.8805304, -6.2768378 ], [ 106.8806779, -6.2769125 ], [ 106.8807986, -6.2768165 ], [ 106.8807959, -6.2767178 ], [ 106.8806591, -6.2765605 ], [ 106.8806403, -6.2764166 ], [ 106.8806645, -6.2762539 ], [ 106.8807101, -6.2761153 ], [ 106.8807825, -6.2761286 ], [ 106.8808656, -6.2762513 ], [ 106.8809649, -6.2763366 ], [ 106.8811419, -6.2763206 ], [ 106.8812036, -6.2760913 ], [ 106.8812653, -6.2760006 ], [ 106.8813538, -6.2760326 ], [ 106.8814235, -6.276134 ], [ 106.8815174, -6.2761979 ], [ 106.8815898, -6.2760486 ], [ 106.8815952, -6.2759047 ], [ 106.8815416, -6.2757927 ], [ 106.8815979, -6.275654 ], [ 106.8816891, -6.2755554 ], [ 106.8816542, -6.2755074 ], [ 106.8815389, -6.2754328 ], [ 106.8815603, -6.2753341 ], [ 106.8816381, -6.2750622 ], [ 106.8816247, -6.2746169 ], [ 106.8816328, -6.2742863 ], [ 106.8817079, -6.274041 ], [ 106.8817776, -6.2739264 ], [ 106.8819117, -6.2738331 ], [ 106.8819895, -6.2736251 ], [ 106.8820807, -6.2736278 ], [ 106.8822309, -6.2736571 ], [ 106.8822765, -6.2735638 ], [ 106.8822631, -6.2733185 ], [ 106.8822953, -6.2730946 ], [ 106.8823543, -6.2729479 ], [ 106.8823114, -6.2726466 ], [ 106.8821397, -6.2724707 ], [ 106.8815523, -6.272676 ], [ 106.8800234, -6.2733692 ], [ 106.8785187, -6.2740917 ], [ 106.8781942, -6.2741903 ], [ 106.8777784, -6.274129 ], [ 106.8774378, -6.2737024 ], [ 106.8771213, -6.2729399 ], [ 106.8770959, -6.2724948 ], [ 106.877214, -6.2720661 ], [ 106.8774154, -6.2716181 ], [ 106.8775318, -6.2712103 ], [ 106.8776062, -6.2709278 ], [ 106.8776515, -6.2706244 ], [ 106.8776574, -6.2705221 ], [ 106.8776905, -6.2704701 ], [ 106.8778721, -6.2703052 ], [ 106.8782863, -6.2698407 ], [ 106.8785731, -6.2695451 ], [ 106.878743, -6.2693339 ], [ 106.8787787, -6.2692003 ], [ 106.8787643, -6.2690383 ], [ 106.8786368, -6.2689011 ], [ 106.8784669, -6.2688588 ], [ 106.8783713, -6.2685949 ], [ 106.8784244, -6.268426 ], [ 106.8785518, -6.2682887 ], [ 106.8786338, -6.2682215 ], [ 106.8786262, -6.2680987 ], [ 106.8785943, -6.2679298 ], [ 106.8786687, -6.2678031 ], [ 106.8788386, -6.2677609 ], [ 106.8788811, -6.2675708 ], [ 106.878913, -6.2674336 ], [ 106.8789406, -6.2672432 ], [ 106.8789452, -6.2669887 ], [ 106.8789582, -6.2668178 ], [ 106.8790125, -6.2665985 ], [ 106.879136, -6.2664834 ], [ 106.8792023, -6.2662749 ], [ 106.879136, -6.2661456 ], [ 106.8789236, -6.2660189 ], [ 106.878848, -6.2657219 ], [ 106.8786902, -6.2655004 ], [ 106.8785899, -6.2654726 ], [ 106.8785235, -6.2654067 ], [ 106.8785731, -6.2653221 ], [ 106.8787401, -6.2652826 ], [ 106.8787565, -6.2651212 ], [ 106.8787324, -6.2649737 ], [ 106.8787749, -6.2647309 ], [ 106.8788811, -6.2645514 ], [ 106.8791118, -6.2645224 ], [ 106.8793203, -6.2641981 ], [ 106.8790829, -6.2639179 ], [ 106.8790935, -6.2637173 ], [ 106.8793166, -6.2636118 ], [ 106.8795577, -6.2634332 ], [ 106.8794568, -6.263222 ], [ 106.8792922, -6.2631217 ], [ 106.8792739, -6.2629278 ], [ 106.87934, -6.2628684 ], [ 106.8794781, -6.2628472 ], [ 106.8795896, -6.2627786 ], [ 106.8796533, -6.262615 ], [ 106.8796905, -6.262388 ], [ 106.8797277, -6.2622138 ], [ 106.8797755, -6.2620924 ], [ 106.8798498, -6.2619551 ], [ 106.8799879, -6.2619023 ], [ 106.8800622, -6.2617862 ], [ 106.8801578, -6.2615381 ], [ 106.8802481, -6.2613797 ], [ 106.8802853, -6.2611633 ], [ 106.8802746, -6.260968 ], [ 106.8803596, -6.2609152 ], [ 106.8804764, -6.2608624 ], [ 106.8805508, -6.2607199 ], [ 106.8806229, -6.2605894 ], [ 106.8807398, -6.2602621 ], [ 106.8808456, -6.2599345 ], [ 106.8809442, -6.2596918 ], [ 106.8811221, -6.259523 ], [ 106.8812708, -6.2593858 ], [ 106.8813325, -6.2593631 ], [ 106.8814393, -6.2593736 ], [ 106.8816497, -6.259403 ], [ 106.8818531, -6.2594226 ], [ 106.8819612, -6.2593858 ], [ 106.8819776, -6.2593017 ], [ 106.881914, -6.2592007 ], [ 106.8817211, -6.2589706 ], [ 106.8817381, -6.258879 ], [ 106.881855, -6.2587101 ], [ 106.881993, -6.2585728 ], [ 106.8821123, -6.2584308 ], [ 106.8822639, -6.2582994 ], [ 106.8823435, -6.2581505 ], [ 106.8821896, -6.2580157 ], [ 106.8821245, -6.2579768 ], [ 106.8820992, -6.257876 ], [ 106.8821325, -6.2578062 ], [ 106.8821842, -6.2577599 ], [ 106.8823223, -6.2575702 ], [ 106.8824222, -6.2574089 ], [ 106.8825453, -6.2572109 ], [ 106.8825375, -6.2570969 ], [ 106.8824604, -6.2569364 ], [ 106.8823223, -6.2568414 ], [ 106.8822161, -6.2567041 ], [ 106.8822373, -6.2565669 ], [ 106.8823229, -6.2565344 ], [ 106.8823966, -6.2564719 ], [ 106.8824208, -6.2563491 ], [ 106.8823809, -6.2562049 ], [ 106.8822505, -6.2560731 ], [ 106.8821554, -6.255978 ], [ 106.882078, -6.2558278 ], [ 106.8821205, -6.2556378 ], [ 106.8820992, -6.2555006 ], [ 106.8817594, -6.2548143 ], [ 106.8812177, -6.2537691 ], [ 106.881154, -6.2535474 ], [ 106.8813558, -6.2532834 ], [ 106.8816319, -6.2529984 ], [ 106.8816532, -6.2523438 ], [ 106.8815045, -6.2504434 ], [ 106.8814089, -6.2499261 ], [ 106.8816213, -6.2495249 ], [ 106.8818762, -6.2491342 ], [ 106.8819631, -6.2486846 ], [ 106.8817312, -6.2481545 ], [ 106.8814901, -6.2479011 ] ] } },
{ "type": "Feature", "properties": { "waterway": "drain", "name": "" }, "geometry": { "type": "LineString", "coordinates": [ [ 106.8909055, -6.264846 ], [ 106.8907446, -6.2647127 ], [ 106.8905675, -6.2644994 ], [ 106.8903744, -6.2642061 ], [ 106.8902644, -6.2639981 ], [ 106.890015, -6.2634116 ], [ 106.8899614, -6.2633476 ], [ 106.8892452, -6.2629636 ], [ 106.8889193, -6.2628423 ], [ 106.8888415, -6.2626837 ], [ 106.8885049, -6.2628037 ], [ 106.8879122, -6.2618998 ], [ 106.887652, -6.2617625 ] ] } },
{ "type": "Feature", "properties": { "waterway": "river", "name": "" }, "geometry": { "type": "LineString", "coordinates": [ [ 106.872879, -6.2712441 ], [ 106.8730904, -6.2712233 ], [ 106.8731938, -6.271181 ], [ 106.8731969, -6.2709124 ], [ 106.8732194, -6.2708044 ], [ 106.8733768, -6.270254 ], [ 106.8734355, -6.2701181 ], [ 106.8735208, -6.2700477 ], [ 106.8737383, -6.2699807 ], [ 106.873863, -6.2699229 ], [ 106.8739439, -6.2698544 ], [ 106.8739689, -6.2697638 ], [ 106.8739666, -6.2695954 ], [ 106.8739359, -6.2694352 ], [ 106.8739784, -6.2689812 ], [ 106.8740634, -6.2686117 ], [ 106.8742333, -6.2681366 ], [ 106.8744615, -6.2675891 ], [ 106.8746865, -6.2675455 ], [ 106.8750496, -6.267488 ], [ 106.8750939, -6.2668317 ], [ 106.8751361, -6.2661202 ], [ 106.8750818, -6.2656358 ], [ 106.8749106, -6.2652543 ], [ 106.8748221, -6.2650016 ], [ 106.8748128, -6.2647966 ], [ 106.8746794, -6.2644732 ], [ 106.8746475, -6.264072 ], [ 106.8746051, -6.2636075 ], [ 106.8745413, -6.2632802 ], [ 106.8746263, -6.2630901 ], [ 106.8747006, -6.2627629 ], [ 106.8748493, -6.2623194 ], [ 106.8749619, -6.2619449 ], [ 106.8750268, -6.2615831 ], [ 106.8752667, -6.2601155 ], [ 106.8755046, -6.2586654 ], [ 106.875548, -6.2584726 ], [ 106.8755914, -6.2581675 ], [ 106.8756522, -6.257425 ], [ 106.8757072, -6.2564379 ], [ 106.8757838, -6.2560209 ], [ 106.8757912, -6.2559803 ], [ 106.8758404, -6.2555746 ], [ 106.875881, -6.2553846 ], [ 106.8759389, -6.2552695 ], [ 106.8760199, -6.2551055 ], [ 106.8760141, -6.2549616 ], [ 106.8759504, -6.2548263 ], [ 106.8758665, -6.2546623 ], [ 106.8758375, -6.2545615 ], [ 106.8758607, -6.2543543 ], [ 106.8759215, -6.2541529 ], [ 106.875962, -6.2539745 ], [ 106.876376, -6.2535313 ], [ 106.8764223, -6.2531571 ], [ 106.8765526, -6.2526046 ], [ 106.8765816, -6.2524492 ], [ 106.8766047, -6.2523082 ], [ 106.876625, -6.2521614 ], [ 106.8767234, -6.2520607 ], [ 106.8767524, -6.2519887 ], [ 106.8768942, -6.2515887 ], [ 106.8770332, -6.2510908 ], [ 106.877178, -6.2505407 ], [ 106.8772135, -6.2503164 ], [ 106.8772659, -6.2500974 ], [ 106.8773754, -6.2496155 ], [ 106.877565, -6.2489099 ] ] } },
{ "type": "Feature", "properties": { "waterway": "river", "name": "" }, "geometry": { "type": "LineString", "coordinates": [ [ 106.8757838, -6.2560209 ], [ 106.8756407, -6.2560264 ], [ 106.875467, -6.2560177 ], [ 106.8753685, -6.256012 ], [ 106.8752701, -6.2560091 ], [ 106.8752267, -6.255989 ], [ 106.8752093, -6.2559285 ] ] } },
{ "type": "Feature", "properties": { "waterway": "river", "name": "Kali Sunter" }, "geometry": { "type": "LineString", "coordinates": [ [ 106.9053196, -6.2604092 ], [ 106.9053665, -6.2600519 ], [ 106.9053944, -6.2599077 ], [ 106.9054625, -6.2597834 ], [ 106.9055457, -6.2596994 ], [ 106.905746, -6.2595585 ], [ 106.9059315, -6.2594963 ], [ 106.9061445, -6.2594193 ], [ 106.9062862, -6.2593144 ], [ 106.9063509, -6.2591893 ], [ 106.9062742, -6.2589424 ], [ 106.9060036, -6.2587535 ], [ 106.9057175, -6.2587739 ], [ 106.9054718, -6.2587776 ], [ 106.9053581, -6.2586722 ], [ 106.90524, -6.2583998 ], [ 106.9051581, -6.257991 ], [ 106.905153, -6.2578506 ], [ 106.9052238, -6.2576977 ], [ 106.9052713, -6.2576122 ], [ 106.9053756, -6.2575374 ], [ 106.9055393, -6.257508 ], [ 106.9056481, -6.2574829 ], [ 106.9057498, -6.2574721 ], [ 106.9058212, -6.2574603 ], [ 106.9059858, -6.2574094 ], [ 106.9061789, -6.2572934 ], [ 106.9062675, -6.2571215 ], [ 106.9062621, -6.2569761 ], [ 106.906022, -6.2566198 ], [ 106.9058889, -6.2564196 ], [ 106.9056638, -6.2563525 ], [ 106.9055564, -6.2563969 ], [ 106.9054735, -6.2566606 ], [ 106.9053609, -6.2567966 ], [ 106.9051587, -6.2568862 ], [ 106.9049352, -6.2569475 ], [ 106.904734, -6.2569813 ], [ 106.9044472, -6.2571241 ], [ 106.9042181, -6.2570732 ], [ 106.9039959, -6.2568684 ], [ 106.903843, -6.2562979 ], [ 106.9038792, -6.2561192 ], [ 106.9041244, -6.2559136 ], [ 106.9042156, -6.255827 ], [ 106.9042435, -6.2557087 ], [ 106.9041228, -6.255482 ], [ 106.903945, -6.2552181 ], [ 106.9036875, -6.2549688 ], [ 106.903438, -6.2547694 ], [ 106.9032581, -6.2545365 ], [ 106.9031518, -6.2543223 ], [ 106.9031443, -6.2540315 ], [ 106.9031668, -6.2538486 ], [ 106.9033952, -6.2534506 ], [ 106.9034381, -6.2533372 ], [ 106.9034502, -6.2532119 ], [ 106.9034193, -6.2530919 ], [ 106.9025852, -6.2522907 ], [ 106.9018074, -6.2513216 ], [ 106.9005802, -6.2495191 ], [ 106.9005508, -6.2493578 ], [ 106.9005561, -6.2492805 ], [ 106.9006017, -6.2491525 ], [ 106.9006339, -6.2490406 ], [ 106.9006419, -6.2489072 ], [ 106.9006137, -6.2487019 ], [ 106.9005145, -6.2484393 ], [ 106.9001815, -6.2481775 ], [ 106.9001725, -6.2480618 ], [ 106.9001869, -6.2479162 ], [ 106.9001805, -6.2477898 ], [ 106.9001537, -6.2476752 ], [ 106.9000249, -6.2473259 ], [ 106.8999016, -6.2469313 ], [ 106.8996655, -6.2464913 ], [ 106.8996659, -6.2463011 ], [ 106.8995714, -6.2461771 ], [ 106.899365, -6.2461341 ], [ 106.8991972, -6.2460418 ], [ 106.8991103, -6.2459181 ], [ 106.8990228, -6.2458765 ], [ 106.8988132, -6.2458734 ], [ 106.8986554, -6.2458478 ], [ 106.8984813, -6.2456722 ], [ 106.8983409, -6.2455866 ], [ 106.8980063, -6.2454979 ], [ 106.8978389, -6.2453662 ], [ 106.8975208, -6.245166 ], [ 106.8972432, -6.2450526 ], [ 106.8969632, -6.2449342 ], [ 106.8968317, -6.2447876 ], [ 106.8964184, -6.244538 ], [ 106.8963111, -6.2444607 ], [ 106.8960928, -6.2443263 ], [ 106.8949807, -6.2438448 ], [ 106.8946471, -6.2437544 ], [ 106.8944712, -6.2437181 ], [ 106.8941761, -6.2436101 ], [ 106.8937577, -6.2434928 ], [ 106.893468, -6.2433862 ], [ 106.8932243, -6.2432704 ], [ 106.8932006, -6.2430691 ], [ 106.8932461, -6.2429731 ], [ 106.8933822, -6.2428636 ], [ 106.8933682, -6.2427052 ], [ 106.8932502, -6.2425452 ], [ 106.8932716, -6.2422359 ], [ 106.8936472, -6.2421506 ], [ 106.8936825, -6.2419811 ], [ 106.8935479, -6.241884 ], [ 106.8933365, -6.2418084 ], [ 106.8932712, -6.2417616 ], [ 106.8932484, -6.2416763 ], [ 106.893272, -6.241291 ], [ 106.8933789, -6.240946 ], [ 106.8933146, -6.240626 ], [ 106.8931214, -6.2404554 ], [ 106.8929423, -6.2404959 ], [ 106.8927352, -6.2404874 ], [ 106.8926172, -6.2403807 ], [ 106.8924455, -6.24037 ], [ 106.8922846, -6.2403274 ], [ 106.8922309, -6.2401247 ], [ 106.8921666, -6.2399434 ], [ 106.8922156, -6.2395191 ] ] } },
{ "type": "Feature", "properties": { "waterway": "river", "name": "Cipinang" }, "geometry": { "type": "LineString", "coordinates": [ [ 106.8814901, -6.2479011 ], [ 106.8814054, -6.2478234 ], [ 106.8812429, -6.2476745 ], [ 106.8809815, -6.2473922 ], [ 106.8806099, -6.2470942 ] ] } },
{ "type": "Feature", "properties": { "waterway": "river", "name": "Cipinang" }, "geometry": { "type": "LineString", "coordinates": [ [ 106.8806099, -6.2470942 ], [ 106.8805087, -6.247039 ], [ 106.8803719, -6.2469324 ], [ 106.8801841, -6.2467164 ], [ 106.8800661, -6.2466124 ], [ 106.8799401, -6.2465537 ], [ 106.8797603, -6.2465457 ], [ 106.8796839, -6.2464404 ] ] } },
{ "type": "Feature", "properties": { "waterway": "canal", "name": "Kali Malang" }, "geometry": { "type": "LineString", "coordinates": [ [ 106.9014508, -6.2447968 ], [ 106.9001014, -6.2443495 ], [ 106.8991117, -6.243994 ], [ 106.8987285, -6.2437718 ], [ 106.8983007, -6.2434545 ], [ 106.8973493, -6.2426547 ], [ 106.8963532, -6.2418549 ], [ 106.8957275, -6.2413154 ], [ 106.8946739, -6.2404014 ], [ 106.8938885, -6.2398682 ], [ 106.8932819, -6.2396397 ], [ 106.8926945, -6.2395381 ], [ 106.8922156, -6.2395191 ], [ 106.8920173, -6.2395089 ], [ 106.8916409, -6.2395 ] ] } },
{ "type": "Feature", "properties": { "waterway": "canal", "name": "Kali Malang" }, "geometry": { "type": "LineString", "coordinates": [ [ 106.8804812, -6.2398929 ], [ 106.8793875, -6.2399596 ], [ 106.8788492, -6.2399721 ], [ 106.8782774, -6.2400001 ] ] } },
{ "type": "Feature", "properties": { "waterway": "river", "name": "Ci Liwung" }, "geometry": { "type": "LineString", "coordinates": [ [ 106.8567026, -6.2726959 ], [ 106.8568596, -6.2724501 ] ] } },
{ "type": "Feature", "properties": { "waterway": "canal", "name": "Kali Baru Timur" }, "geometry": { "type": "LineString", "coordinates": [ [ 106.8704861, -6.2797544 ], [ 106.870433, -6.2796662 ], [ 106.8701879, -6.2793346 ], [ 106.8701316, -6.2792627 ], [ 106.870011, -6.2792027 ], [ 106.8698744, -6.2791468 ], [ 106.8696895, -6.279003 ], [ 106.8694765, -6.2787952 ], [ 106.8692916, -6.2786115 ], [ 106.8692105, -6.278453 ], [ 106.8691369, -6.27821 ], [ 106.8690263, -6.2778085 ], [ 106.8689339, -6.2775688 ], [ 106.8687343, -6.2772119 ], [ 106.8686685, -6.2771035 ], [ 106.8686384, -6.2770706 ], [ 106.8685889, -6.2770082 ], [ 106.8684735, -6.2769165 ], [ 106.8683045, -6.2767916 ], [ 106.8681669, -6.2766026 ], [ 106.8680439, -6.276394 ], [ 106.8677256, -6.2759223 ], [ 106.8675238, -6.2755776 ], [ 106.8673419, -6.2752443 ], [ 106.8671629, -6.274894 ], [ 106.8670236, -6.2744025 ], [ 106.8669611, -6.2741397 ], [ 106.866964, -6.2738827 ], [ 106.8670009, -6.2736397 ], [ 106.8670322, -6.2734194 ], [ 106.8669924, -6.2731397 ], [ 106.8669412, -6.2728403 ], [ 106.866927, -6.2724335 ], [ 106.8669247, -6.2721776 ], [ 106.8669384, -6.2718176 ], [ 106.8669441, -6.2714843 ], [ 106.8669867, -6.2712216 ], [ 106.8671231, -6.2708543 ], [ 106.8672197, -6.2705323 ], [ 106.8672595, -6.2703628 ], [ 106.8672652, -6.2702357 ], [ 106.8672141, -6.2700859 ], [ 106.8670947, -6.2699447 ], [ 106.8669355, -6.2697413 ], [ 106.8667707, -6.269487 ], [ 106.8665405, -6.2691283 ], [ 106.8663473, -6.2688006 ], [ 106.8661711, -6.2685181 ], [ 106.8660574, -6.2682836 ], [ 106.865992, -6.2680096 ], [ 106.8659188, -6.2676413 ], [ 106.8658713, -6.2673887 ], [ 106.8658272, -6.2668598 ], [ 106.8657874, -6.2663542 ], [ 106.8657643, -6.2661151 ], [ 106.8657427, -6.265916 ], [ 106.8657211, -6.265667 ], [ 106.8656567, -6.2651196 ], [ 106.8656562, -6.2650851 ], [ 106.8656362, -6.2648794 ], [ 106.8656254, -6.264501 ], [ 106.8655727, -6.264079 ], [ 106.8654633, -6.2637698 ], [ 106.8652996, -6.2635597 ], [ 106.8651915, -6.2634374 ], [ 106.865144, -6.2633733 ], [ 106.8650194, -6.2632053 ], [ 106.8649026, -6.2630325 ], [ 106.8647217, -6.262789 ], [ 106.8645057, -6.2623568 ] ] } },
{ "type": "Feature", "properties": { "waterway": "river", "name": "Ci Liwung" }, "geometry": { "type": "LineString", "coordinates": [ [ 106.8568596, -6.2724501 ], [ 106.8567248, -6.2720622 ], [ 106.8566914, -6.2718669 ], [ 106.8566154, -6.271724 ], [ 106.8565125, -6.271617 ], [ 106.8562529, -6.2715079 ], [ 106.8560438, -6.271403 ], [ 106.8558945, -6.2713283 ], [ 106.8552675, -6.2709017 ], [ 106.8550101, -6.2706628 ], [ 106.8548854, -6.2703732 ], [ 106.8548813, -6.2698779 ], [ 106.8549506, -6.2696399 ], [ 106.8551604, -6.2695929 ], [ 106.8553796, -6.2696385 ], [ 106.8555937, -6.2700656 ], [ 106.855841, -6.2704545 ], [ 106.8560658, -6.2705604 ], [ 106.8562154, -6.2706257 ], [ 106.8563622, -6.2705682 ], [ 106.8564416, -6.2705132 ], [ 106.8565778, -6.27037 ], [ 106.8566053, -6.2702462 ], [ 106.8565551, -6.2701509 ], [ 106.8564241, -6.2698082 ], [ 106.855791, -6.2680304 ], [ 106.8555079, -6.2671989 ], [ 106.8555251, -6.2669856 ], [ 106.8555251, -6.2666187 ], [ 106.8553693, -6.2661404 ], [ 106.8550932, -6.26593 ], [ 106.8544682, -6.2655794 ], [ 106.853963, -6.265083 ], [ 106.8541775, -6.2646991 ], [ 106.8549963, -6.2645083 ], [ 106.8560658, -6.2643749 ], [ 106.8568816, -6.2642452 ], [ 106.8571988, -6.2640165 ], [ 106.8572159, -6.263863 ], [ 106.8569241, -6.2636753 ], [ 106.8565121, -6.263607 ], [ 106.8556967, -6.263334 ], [ 106.8551696, -6.263027 ], [ 106.8547209, -6.2628281 ], [ 106.8544996, -6.262726 ], [ 106.8542631, -6.2624449 ], [ 106.8543586, -6.2621633 ], [ 106.854649, -6.2619825 ], [ 106.8550429, -6.2618464 ], [ 106.8553364, -6.261777 ], [ 106.8554649, -6.2618015 ], [ 106.8556245, -6.2620031 ], [ 106.855796, -6.2621982 ], [ 106.856031, -6.2624328 ], [ 106.8563063, -6.2626569 ], [ 106.8568812, -6.2628647 ], [ 106.8573533, -6.2628647 ], [ 106.8578598, -6.2628657 ], [ 106.8581248, -6.2628781 ], [ 106.8583383, -6.2628885 ], [ 106.8586736, -6.2629739 ], [ 106.8590115, -6.2629952 ], [ 106.8591805, -6.2628912 ], [ 106.8594062, -6.2625732 ], [ 106.8594475, -6.2625235 ], [ 106.8596879, -6.2615338 ], [ 106.8598923, -6.2605963 ], [ 106.8600366, -6.259696 ], [ 106.8602286, -6.2590681 ], [ 106.8605204, -6.2580016 ], [ 106.8605719, -6.2574299 ], [ 106.8605102, -6.2571653 ], [ 106.8602393, -6.2569827 ], [ 106.8601226, -6.2570093 ], [ 106.8599174, -6.2570426 ], [ 106.8596813, -6.2570587 ], [ 106.8594511, -6.2570491 ], [ 106.8593218, -6.2569094 ], [ 106.859336, -6.2567218 ], [ 106.8593998, -6.256554 ], [ 106.8595066, -6.2564561 ], [ 106.8597674, -6.256309 ], [ 106.8602867, -6.2560015 ], [ 106.860457, -6.25588 ], [ 106.8606985, -6.2556204 ], [ 106.8607676, -6.2555095 ], [ 106.8607875, -6.2553768 ], [ 106.8607307, -6.2550069 ], [ 106.8605033, -6.2546571 ], [ 106.8600226, -6.2544388 ], [ 106.8598076, -6.2543719 ], [ 106.8596058, -6.2543425 ], [ 106.8594295, -6.254376 ], [ 106.8592382, -6.2544627 ], [ 106.8590695, -6.2546165 ], [ 106.8588857, -6.2547447 ], [ 106.8584176, -6.2550581 ], [ 106.8579425, -6.2553301 ], [ 106.8577868, -6.2552805 ], [ 106.8576213, -6.2549953 ], [ 106.8575935, -6.2538556 ], [ 106.8576812, -6.2535217 ], [ 106.8578867, -6.2529496 ] ] } },
{ "type": "Feature", "properties": { "waterway": "river", "name": "" }, "geometry": { "type": "LineString", "coordinates": [ [ 106.8752667, -6.2601155 ], [ 106.8745323, -6.260093 ], [ 106.8743445, -6.260073 ], [ 106.8741393, -6.2599984 ], [ 106.873792, -6.2599597 ], [ 106.8735867, -6.2599324 ], [ 106.873572, -6.2599304 ] ] } },
{ "type": "Feature", "properties": { "waterway": "river", "name": "" }, "geometry": { "type": "LineString", "coordinates": [ [ 106.873572, -6.2599304 ], [ 106.8729256, -6.2597907 ] ] } },
{ "type": "Feature", "properties": { "waterway": "river", "name": "" }, "geometry": { "type": "LineString", "coordinates": [ [ 106.8729256, -6.2597907 ], [ 106.8727848, -6.2596944 ], [ 106.8726252, -6.2596891 ], [ 106.8724012, -6.2596931 ], [ 106.8721686, -6.2596318 ] ] } },
{ "type": "Feature", "properties": { "waterway": "river", "name": "" }, "geometry": { "type": "LineString", "coordinates": [ [ 106.8752093, -6.2559285 ], [ 106.8752093, -6.2558767 ], [ 106.8751659, -6.2558508 ], [ 106.8751022, -6.2558077 ], [ 106.8750674, -6.2557444 ], [ 106.8750703, -6.2556753 ], [ 106.8750385, -6.255635 ], [ 106.8749719, -6.2556206 ], [ 106.8748906, -6.2555995 ], [ 106.8748706, -6.255563 ], [ 106.8748474, -6.2554738 ], [ 106.87483, -6.2553069 ], [ 106.8748098, -6.2552235 ], [ 106.8747866, -6.2551803 ], [ 106.8747548, -6.2551688 ], [ 106.8747055, -6.2551026 ], [ 106.8746592, -6.2550047 ], [ 106.8746245, -6.2549558 ], [ 106.8744363, -6.2549788 ], [ 106.8742655, -6.254999 ], [ 106.8740541, -6.2550162 ], [ 106.8739354, -6.2550019 ] ] } },
{ "type": "Feature", "properties": { "waterway": "river", "name": "Ci Liwung" }, "geometry": { "type": "LineString", "coordinates": [ [ 106.8578867, -6.2529496 ], [ 106.8579554, -6.2526936 ], [ 106.8583416, -6.2521305 ], [ 106.8587279, -6.2517636 ], [ 106.8589855, -6.2515234 ], [ 106.8592269, -6.251348 ], [ 106.8593174, -6.251295 ], [ 106.8595297, -6.2511755 ], [ 106.859607, -6.2511457 ], [ 106.860187, -6.2509958 ], [ 106.8604092, -6.2510341 ], [ 106.8605257, -6.2511664 ], [ 106.8606313, -6.251396 ], [ 106.8607919, -6.2520506 ], [ 106.8608925, -6.2525353 ], [ 106.8610687, -6.2537134 ], [ 106.861091, -6.2538313 ], [ 106.8611803, -6.2539535 ], [ 106.8613284, -6.2540329 ], [ 106.8621469, -6.2538704 ], [ 106.8626303, -6.2536166 ], [ 106.8629114, -6.2532277 ], [ 106.8629435, -6.2531328 ], [ 106.8629169, -6.2529398 ], [ 106.862822, -6.2525742 ], [ 106.8622212, -6.2511408 ], [ 106.8621954, -6.2505265 ], [ 106.8624117, -6.2502973 ], [ 106.8631547, -6.249987 ], [ 106.8633023, -6.2498541 ], [ 106.8638335, -6.2497036 ], [ 106.8639618, -6.2496271 ], [ 106.8641035, -6.2494396 ], [ 106.8640115, -6.2492688 ], [ 106.863437, -6.2486019 ], [ 106.8628073, -6.2477725 ], [ 106.8621182, -6.2465249 ], [ 106.8619869, -6.2459909 ], [ 106.8619894, -6.2457315 ], [ 106.86204, -6.2455451 ], [ 106.8621442, -6.2451946 ], [ 106.8622509, -6.2448074 ], [ 106.8623959, -6.2444039 ], [ 106.8624973, -6.244044 ], [ 106.8625521, -6.2434778 ] ] } },
{ "type": "Feature", "properties": { "waterway": "river", "name": "" }, "geometry": { "type": "LineString", "coordinates": [ [ 106.8625521, -6.2434778 ], [ 106.8625561, -6.242686 ] ] } },
{ "type": "Feature", "properties": { "waterway": "river", "name": "Ci Liwung" }, "geometry": { "type": "LineString", "coordinates": [ [ 106.8625561, -6.242686 ], [ 106.8625451, -6.2425188 ], [ 106.8625642, -6.2415719 ], [ 106.8627382, -6.2403111 ], [ 106.8628606, -6.2397333 ], [ 106.8629277, -6.2394167 ], [ 106.8630108, -6.2390252 ], [ 106.8635724, -6.2375061 ], [ 106.8639818, -6.2371425 ], [ 106.8644528, -6.236858 ], [ 106.8646973, -6.2367712 ], [ 106.8649678, -6.2367556 ], [ 106.8652682, -6.2367727 ], [ 106.8654593, -6.2369956 ] ] } },
{ "type": "Feature", "properties": { "waterway": "canal", "name": "Kali Baru Barat" }, "geometry": { "type": "LineString", "coordinates": [ [ 106.842844, -6.2436614 ], [ 106.8429156, -6.2435233 ], [ 106.8435601, -6.2424243 ] ] } },
{ "type": "Feature", "properties": { "waterway": "canal", "name": "Kali Baru Barat" }, "geometry": { "type": "LineString", "coordinates": [ [ 106.8435601, -6.2424243 ], [ 106.8437751, -6.2421981 ], [ 106.8443195, -6.2415656 ] ] } },
{ "type": "Feature", "properties": { "waterway": "canal", "name": "Kali Baru Barat" }, "geometry": { "type": "LineString", "coordinates": [ [ 106.8443195, -6.2415656 ], [ 106.8443564, -6.2415116 ] ] } },
{ "type": "Feature", "properties": { "waterway": "river", "name": "" }, "geometry": { "type": "LineString", "coordinates": [ [ 106.8352803, -6.2413972 ], [ 106.8345804, -6.2412249 ] ] } },
{ "type": "Feature", "properties": { "waterway": "river", "name": "" }, "geometry": { "type": "LineString", "coordinates": [ [ 106.8345804, -6.2412249 ], [ 106.8347814, -6.2405349 ] ] } },
{ "type": "Feature", "properties": { "waterway": "river", "name": "Mampang" }, "geometry": { "type": "LineString", "coordinates": [ [ 106.8213587, -6.2406611 ], [ 106.821221, -6.2404517 ] ] } },
{ "type": "Feature", "properties": { "waterway": "canal", "name": "Kali Baru Barat" }, "geometry": { "type": "LineString", "coordinates": [ [ 106.8443564, -6.2415116 ], [ 106.8446052, -6.2411376 ], [ 106.8451309, -6.2401991 ], [ 106.8453026, -6.2397512 ], [ 106.8453455, -6.2395912 ], [ 106.845324, -6.2393672 ], [ 106.8451523, -6.2390579 ], [ 106.8447125, -6.2384073 ] ] } },
{ "type": "Feature", "properties": { "waterway": "canal", "name": "Kali Baru Barat" }, "geometry": { "type": "LineString", "coordinates": [ [ 106.8447125, -6.2384073 ], [ 106.8446099, -6.2382407 ] ] } },
{ "type": "Feature", "properties": { "waterway": "canal", "name": "Kali Baru Barat" }, "geometry": { "type": "LineString", "coordinates": [ [ 106.8446099, -6.2382407 ], [ 106.8445382, -6.2381047 ] ] } },
{ "type": "Feature", "properties": { "waterway": "canal", "name": "Kali Baru Barat" }, "geometry": { "type": "LineString", "coordinates": [ [ 106.8445382, -6.2381047 ], [ 106.8445073, -6.2380421 ] ] } },
{ "type": "Feature", "properties": { "waterway": "canal", "name": "Kali Malang" }, "geometry": { "type": "LineString", "coordinates": [ [ 106.8809678, -6.2398754 ], [ 106.8804812, -6.2398929 ] ] } },
{ "type": "Feature", "properties": { "waterway": "canal", "name": "Kali Malang" }, "geometry": { "type": "LineString", "coordinates": [ [ 106.8899422, -6.2394402 ], [ 106.8890103, -6.2394972 ], [ 106.8878912, -6.2395492 ], [ 106.8856898, -6.2396167 ], [ 106.8852365, -6.2396537 ], [ 106.8841909, -6.2397154 ], [ 106.8835535, -6.2397448 ], [ 106.8809678, -6.2398754 ] ] } },
{ "type": "Feature", "properties": { "waterway": "canal", "name": "Kali Malang" }, "geometry": { "type": "LineString", "coordinates": [ [ 106.8916409, -6.2395 ], [ 106.8907397, -6.239456 ], [ 106.8899422, -6.2394402 ] ] } },
{ "type": "Feature", "properties": { "waterway": "drain", "name": "Sodetan Ciliwung" }, "geometry": { "type": "LineString", "coordinates": [ [ 106.8768957, -6.2316872 ], [ 106.8770371, -6.2316575 ], [ 106.8770975, -6.2316015 ], [ 106.8771914, -6.2311122 ] ] } },
{ "type": "Feature", "properties": { "waterway": "river", "name": "Cipinang" }, "geometry": { "type": "LineString", "coordinates": [ [ 106.8791118, -6.2466363 ], [ 106.8791828, -6.2466936 ], [ 106.8792392, -6.2467016 ], [ 106.879287, -6.2466777 ], [ 106.8795096, -6.2465604 ], [ 106.8796839, -6.2464404 ], [ 106.8797394, -6.2463342 ], [ 106.8797966, -6.2462245 ], [ 106.8798636, -6.2460032 ], [ 106.8798985, -6.2457925 ], [ 106.8798086, -6.2456205 ], [ 106.8795458, -6.2454392 ], [ 106.8795052, -6.2453366 ], [ 106.8795009, -6.2451396 ], [ 106.8795007, -6.2451318 ], [ 106.8795112, -6.2448575 ], [ 106.8794498, -6.2446199 ], [ 106.8793425, -6.2444532 ], [ 106.8792636, -6.2443684 ], [ 106.8791601, -6.2442572 ], [ 106.8791325, -6.244211 ], [ 106.8790676, -6.2441026 ], [ 106.8790904, -6.2440026 ], [ 106.8791701, -6.2438645 ], [ 106.8792974, -6.2436937 ], [ 106.879445, -6.2428688 ], [ 106.8794144, -6.2427373 ], [ 106.8793584, -6.2425855 ], [ 106.8793432, -6.242378 ], [ 106.8793764, -6.242199 ], [ 106.8794501, -6.2418011 ], [ 106.879221, -6.2413254 ], [ 106.8789156, -6.2411382 ], [ 106.8788492, -6.2399721 ], [ 106.8788491, -6.2399112 ], [ 106.8788284, -6.2379376 ], [ 106.8785929, -6.23693 ], [ 106.8785307, -6.2364166 ], [ 106.8782094, -6.2347909 ], [ 106.8774648, -6.2321989 ], [ 106.8773245, -6.2314502 ], [ 106.8772845, -6.2313583 ], [ 106.8772285, -6.2312295 ], [ 106.8771914, -6.2311122 ], [ 106.8771711, -6.2309382 ], [ 106.8771724, -6.2307602 ], [ 106.8772816, -6.2304997 ], [ 106.877767, -6.229848 ], [ 106.8781078, -6.2294689 ], [ 106.8783497, -6.2291318 ], [ 106.8780963, -6.2290493 ], [ 106.8778263, -6.2290346 ], [ 106.8776775, -6.2289498 ], [ 106.877342, -6.2287328 ], [ 106.8771176, -6.2287845 ], [ 106.8770291, -6.2287618 ], [ 106.8769176, -6.2287221 ], [ 106.8768454, -6.2286832 ], [ 106.8767823, -6.2286272 ], [ 106.8767661, -6.2285506 ], [ 106.8767877, -6.2284192 ], [ 106.8768239, -6.2283166 ], [ 106.8768587, -6.2282755 ], [ 106.877013, -6.2282166 ], [ 106.8772085, -6.2281594 ], [ 106.8773805, -6.2281659 ], [ 106.8774707, -6.2281533 ], [ 106.8775401, -6.2281152 ], [ 106.8775744, -6.2280772 ], [ 106.8774921, -6.2280126 ], [ 106.8773923, -6.2279207 ], [ 106.8773085, -6.2278355 ], [ 106.8772401, -6.2277745 ], [ 106.8771642, -6.2276916 ], [ 106.8770537, -6.2275638 ], [ 106.8770015, -6.2275383 ], [ 106.8769471, -6.2275459 ], [ 106.8768591, -6.2275923 ], [ 106.8768151, -6.2277342 ], [ 106.8766968, -6.2277998 ], [ 106.8766046, -6.227788 ], [ 106.8765525, -6.227663 ], [ 106.8765219, -6.227179 ], [ 106.8764251, -6.2268316 ], [ 106.8763511, -6.2264234 ], [ 106.8763656, -6.2260474 ], [ 106.8764774, -6.2254339 ], [ 106.8765823, -6.2252704 ], [ 106.8767685, -6.2251835 ], [ 106.8769683, -6.2251118 ], [ 106.877184, -6.22494 ], [ 106.8772638, -6.2247556 ], [ 106.8772871, -6.2247072 ], [ 106.8773081, -6.2246635 ], [ 106.8773589, -6.2245572 ], [ 106.877419, -6.224432 ], [ 106.87738, -6.2242401 ], [ 106.8773521, -6.224038 ], [ 106.8774765, -6.2235589 ], [ 106.8778324, -6.2233909 ], [ 106.878032, -6.2232578 ], [ 106.878168, -6.223137 ], [ 106.8782389, -6.2230204 ], [ 106.8783298, -6.2228708 ], [ 106.8783349, -6.222866 ], [ 106.8784104, -6.2227955 ], [ 106.8785727, -6.2227798 ], [ 106.8787175, -6.2228265 ], [ 106.8788168, -6.2228984 ], [ 106.8789439, -6.223052 ], [ 106.879118, -6.223341 ], [ 106.87923, -6.2233531 ], [ 106.8793392, -6.2233649 ], [ 106.8794723, -6.2233793 ], [ 106.8796105, -6.2233943 ], [ 106.8797682, -6.2233866 ], [ 106.8797849, -6.2232465 ], [ 106.8797721, -6.223094 ], [ 106.8797637, -6.2229946 ], [ 106.8797894, -6.222908 ], [ 106.8799845, -6.2227808 ], [ 106.8801115, -6.222698 ], [ 106.8803284, -6.2225072 ], [ 106.8804376, -6.2224112 ], [ 106.880533, -6.2223666 ], [ 106.8807025, -6.2222875 ], [ 106.8807823, -6.2222503 ], [ 106.8808842, -6.2222027 ], [ 106.8809121, -6.2220846 ], [ 106.8809572, -6.2218937 ], [ 106.880988, -6.2217633 ], [ 106.8810106, -6.2215645 ], [ 106.8810191, -6.2214595 ], [ 106.8810155, -6.221306 ], [ 106.8810144, -6.2212584 ], [ 106.8809704, -6.2209644 ], [ 106.8810117, -6.2208226 ], [ 106.8811397, -6.2205826 ], [ 106.8818389, -6.2207191 ], [ 106.8820213, -6.2205165 ], [ 106.882042, -6.2201064 ], [ 106.8821413, -6.2200498 ], [ 106.8822539, -6.2200024 ], [ 106.8823491, -6.2199751 ], [ 106.8824591, -6.2200231 ], [ 106.8829848, -6.2199338 ], [ 106.8832765, -6.219915 ], [ 106.8834341, -6.2199004 ], [ 106.8835514, -6.2199715 ], [ 106.8837238, -6.2201195 ], [ 106.8837789, -6.2201094 ], [ 106.8838078, -6.2200763 ], [ 106.8838017, -6.2198241 ], [ 106.8838365, -6.2197001 ], [ 106.8839156, -6.2196401 ], [ 106.8840538, -6.2196428 ], [ 106.8842429, -6.2196868 ], [ 106.884444, -6.2198054 ], [ 106.8845272, -6.2199721 ], [ 106.8846235, -6.2201001 ], [ 106.8847702, -6.2202163 ], [ 106.885327, -6.2201406 ], [ 106.885374, -6.2196908 ], [ 106.8857524, -6.2192095 ], [ 106.8856486, -6.2189852 ], [ 106.8855789, -6.2187951 ], [ 106.8856395, -6.2185258 ], [ 106.8856014, -6.2184029 ], [ 106.8855679, -6.2183269 ], [ 106.8855451, -6.2181602 ], [ 106.8856301, -6.2180997 ], [ 106.8857929, -6.2179674 ], [ 106.8858935, -6.2178987 ], [ 106.8860198, -6.2178467 ], [ 106.8861389, -6.2178331 ], [ 106.8864361, -6.2177645 ], [ 106.8873381, -6.2176091 ], [ 106.8876922, -6.2173638 ], [ 106.8878853, -6.2170118 ], [ 106.8880248, -6.2169051 ], [ 106.8886135, -6.2168464 ], [ 106.8888101, -6.2168847 ], [ 106.8891942, -6.2170545 ], [ 106.8895054, -6.2170545 ], [ 106.8900096, -6.2171718 ], [ 106.8902242, -6.2171931 ], [ 106.8904066, -6.2171185 ], [ 106.8907178, -6.2169318 ], [ 106.8910021, -6.2167238 ], [ 106.891175, -6.2165732 ], [ 106.8914869, -6.2161057 ], [ 106.8917498, -6.2156021 ], [ 106.8919765, -6.2152981 ], [ 106.892136, -6.2152098 ], [ 106.8923854, -6.2151794 ], [ 106.8924813, -6.2151312 ], [ 106.8925303, -6.2149688 ], [ 106.8924054, -6.2141155 ], [ 106.89237, -6.2137913 ], [ 106.8923701, -6.2135477 ] ] } },
{ "type": "Feature", "properties": { "waterway": "river", "name": "Kanal Banjir Timur" }, "geometry": { "type": "LineString", "coordinates": [ [ 106.8783497, -6.2291318 ], [ 106.8785608, -6.2289972 ] ] } },
{ "type": "Feature", "properties": { "waterway": "river", "name": "" }, "geometry": { "type": "LineString", "coordinates": [ [ 106.8789614, -6.2288286 ], [ 106.8785608, -6.2289972 ] ] } },
{ "type": "Feature", "properties": { "waterway": "river", "name": "" }, "geometry": { "type": "LineString", "coordinates": [ [ 106.8920173, -6.2395089 ], [ 106.8921011, -6.2390785 ], [ 106.8923592, -6.2384865 ], [ 106.8926966, -6.2382892 ], [ 106.8927959, -6.2380426 ], [ 106.8928058, -6.2378058 ], [ 106.8926867, -6.2376676 ], [ 106.8924783, -6.2376084 ], [ 106.8922513, -6.2374632 ], [ 106.8922637, -6.2372554 ], [ 106.8922897, -6.2370855 ], [ 106.892379, -6.2369573 ], [ 106.8924981, -6.2368882 ], [ 106.8927058, -6.236764 ], [ 106.8928554, -6.236612 ], [ 106.8930142, -6.2364048 ], [ 106.8930341, -6.236168 ], [ 106.8929844, -6.2359509 ], [ 106.8928455, -6.235724 ], [ 106.8929944, -6.2355563 ], [ 106.8930341, -6.2353984 ], [ 106.892905, -6.2352603 ], [ 106.8927462, -6.2351814 ], [ 106.8925874, -6.2351814 ], [ 106.8924187, -6.2353294 ], [ 106.892379, -6.2355168 ], [ 106.89225, -6.2357043 ], [ 106.892111, -6.2357536 ], [ 106.8920217, -6.2355859 ], [ 106.891982, -6.23528 ], [ 106.8919125, -6.2351419 ], [ 106.8919026, -6.2349051 ], [ 106.8920912, -6.2346782 ], [ 106.8920515, -6.2344118 ], [ 106.891525, -6.2325366 ], [ 106.8913456, -6.2323028 ], [ 106.8909399, -6.2319749 ], [ 106.8907949, -6.2318456 ], [ 106.8906521, -6.2317184 ], [ 106.8904834, -6.2314224 ], [ 106.89035, -6.2313243 ], [ 106.8902551, -6.2312546 ], [ 106.8902156, -6.2312363 ], [ 106.8901436, -6.2312028 ], [ 106.8900916, -6.2311786 ], [ 106.8900483, -6.2310819 ], [ 106.8900635, -6.2309052 ], [ 106.8900614, -6.2307723 ], [ 106.8900542, -6.2306238 ], [ 106.8900467, -6.2305929 ], [ 106.8900352, -6.230485 ], [ 106.8900242, -6.2303586 ], [ 106.8900359, -6.2302303 ], [ 106.8900517, -6.2301715 ], [ 106.8900601, -6.2301149 ], [ 106.8900698, -6.2299328 ], [ 106.8900457, -6.2297892 ], [ 106.8900333, -6.229628 ], [ 106.8901203, -6.2294673 ], [ 106.8902543, -6.2292766 ], [ 106.8903384, -6.2291204 ], [ 106.8903951, -6.2290638 ], [ 106.8904978, -6.2290377 ], [ 106.8907151, -6.228907 ], [ 106.8907875, -6.2287737 ], [ 106.8909136, -6.2287044 ], [ 106.8915117, -6.2285657 ], [ 106.8917316, -6.2284991 ], [ 106.8917531, -6.2284031 ], [ 106.8917209, -6.2283071 ], [ 106.891635, -6.2282538 ], [ 106.8915492, -6.2281844 ], [ 106.8914312, -6.2280511 ], [ 106.8913615, -6.2279765 ], [ 106.8913293, -6.2278645 ], [ 106.8913615, -6.2277632 ], [ 106.8914151, -6.2276618 ], [ 106.8914044, -6.2275925 ], [ 106.8914097, -6.2274539 ], [ 106.8914205, -6.2273205 ], [ 106.8915117, -6.2272672 ], [ 106.8916189, -6.2272139 ], [ 106.891678, -6.2271819 ], [ 106.8917209, -6.2271126 ], [ 106.8919086, -6.2268353 ], [ 106.8920427, -6.2267393 ], [ 106.89215, -6.2266966 ], [ 106.8923056, -6.2266913 ], [ 106.8924236, -6.2266913 ], [ 106.8926275, -6.2266699 ], [ 106.8927602, -6.2265713 ], [ 106.8928367, -6.2265206 ], [ 106.8928635, -6.2264246 ], [ 106.8928903, -6.2263233 ], [ 106.892944, -6.2261847 ], [ 106.8929815, -6.226062 ], [ 106.8929815, -6.2259074 ], [ 106.8929976, -6.225758 ], [ 106.893062, -6.2256887 ], [ 106.8930888, -6.2256034 ], [ 106.8931424, -6.2255287 ], [ 106.8931746, -6.2254487 ], [ 106.8933087, -6.2253421 ], [ 106.8934214, -6.2252994 ], [ 106.8934769, -6.2252026 ], [ 106.8934482, -6.2251128 ], [ 106.8933785, -6.2250168 ], [ 106.8932926, -6.2249475 ], [ 106.8932926, -6.2248408 ], [ 106.8933356, -6.2247235 ], [ 106.8933677, -6.2246488 ], [ 106.8934212, -6.2245902 ], [ 106.8934641, -6.2245049 ], [ 106.8934588, -6.2243876 ], [ 106.8934427, -6.2242969 ], [ 106.8934266, -6.2240249 ], [ 106.8934588, -6.2239183 ], [ 106.8935768, -6.2235397 ], [ 106.8936304, -6.2234117 ], [ 106.8936573, -6.2232784 ], [ 106.8936465, -6.2232197 ], [ 106.8935822, -6.2229584 ], [ 106.8936465, -6.2228037 ], [ 106.8936948, -6.2226384 ], [ 106.8938021, -6.2225318 ], [ 106.8940274, -6.2222278 ], [ 106.8941615, -6.2220891 ], [ 106.8942259, -6.2220518 ], [ 106.8945169, -6.2218158 ], [ 106.8948119, -6.2216225 ], [ 106.8950427, -6.2215586 ], [ 106.8952612, -6.2214652 ], [ 106.8954061, -6.2213639 ], [ 106.8955133, -6.2213692 ], [ 106.8956568, -6.2213572 ], [ 106.895689, -6.2213278 ], [ 106.8957025, -6.2212559 ], [ 106.8957306, -6.2211879 ], [ 106.8958138, -6.2208946 ], [ 106.8959385, -6.2205986 ], [ 106.8960022, -6.2204335 ], [ 106.8961302, -6.219948 ], [ 106.8961691, -6.2197494 ], [ 106.8961906, -6.2195814 ], [ 106.8961356, -6.2194668 ], [ 106.8960565, -6.2193827 ], [ 106.8959908, -6.2192694 ], [ 106.895964, -6.2191561 ], [ 106.895964, -6.2190228 ], [ 106.8959532, -6.2188788 ], [ 106.8959036, -6.2188128 ], [ 106.8958682, -6.2187831 ], [ 106.8957648, -6.2187134 ], [ 106.8955181, -6.2185731 ], [ 106.8951552, -6.2184415 ], [ 106.895115, -6.2183615 ], [ 106.8950449, -6.2182242 ], [ 106.895029, -6.2179772 ], [ 106.8950473, -6.2179135 ], [ 106.8950788, -6.2177202 ], [ 106.8951432, -6.2176256 ], [ 106.89517, -6.2175296 ], [ 106.8951915, -6.2174282 ], [ 106.8951968, -6.2173376 ], [ 106.8952076, -6.2172309 ], [ 106.8952398, -6.2171669 ], [ 106.8952827, -6.2170763 ], [ 106.8953363, -6.2169909 ], [ 106.8954061, -6.2169643 ], [ 106.8955294, -6.2169483 ], [ 106.8956099, -6.2169323 ], [ 106.8957386, -6.2169856 ], [ 106.8958084, -6.2170016 ], [ 106.8959049, -6.2169963 ], [ 106.8959425, -6.2169216 ], [ 106.8959264, -6.2168523 ], [ 106.8959157, -6.2166816 ], [ 106.8960406, -6.2165593 ] ] } },
{ "type": "Feature", "properties": { "waterway": "river", "name": "Sunter" }, "geometry": { "type": "LineString", "coordinates": [ [ 106.8960406, -6.2165593 ], [ 106.89608, -6.2164507 ], [ 106.8961434, -6.2164101 ], [ 106.8961559, -6.2163562 ], [ 106.8961685, -6.2162086 ] ] } },
{ "type": "Feature", "properties": { "waterway": "river", "name": "Sunter" }, "geometry": { "type": "LineString", "coordinates": [ [ 106.8961685, -6.2162086 ], [ 106.8961649, -6.2160814 ] ] } },
{ "type": "Feature", "properties": { "waterway": "river", "name": "" }, "geometry": { "type": "LineString", "coordinates": [ [ 106.8347814, -6.2405349 ], [ 106.834839, -6.2401057 ], [ 106.8349505, -6.2391346 ], [ 106.835537, -6.2380723 ], [ 106.8359022, -6.2373766 ], [ 106.8361237, -6.2365841 ], [ 106.8361103, -6.2364015 ], [ 106.836125, -6.2363095 ], [ 106.8362296, -6.2361548 ], [ 106.8363597, -6.2360002 ], [ 106.8363691, -6.2357456 ], [ 106.836412, -6.2355362 ], [ 106.8364187, -6.2351616 ], [ 106.8364603, -6.234751 ], [ 106.8364589, -6.2346537 ], [ 106.8364348, -6.2345604 ], [ 106.8364388, -6.2344017 ], [ 106.8364348, -6.2343057 ], [ 106.836467, -6.2341417 ], [ 106.8365287, -6.2339644 ], [ 106.8365595, -6.2338311 ], [ 106.8364536, -6.2336111 ], [ 106.8364348, -6.2335258 ], [ 106.8364683, -6.2333885 ], [ 106.8365568, -6.2331179 ], [ 106.8366091, -6.2326273 ], [ 106.836701, -6.232456 ], [ 106.836729, -6.231884 ], [ 106.8367183, -6.2317027 ], [ 106.8367478, -6.2315268 ], [ 106.8367344, -6.2312734 ], [ 106.836721, -6.2310415 ], [ 106.836729, -6.2309455 ], [ 106.8367639, -6.2307188 ], [ 106.8368417, -6.2301482 ], [ 106.8368256, -6.2298896 ], [ 106.8367692, -6.229751 ], [ 106.8366029, -6.229463 ], [ 106.8364474, -6.2290844 ], [ 106.8363562, -6.2288817 ], [ 106.8362462, -6.2287431 ], [ 106.8361297, -6.2285428 ], [ 106.8360291, -6.2282002 ], [ 106.8359647, -6.2279629 ], [ 106.8359215, -6.2279172 ], [ 106.8358075, -6.2278799 ], [ 106.8357699, -6.2278619 ], [ 106.8357243, -6.2277106 ], [ 106.8356422, -6.2274803 ], [ 106.8356013, -6.2273043 ], [ 106.8355617, -6.2271756 ], [ 106.8355269, -6.2269957 ], [ 106.8355014, -6.226813 ], [ 106.8353994, -6.226597 ], [ 106.8353083, -6.2263731 ], [ 106.8352707, -6.2261864 ], [ 106.8351591, -6.2258728 ], [ 106.8351541, -6.2258004 ], [ 106.8351798, -6.2257335 ] ] } },
{ "type": "Feature", "properties": { "waterway": "canal", "name": "Kali Baru Barat" }, "geometry": { "type": "LineString", "coordinates": [ [ 106.8445073, -6.2380421 ], [ 106.8444013, -6.2378421 ], [ 106.8442404, -6.2372342 ], [ 106.8441546, -6.2368929 ], [ 106.8441224, -6.2363809 ], [ 106.8441009, -6.235325 ], [ 106.8440258, -6.2351117 ], [ 106.8437898, -6.2346425 ], [ 106.8436825, -6.2343865 ], [ 106.8436181, -6.2341199 ], [ 106.8438005, -6.2337573 ], [ 106.8442162, -6.2331147 ], [ 106.8450021, -6.2320401 ], [ 106.8456351, -6.2314215 ], [ 106.846071, -6.2310363 ], [ 106.8465256, -6.2306536 ], [ 106.8468056, -6.2303118 ], [ 106.8468878, -6.2301641 ], [ 106.8470192, -6.2296511 ], [ 106.8471265, -6.2291497 ], [ 106.8471908, -6.2283819 ], [ 106.8472767, -6.2275819 ], [ 106.8472485, -6.2255728 ] ] } },
{ "type": "Feature", "properties": { "waterway": "river", "name": "" }, "geometry": { "type": "LineString", "coordinates": [ [ 106.8351798, -6.2257335 ], [ 106.8353261, -6.2254398 ] ] } },
{ "type": "Feature", "properties": { "waterway": "river", "name": "" }, "geometry": { "type": "LineString", "coordinates": [ [ 106.8353261, -6.2254398 ], [ 106.8354549, -6.2252816 ] ] } },
{ "type": "Feature", "properties": { "waterway": "canal", "name": "Kali Baru Barat" }, "geometry": { "type": "LineString", "coordinates": [ [ 106.8472485, -6.2255728 ], [ 106.8473129, -6.2242343 ] ] } },
{ "type": "Feature", "properties": { "waterway": "canal", "name": "Kali Baru Barat" }, "geometry": { "type": "LineString", "coordinates": [ [ 106.8473129, -6.2242343 ], [ 106.8473947, -6.224041 ], [ 106.8474293, -6.2238696 ], [ 106.8473949, -6.223699 ], [ 106.8473606, -6.2234856 ], [ 106.8473349, -6.2233235 ], [ 106.8473005, -6.2231102 ], [ 106.8471889, -6.222914 ] ] } },
{ "type": "Feature", "properties": { "waterway": "river", "name": "" }, "geometry": { "type": "LineString", "coordinates": [ [ 106.8354549, -6.2252816 ], [ 106.8354616, -6.2250789 ], [ 106.8353918, -6.224567 ], [ 106.8354267, -6.224055 ], [ 106.8356118, -6.2235857 ], [ 106.8357208, -6.2228696 ], [ 106.8357664, -6.2225763 ], [ 106.8358334, -6.2223283 ], [ 106.8359085, -6.2218297 ], [ 106.8358415, -6.2214217 ], [ 106.8357328, -6.2208324 ], [ 106.835643, -6.2204125 ], [ 106.8355706, -6.2202538 ], [ 106.83547, -6.2200912 ], [ 106.8353305, -6.2198952 ], [ 106.8352918, -6.2197727 ] ] } },
{ "type": "Feature", "properties": { "waterway": "canal", "name": "Kali Baru Barat" }, "geometry": { "type": "LineString", "coordinates": [ [ 106.8471889, -6.222914 ], [ 106.8469229, -6.2224191 ], [ 106.8466901, -6.2220047 ] ] } },
{ "type": "Feature", "properties": { "waterway": "river", "name": "" }, "geometry": { "type": "LineString", "coordinates": [ [ 106.8352918, -6.2197727 ], [ 106.8352319, -6.2195727 ] ] } },
{ "type": "Feature", "properties": { "waterway": "river", "name": "" }, "geometry": { "type": "LineString", "coordinates": [ [ 106.8352319, -6.2195727 ], [ 106.8352138, -6.2194686 ], [ 106.8352478, -6.2193006 ] ] } },
{ "type": "Feature", "properties": { "waterway": "river", "name": "Ci Liwung" }, "geometry": { "type": "LineString", "coordinates": [ [ 106.8654593, -6.2369956 ], [ 106.8655217, -6.2373005 ], [ 106.8656015, -6.2377034 ], [ 106.8661869, -6.2389035 ], [ 106.8663847, -6.2391042 ], [ 106.8666086, -6.2392461 ] ] } },
{ "type": "Feature", "properties": { "waterway": "river", "name": "Ci Liwung" }, "geometry": { "type": "LineString", "coordinates": [ [ 106.8666086, -6.2392461 ], [ 106.8667334, -6.2392301 ], [ 106.866778, -6.2391946 ], [ 106.8668442, -6.2390948 ], [ 106.8669386, -6.2388828 ], [ 106.8669749, -6.2385155 ], [ 106.8669102, -6.2382492 ], [ 106.8667901, -6.237887 ], [ 106.8665805, -6.2373329 ], [ 106.8664815, -6.2368506 ], [ 106.8662024, -6.2363727 ], [ 106.8653779, -6.2355888 ], [ 106.86524, -6.2353221 ], [ 106.8652159, -6.234975 ], [ 106.8653913, -6.2347926 ], [ 106.8658349, -6.2347332 ], [ 106.8661197, -6.2346391 ], [ 106.8663008, -6.2344365 ], [ 106.8662871, -6.2341593 ], [ 106.8662082, -6.2339525 ], [ 106.8656874, -6.2330451 ], [ 106.8654761, -6.2327587 ], [ 106.8650265, -6.2321492 ], [ 106.8644257, -6.2317653 ], [ 106.8637648, -6.231424 ], [ 106.8634695, -6.2312249 ], [ 106.8633353, -6.2309556 ], [ 106.863327, -6.2307709 ], [ 106.8638163, -6.2298711 ], [ 106.8644187, -6.2292511 ] ] } },
{ "type": "Feature", "properties": { "waterway": "drain", "name": "Sodetan Ciliwung" }, "geometry": { "type": "LineString", "coordinates": [ [ 106.8654761, -6.2327587 ], [ 106.8662895, -6.2322055 ], [ 106.8664102, -6.2321468 ], [ 106.8665108, -6.2321095 ] ] } },
{ "type": "Feature", "properties": { "waterway": "river", "name": "" }, "geometry": { "type": "LineString", "coordinates": [ [ 106.869783, -6.2334195 ], [ 106.8697387, -6.2328076 ], [ 106.8697226, -6.2324516 ], [ 106.8697025, -6.2318837 ], [ 106.8697012, -6.2316304 ], [ 106.869724, -6.2310398 ], [ 106.8697313, -6.2306511 ] ] } },
{ "type": "Feature", "properties": { "waterway": "drain", "name": "Sodetan Ciliwung" }, "geometry": { "type": "LineString", "coordinates": [ [ 106.8665108, -6.2321095 ], [ 106.866897, -6.2319721 ], [ 106.8670768, -6.2319295 ], [ 106.8723902, -6.2316668 ], [ 106.8768957, -6.2316872 ] ] } },
{ "type": "Feature", "properties": { "waterway": "river", "name": "" }, "geometry": { "type": "LineString", "coordinates": [ [ 106.8697313, -6.2306511 ], [ 106.8697763, -6.2299386 ], [ 106.8699265, -6.2292666 ], [ 106.870125, -6.2284481 ], [ 106.870241, -6.2279908 ], [ 106.8703268, -6.2274976 ], [ 106.8704234, -6.2271163 ], [ 106.8705575, -6.2266657 ], [ 106.8706218, -6.2263964 ], [ 106.8706487, -6.2260604 ], [ 106.8706648, -6.2258631 ], [ 106.8706299, -6.2257004 ], [ 106.870587, -6.2256098 ], [ 106.8705253, -6.2254924 ], [ 106.8704609, -6.2253591 ], [ 106.8704207, -6.2252551 ], [ 106.8703721, -6.2251101 ], [ 106.8702946, -6.2247962 ], [ 106.8702183, -6.2244687 ], [ 106.8701453, -6.224202 ], [ 106.8700834, -6.223967 ], [ 106.8699238, -6.2233737 ], [ 106.8697468, -6.2227604 ], [ 106.8695724, -6.2223005 ], [ 106.8695013, -6.2221072 ], [ 106.8694638, -6.2219578 ], [ 106.8692908, -6.2213819 ], [ 106.8691258, -6.2207926 ], [ 106.8688388, -6.2198087 ], [ 106.8687074, -6.2194248 ], [ 106.8684396, -6.2187821 ], [ 106.8683377, -6.2185875 ], [ 106.8682572, -6.2184315 ], [ 106.86795, -6.2178349 ], [ 106.8678132, -6.2175516 ], [ 106.8677569, -6.2174436 ], [ 106.8674565, -6.216769 ], [ 106.86727, -6.2162957 ], [ 106.8672244, -6.216201 ], [ 106.8670109, -6.2157623 ], [ 106.8669144, -6.2155383 ], [ 106.8667687, -6.2153062 ] ] } },
{ "type": "Feature", "properties": { "waterway": "river", "name": "" }, "geometry": { "type": "LineString", "coordinates": [ [ 106.8667687, -6.2153062 ], [ 106.8667187, -6.2152115 ], [ 106.8666781, -6.2151529 ], [ 106.8665547, -6.2151389 ], [ 106.8663777, -6.2151235 ], [ 106.8661591, -6.2150382 ], [ 106.8660881, -6.2149959 ], [ 106.8660492, -6.2149462 ], [ 106.8659117, -6.2146976 ], [ 106.8657293, -6.2144696 ], [ 106.8656086, -6.2143516 ], [ 106.8652686, -6.2140173 ], [ 106.8652264, -6.2139903 ], [ 106.8649253, -6.2136793 ], [ 106.864358, -6.2131234 ], [ 106.8642373, -6.2129997 ], [ 106.8641018, -6.2128451 ] ] } },
{ "type": "Feature", "properties": { "waterway": "river", "name": "Kali Utan Kayu" }, "geometry": { "type": "LineString", "coordinates": [ [ 106.8697453, -6.2117508 ], [ 106.8696924, -6.2117678 ], [ 106.8696206, -6.2117931 ], [ 106.869577, -6.2118044 ], [ 106.8694818, -6.2118298 ], [ 106.8693262, -6.2118731 ], [ 106.8692136, -6.2118898 ], [ 106.8691278, -6.2119004 ], [ 106.8690211, -6.2119058 ], [ 106.8688682, -6.2119031 ], [ 106.8687368, -6.2118988 ], [ 106.8686439, -6.2118934 ], [ 106.8685903, -6.2118868 ], [ 106.8685554, -6.2118808 ], [ 106.868486, -6.2118881 ], [ 106.8683523, -6.2118964 ], [ 106.8682393, -6.2119058 ], [ 106.8681769, -6.2119094 ], [ 106.8681551, -6.2119041 ], [ 106.868133, -6.2119108 ], [ 106.8681005, -6.2119288 ], [ 106.8680666, -6.2119384 ], [ 106.8680525, -6.2119394 ], [ 106.8680341, -6.2119376 ], [ 106.8680046, -6.2119463 ], [ 106.867957, -6.2119436 ], [ 106.8678832, -6.2119456 ], [ 106.8678007, -6.2119116 ], [ 106.8677042, -6.2118576 ], [ 106.867552, -6.2117429 ], [ 106.8674614, -6.2116729 ], [ 106.8673468, -6.2115829 ], [ 106.8671811, -6.2114836 ], [ 106.8671241, -6.211433 ], [ 106.867035, -6.2113916 ], [ 106.8669961, -6.211383 ], [ 106.8669478, -6.211389 ], [ 106.8668861, -6.2113543 ], [ 106.8668794, -6.2112756 ], [ 106.8668774, -6.2111763 ], [ 106.8668618, -6.2111409 ], [ 106.8668367, -6.2110539 ], [ 106.8667948, -6.2108961 ], [ 106.8667792, -6.2107783 ], [ 106.8667542, -6.2106714 ], [ 106.8667138, -6.2104884 ], [ 106.8667074, -6.2104601 ], [ 106.86665, -6.2102374 ], [ 106.8665546, -6.2099194 ], [ 106.8665273, -6.2098378 ], [ 106.86641, -6.2094533 ], [ 106.8663745, -6.2093456 ], [ 106.866345, -6.209241 ], [ 106.866328, -6.2091868 ], [ 106.8663443, -6.2091576 ], [ 106.8663639, -6.2091356 ], [ 106.8664372, -6.209118 ] ] } },
{ "type": "Feature", "properties": { "waterway": "canal", "name": "Kanal Banjir Barat" }, "geometry": { "type": "LineString", "coordinates": [ [ 106.8491261, -6.2075414 ], [ 106.8490125, -6.2075522 ], [ 106.8486798, -6.2076718 ], [ 106.8484475, -6.2078117 ] ] } },
{ "type": "Feature", "properties": { "waterway": "river", "name": "Kali Utan Kayu" }, "geometry": { "type": "LineString", "coordinates": [ [ 106.8664372, -6.209118 ], [ 106.866918, -6.2090157 ], [ 106.8672054, -6.208917 ], [ 106.8673108, -6.2088243 ], [ 106.8674387, -6.2085703 ], [ 106.8675722, -6.2083837 ], [ 106.8680906, -6.2078224 ], [ 106.8683052, -6.2076624 ], [ 106.8685744, -6.207559 ], [ 106.8689503, -6.207341 ], [ 106.8690347, -6.2072571 ], [ 106.8690562, -6.2070865 ], [ 106.8691098, -6.2068944 ], [ 106.8692171, -6.2066598 ], [ 106.8693137, -6.2063825 ], [ 106.8693566, -6.2062012 ], [ 106.8693863, -6.2060601 ], [ 106.8693995, -6.2059772 ], [ 106.8694317, -6.2056998 ], [ 106.869421, -6.2053052 ], [ 106.8693781, -6.2048359 ], [ 106.8692815, -6.204228 ], [ 106.8690026, -6.2025107 ], [ 106.8689489, -6.2021374 ], [ 106.8689489, -6.2017748 ], [ 106.8692064, -6.1994922 ], [ 106.8692386, -6.1992149 ], [ 106.8692171, -6.1989909 ] ] } },
{ "type": "Feature", "properties": { "waterway": "river", "name": "" }, "geometry": { "type": "LineString", "coordinates": [ [ 106.8352478, -6.2193006 ], [ 106.8353039, -6.2191374 ] ] } },
{ "type": "Feature", "properties": { "waterway": "canal", "name": "Kali Baru Barat" }, "geometry": { "type": "LineString", "coordinates": [ [ 106.8466901, -6.2220047 ], [ 106.8465795, -6.2218133 ], [ 106.8464508, -6.2216085 ], [ 106.8461933, -6.2212587 ], [ 106.8459787, -6.2209259 ], [ 106.8457556, -6.2204737 ], [ 106.8455092, -6.2198548 ], [ 106.8453178, -6.219262 ], [ 106.8452227, -6.2190469 ], [ 106.8451204, -6.2188013 ], [ 106.8450551, -6.2186889 ], [ 106.8450088, -6.2186136 ], [ 106.844849, -6.2184269 ], [ 106.8445217, -6.2181214 ], [ 106.8441763, -6.2177688 ], [ 106.8439751, -6.2174857 ], [ 106.8439323, -6.217412 ], [ 106.8437385, -6.2170777 ], [ 106.8436726, -6.216962 ], [ 106.843586, -6.2167896 ], [ 106.8434902, -6.2165791 ], [ 106.8433741, -6.2161443 ], [ 106.8433351, -6.2157808 ], [ 106.8432751, -6.2156272 ], [ 106.8432493, -6.2153797 ], [ 106.8432435, -6.215099 ] ] } },
{ "type": "Feature", "properties": { "waterway": "canal", "name": "Kali Baru Barat" }, "geometry": { "type": "LineString", "coordinates": [ [ 106.8432435, -6.215099 ], [ 106.843272, -6.2149469 ], [ 106.8433529, -6.2146277 ], [ 106.8434344, -6.2144169 ] ] } },
{ "type": "Feature", "properties": { "waterway": "canal", "name": "Kali Baru Barat" }, "geometry": { "type": "LineString", "coordinates": [ [ 106.8434344, -6.2144169 ], [ 106.8437471, -6.2136903 ], [ 106.8444509, -6.2118387 ], [ 106.8454226, -6.2093842 ] ] } },
{ "type": "Feature", "properties": { "waterway": "river", "name": "" }, "geometry": { "type": "LineString", "coordinates": [ [ 106.8353039, -6.2191374 ], [ 106.8353684, -6.2189806 ], [ 106.835536, -6.2187566 ], [ 106.8356755, -6.2185846 ], [ 106.8358592, -6.2183567 ], [ 106.8359075, -6.2182793 ], [ 106.8359464, -6.218226 ], [ 106.8359558, -6.21813 ], [ 106.8359223, -6.2180407 ], [ 106.8358089, -6.217822 ], [ 106.8357057, -6.2175241 ], [ 106.835711, -6.2172201 ], [ 106.8357357, -6.2170671 ], [ 106.8359562, -6.2164563 ], [ 106.8360314, -6.2162463 ], [ 106.8360741, -6.2161496 ], [ 106.8361689, -6.2159352 ], [ 106.8362104, -6.2157139 ], [ 106.8362507, -6.2155352 ], [ 106.8362721, -6.2153419 ], [ 106.8362882, -6.2150926 ], [ 106.8362463, -6.2147973 ], [ 106.8361631, -6.2142107 ], [ 106.8360344, -6.214008 ], [ 106.8355677, -6.2136187 ], [ 106.8347496, -6.2131094 ], [ 106.8345404, -6.2129841 ], [ 106.8337384, -6.2127175 ], [ 106.8329042, -6.2124401 ], [ 106.8322578, -6.2122508 ], [ 106.8317938, -6.2120482 ], [ 106.8313244, -6.2117655 ], [ 106.8311366, -6.2116269 ], [ 106.8309033, -6.2113229 ], [ 106.830796, -6.2111202 ], [ 106.8307752, -6.2106343 ], [ 106.8306231, -6.2094751 ], [ 106.8304246, -6.2085712 ], [ 106.8297541, -6.2071286 ], [ 106.8295227, -6.2066706 ], [ 106.8294355, -6.206516 ], [ 106.8291398, -6.2059633 ], [ 106.8288459, -6.2053879 ], [ 106.8286651, -6.2052541 ], [ 106.8283955, -6.20511 ], [ 106.8278041, -6.2046328 ], [ 106.8274661, -6.2042221 ] ] } },
{ "type": "Feature", "properties": { "waterway": "canal", "name": "Kali Baru Barat" }, "geometry": { "type": "LineString", "coordinates": [ [ 106.8454226, -6.2093842 ], [ 106.8454672, -6.2092634 ] ] } },
{ "type": "Feature", "properties": { "waterway": "canal", "name": "Kali Baru Barat" }, "geometry": { "type": "LineString", "coordinates": [ [ 106.8454672, -6.2092634 ], [ 106.8455668, -6.2089973 ] ] } },
{ "type": "Feature", "properties": { "waterway": "canal", "name": "" }, "geometry": { "type": "LineString", "coordinates": [ [ 106.8455668, -6.2089973 ], [ 106.8455051, -6.2087808 ], [ 106.8453976, -6.2084034 ], [ 106.845442, -6.2083031 ], [ 106.8452062, -6.2082059 ] ] } },
{ "type": "Feature", "properties": { "waterway": "canal", "name": "Kanal Banjir Barat" }, "geometry": { "type": "LineString", "coordinates": [ [ 106.8484475, -6.2078117 ], [ 106.8483991, -6.2078464 ], [ 106.8480224, -6.2081158 ] ] } },
{ "type": "Feature", "properties": { "waterway": "river", "name": "" }, "geometry": { "type": "LineString", "coordinates": [ [ 106.8283808, -6.205846 ], [ 106.8286202, -6.2061973 ], [ 106.8289676, -6.2067059 ] ] } },
{ "type": "Feature", "properties": { "waterway": "river", "name": "Kali Grogol" }, "geometry": { "type": "LineString", "coordinates": [ [ 106.7841284, -6.2920014 ], [ 106.7845023, -6.2914164 ] ] } },
{ "type": "Feature", "properties": { "waterway": "river", "name": "Krukut" }, "geometry": { "type": "LineString", "coordinates": [ [ 106.8057051, -6.2918244 ], [ 106.8057576, -6.291498 ], [ 106.8057816, -6.291427 ] ] } },
{ "type": "Feature", "properties": { "waterway": "river", "name": "Krukut" }, "geometry": { "type": "LineString", "coordinates": [ [ 106.8057816, -6.291427 ], [ 106.8058634, -6.2912806 ], [ 106.8060725, -6.2909847 ], [ 106.8062606, -6.2907353 ] ] } },
{ "type": "Feature", "properties": { "waterway": "river", "name": "Kali Grogol" }, "geometry": { "type": "LineString", "coordinates": [ [ 106.7845023, -6.2914164 ], [ 106.7849341, -6.2909846 ], [ 106.785044, -6.2908087 ], [ 106.785087, -6.2905367 ], [ 106.7851743, -6.2903804 ], [ 106.7852479, -6.2902488 ], [ 106.7855805, -6.2898116 ], [ 106.7857039, -6.2896409 ], [ 106.7856663, -6.2895716 ], [ 106.7855966, -6.2893103 ], [ 106.7855697, -6.2889051 ], [ 106.7855273, -6.2886408 ], [ 106.7855107, -6.2885372 ], [ 106.7854081, -6.2884764 ], [ 106.7852586, -6.2883879 ], [ 106.7851567, -6.2882439 ], [ 106.7851084, -6.2881426 ], [ 106.7851138, -6.288036 ], [ 106.7853927, -6.2877107 ], [ 106.7859399, -6.2869215 ], [ 106.7863369, -6.2862817 ], [ 106.7870593, -6.2853957 ], [ 106.787163, -6.2852686 ], [ 106.7875778, -6.2848708 ], [ 106.787619, -6.2848313 ], [ 106.7878646, -6.284595 ] ] } },
{ "type": "Feature", "properties": { "waterway": "river", "name": "" }, "geometry": { "type": "LineString", "coordinates": [ [ 106.7960113, -6.2783982 ], [ 106.7959523, -6.2784248 ], [ 106.795102, -6.2787661 ], [ 106.7949773, -6.2784541 ], [ 106.7949009, -6.2784801 ], [ 106.7948807, -6.2783921 ], [ 106.7948459, -6.2783561 ], [ 106.7946058, -6.2784201 ], [ 106.7943818, -6.2784441 ], [ 106.7942719, -6.2783268 ], [ 106.7941096, -6.2781335 ], [ 106.7940251, -6.2781002 ], [ 106.7939822, -6.2781202 ], [ 106.793887, -6.2779202 ], [ 106.7938427, -6.2778989 ], [ 106.7937716, -6.2779269 ], [ 106.7937542, -6.2779069 ], [ 106.793714, -6.2777349 ], [ 106.7936845, -6.2776483 ], [ 106.7936711, -6.277633 ], [ 106.7936241, -6.2776356 ], [ 106.7935906, -6.2776216 ], [ 106.7935631, -6.2775656 ], [ 106.7934806, -6.2773987 ], [ 106.7934539, -6.2773362 ], [ 106.7937518, -6.2772407 ], [ 106.7941176, -6.2771123 ], [ 106.7941323, -6.2771075 ], [ 106.7940235, -6.2768762 ], [ 106.7939953, -6.2768086 ], [ 106.7939279, -6.2765728 ], [ 106.7938568, -6.2763788 ], [ 106.7938333, -6.2763188 ], [ 106.7937529, -6.2763565 ], [ 106.7936939, -6.2763565 ], [ 106.793659, -6.2763518 ], [ 106.7936214, -6.2763445 ], [ 106.793549, -6.2762352 ], [ 106.7934518, -6.2760745 ], [ 106.7933854, -6.2759526 ], [ 106.7933244, -6.2758212 ], [ 106.7932842, -6.2756833 ], [ 106.7932399, -6.2755123 ], [ 106.7932339, -6.275413 ], [ 106.7931728, -6.275185 ], [ 106.793146, -6.2750601 ], [ 106.7931309, -6.2750516 ], [ 106.7931142, -6.2750319 ], [ 106.7931138, -6.2749559 ], [ 106.7931155, -6.2748713 ], [ 106.7931236, -6.2747518 ], [ 106.7931343, -6.2745158 ], [ 106.7931222, -6.2741752 ], [ 106.7930914, -6.2738793 ], [ 106.7929573, -6.2733641 ], [ 106.7928983, -6.2730561 ], [ 106.792799, -6.2726149 ], [ 106.792791, -6.2725655 ], [ 106.7927963, -6.2724842 ], [ 106.792748, -6.2724556 ], [ 106.7926676, -6.2723889 ], [ 106.7926381, -6.2722369 ], [ 106.7926139, -6.2721143 ], [ 106.7925764, -6.272037 ], [ 106.7924986, -6.271949 ], [ 106.7922813, -6.2717437 ], [ 106.79171, -6.2713891 ], [ 106.7914794, -6.2711785 ], [ 106.7912989, -6.2709818 ] ] } },
{ "type": "Feature", "properties": { "waterway": "river", "name": "Sodetan Kali Grogol" }, "geometry": { "type": "LineString", "coordinates": [ [ 106.7850923, -6.2613852 ], [ 106.785323, -6.2615825 ], [ 106.7852781, -6.262468 ], [ 106.785264, -6.262745 ], [ 106.7852627, -6.2631535 ], [ 106.7852919, -6.2632941 ], [ 106.7852756, -6.263545 ], [ 106.7852382, -6.2636916 ], [ 106.7851757, -6.2638702 ], [ 106.7851623, -6.2639731 ], [ 106.7851673, -6.2640385 ], [ 106.7852278, -6.2644205 ], [ 106.7852318, -6.2644727 ], [ 106.7852962, -6.2647073 ], [ 106.7854035, -6.2650166 ], [ 106.7853288, -6.2653354 ], [ 106.7853663, -6.2654232 ], [ 106.7854241, -6.2654654 ], [ 106.7855944, -6.2655813 ], [ 106.7857361, -6.2656778 ], [ 106.7861867, -6.265891 ], [ 106.7863261, -6.2660084 ], [ 106.7863267, -6.2660101 ], [ 106.7864012, -6.2662111 ], [ 106.7864363, -6.2664668 ], [ 106.7864608, -6.2665029 ], [ 106.7866624, -6.2666879 ], [ 106.7869028, -6.266722 ], [ 106.7873491, -6.2668329 ], [ 106.7879499, -6.2670121 ], [ 106.7884346, -6.2671603 ], [ 106.7889541, -6.2673192 ], [ 106.7896579, -6.2675411 ], [ 106.7901901, -6.2676605 ], [ 106.7904142, -6.2678975 ], [ 106.7905104, -6.2682107 ], [ 106.7906606, -6.268584 ], [ 106.7906659, -6.2687679 ], [ 106.7906879, -6.2689147 ], [ 106.7907839, -6.2690935 ], [ 106.7908926, -6.2692505 ], [ 106.7909733, -6.269526 ], [ 106.7911565, -6.2698676 ], [ 106.791249, -6.2701291 ], [ 106.7913248, -6.270477 ], [ 106.7913072, -6.2708607 ], [ 106.7912989, -6.2709818 ], [ 106.791289, -6.2711267 ], [ 106.7914089, -6.2713633 ], [ 106.7914947, -6.2716448 ], [ 106.7914947, -6.2719264 ], [ 106.7914346, -6.2721226 ], [ 106.791426, -6.2723785 ], [ 106.7914861, -6.2725748 ], [ 106.7915548, -6.2727539 ], [ 106.7915805, -6.2729843 ], [ 106.7914831, -6.2732123 ], [ 106.7914604, -6.2732658 ], [ 106.7912887, -6.2735047 ], [ 106.7909625, -6.2739484 ], [ 106.7907098, -6.274229 ], [ 106.7906707, -6.2742726 ], [ 106.7902759, -6.2746138 ], [ 106.7899497, -6.2750916 ], [ 106.7896923, -6.2753476 ], [ 106.7896735, -6.2762998 ], [ 106.7896843, -6.2765237 ], [ 106.7895824, -6.2772236 ], [ 106.789632, -6.2776088 ], [ 106.7897648, -6.27807 ], [ 106.7900598, -6.278462 ], [ 106.7901751, -6.2786047 ], [ 106.7902422, -6.2787419 ], [ 106.7902529, -6.2788699 ], [ 106.790214, -6.2793632 ], [ 106.7902248, -6.2795457 ], [ 106.7903387, -6.279851 ], [ 106.7903387, -6.2799897 ], [ 106.7901563, -6.2803202 ], [ 106.7900383, -6.2806083 ], [ 106.7901885, -6.2811734 ], [ 106.7901241, -6.2815467 ], [ 106.7898988, -6.2820479 ], [ 106.7897057, -6.2822734 ], [ 106.789049, -6.28304 ], [ 106.7889762, -6.283125 ], [ 106.788944, -6.2832636 ], [ 106.7888179, -6.2836129 ], [ 106.7887241, -6.283735 ], [ 106.788484, -6.2840475 ], [ 106.7884197, -6.2842368 ], [ 106.7883325, -6.2842795 ], [ 106.7881715, -6.2843328 ], [ 106.7878646, -6.284595 ] ] } },
{ "type": "Feature", "properties": { "waterway": "river", "name": "" }, "geometry": { "type": "LineString", "coordinates": [ [ 106.7822331, -6.2610805 ], [ 106.7833813, -6.2610425 ], [ 106.7844798, -6.2611001 ], [ 106.7847893, -6.2611949 ], [ 106.7850923, -6.2613852 ] ] } },
{ "type": "Feature", "properties": { "waterway": "river", "name": "" }, "geometry": { "type": "LineString", "coordinates": [ [ 106.7817892, -6.26108 ], [ 106.7822331, -6.2610805 ] ] } },
{ "type": "Feature", "properties": { "waterway": "river", "name": "Kali Grogol" }, "geometry": { "type": "LineString", "coordinates": [ [ 106.7855363, -6.257117 ], [ 106.7856039, -6.2569934 ], [ 106.7856863, -6.2569567 ], [ 106.7862771, -6.257021 ] ] } },
{ "type": "Feature", "properties": { "waterway": "river", "name": "Kali Grogol" }, "geometry": { "type": "LineString", "coordinates": [ [ 106.7862771, -6.257021 ], [ 106.7863472, -6.2568751 ] ] } },
{ "type": "Feature", "properties": { "waterway": "river", "name": "Krukut" }, "geometry": { "type": "GeometryCollection", "geometries": [ { "type": "LineString", "coordinates": [ [ 106.8073879, -6.320882 ], [ 106.8074249, -6.3206986 ], [ 106.80738161278218, -6.320523246687046 ] ] }, { "type": "LineString", "coordinates": [ [ 106.80748392119115, -6.320083914638481 ], [ 106.8075283, -6.320047 ], [ 106.807544578684428, -6.320000008329706 ] ] }, { "type": "LineString", "coordinates": [ [ 106.807435674708543, -6.319732162062794 ], [ 106.8074327, -6.3197277 ], [ 106.807352758833503, -6.319673263604818 ] ] }, { "type": "LineString", "coordinates": [ [ 106.80726199966216, -6.319540249155398 ], [ 106.807252002180022, -6.319508373462366 ] ] }, { "type": "LineString", "coordinates": [ [ 106.807498346548172, -6.319176373910143 ], [ 106.807567, -6.3190604 ], [ 106.807586115623025, -6.319027127995782 ] ] }, { "type": "LineString", "coordinates": [ [ 106.808015848775113, -6.318835475984218 ], [ 106.8080164, -6.3188353 ], [ 106.808017471895454, -6.318834122985526 ] ] }, { "type": "LineString", "coordinates": [ [ 106.8080836, -6.318761509806828 ], [ 106.8080837, -6.3187614 ], [ 106.8080837, -6.3186383 ], [ 106.8079952, -6.3185152 ], [ 106.807950825464602, -6.318474636159174 ] ] }, { "type": "LineString", "coordinates": [ [ 106.807682351427971, -6.317871145858427 ], [ 106.8076873, -6.3176762 ], [ 106.807753799278643, -6.317517153800739 ] ] }, { "type": "LineString", "coordinates": [ [ 106.808251736659642, -6.316878337825724 ], [ 106.808267440920858, -6.316854394993968 ] ] }, { "type": "LineString", "coordinates": [ [ 106.808404885738085, -6.316831444315761 ], [ 106.80852810577808, -6.316828602337902 ] ] }, { "type": "LineString", "coordinates": [ [ 106.80879619929064, -6.316692678401106 ], [ 106.8088281, -6.3165616 ], [ 106.808820782658074, -6.316517774629517 ] ] }, { "type": "LineString", "coordinates": [ [ 106.808789300357006, -6.316460874229116 ], [ 106.8087884, -6.3164595 ], [ 106.808660231433336, -6.316409351275648 ] ] }, { "type": "LineString", "coordinates": [ [ 106.808634109146453, -6.316367164004837 ], [ 106.808601858177241, -6.316306349463917 ] ] }, { "type": "LineString", "coordinates": [ [ 106.808744530803594, -6.316059912889966 ], [ 106.808776403699056, -6.31607179589048 ] ] }, { "type": "LineString", "coordinates": [ [ 106.809080012830137, -6.316053585121579 ], [ 106.8090803, -6.3160533 ], [ 106.809084976390324, -6.316039689610258 ] ] }, { "type": "LineString", "coordinates": [ [ 106.809178192077098, -6.315298329978609 ], [ 106.8091777, -6.3152945 ], [ 106.809179319860007, -6.315256951114035 ] ] }, { "type": "LineString", "coordinates": [ [ 106.809184917922721, -6.315028842888776 ], [ 106.8091858, -6.3149308 ], [ 106.8091622, -6.3148026 ], [ 106.8090915, -6.3146235 ] ] }, { "type": "LineString", "coordinates": [ [ 106.8090915, -6.3146235 ], [ 106.8090151, -6.3144298 ] ] }, { "type": "Point", "coordinates": [ 106.8075405, -6.3198894 ] } ] } },
{ "type": "Feature", "properties": { "waterway": "river", "name": "Krukut" }, "geometry": { "type": "LineString", "coordinates": [ [ 106.8090151, -6.3144298 ], [ 106.8089866, -6.314254 ], [ 106.8090131, -6.3141206 ], [ 106.8089785, -6.3140257 ], [ 106.8089074, -6.3139449 ], [ 106.8087915, -6.3138802 ], [ 106.8083497, -6.3133603 ], [ 106.8082934, -6.313339 ], [ 106.8080171, -6.3133257 ], [ 106.8079393, -6.3132537 ], [ 106.8079286, -6.3132137 ], [ 106.807934, -6.3131604 ], [ 106.808047, -6.312911 ], [ 106.8082214, -6.3126391 ], [ 106.808267, -6.3124338 ], [ 106.8082348, -6.3121592 ], [ 106.8081754, -6.3119394 ], [ 106.8080819, -6.3117833 ], [ 106.8079474, -6.3116195 ], [ 106.8079156, -6.3115567 ], [ 106.8079045, -6.3114115 ], [ 106.8079769, -6.3111076 ], [ 106.8080068, -6.3110715 ], [ 106.808288, -6.3108357 ], [ 106.8083953, -6.3108037 ], [ 106.8084976, -6.3107169 ], [ 106.8085459, -6.310565 ], [ 106.8085298, -6.3104023 ], [ 106.8083819, -6.3101745 ], [ 106.8082317, -6.3098759 ], [ 106.8079662, -6.309676 ], [ 106.8078244, -6.3093226 ], [ 106.8077623, -6.3092201 ], [ 106.8077221, -6.3092041 ], [ 106.807596, -6.3092334 ], [ 106.8074673, -6.3092894 ], [ 106.8074378, -6.3093267 ], [ 106.8073439, -6.3093454 ], [ 106.8068745, -6.3091002 ], [ 106.806853, -6.3089615 ], [ 106.807001, -6.3088801 ], [ 106.8070251, -6.3086881 ], [ 106.807068, -6.3086721 ], [ 106.8072312, -6.3087029 ], [ 106.8073385, -6.3086949 ], [ 106.8075133, -6.3086055 ], [ 106.8075585, -6.3085056 ], [ 106.8076067, -6.3084816 ], [ 106.8076792, -6.3084736 ], [ 106.8077543, -6.308495 ], [ 106.8086074, -6.3081759 ], [ 106.8086421, -6.3081057 ], [ 106.8086103, -6.3079523 ], [ 106.8085003, -6.3075791 ], [ 106.8084359, -6.3074271 ], [ 106.8083792, -6.3073886 ], [ 106.8083079, -6.3071379 ], [ 106.8082777, -6.3070459 ], [ 106.8082612, -6.3067248 ], [ 106.8086367, -6.3066714 ], [ 106.8086827, -6.3066406 ], [ 106.8087283, -6.3065447 ], [ 106.8087364, -6.3064434 ], [ 106.8087203, -6.306398 ], [ 106.808634, -6.3063035 ], [ 106.8085026, -6.305901 ], [ 106.8085137, -6.3057849 ], [ 106.8085915, -6.3056489 ], [ 106.8087816, -6.305613 ], [ 106.8090307, -6.3056406 ], [ 106.8091621, -6.3055992 ], [ 106.8092476, -6.3055302 ], [ 106.8092191, -6.3050677 ], [ 106.8090176, -6.3047546 ], [ 106.8089613, -6.304576 ], [ 106.8089237, -6.3041468 ], [ 106.8088919, -6.3039987 ], [ 106.8088486, -6.3039255 ], [ 106.8087279, -6.3038748 ], [ 106.8085187, -6.3038988 ], [ 106.8084597, -6.3038748 ], [ 106.8083657, -6.3036621 ], [ 106.8084118, -6.3035054 ], [ 106.8081405, -6.3031443 ], [ 106.8081003, -6.3031257 ], [ 106.8079903, -6.3031363 ], [ 106.8078122, -6.3032208 ], [ 106.8076031, -6.3031992 ], [ 106.8073821, -6.3030068 ], [ 106.8071419, -6.3028358 ], [ 106.8070662, -6.3027057 ], [ 106.8069876, -6.3023991 ], [ 106.8069818, -6.3020433 ], [ 106.8067113, -6.3014126 ], [ 106.8066465, -6.3011555 ], [ 106.8065526, -6.3010515 ], [ 106.8063036, -6.3004156 ], [ 106.8062871, -6.3003132 ], [ 106.8063702, -6.2999053 ], [ 106.8063626, -6.2997757 ], [ 106.8062875, -6.2993305 ], [ 106.8061476, -6.2987909 ], [ 106.8060242, -6.2987776 ], [ 106.8059907, -6.2987122 ], [ 106.8060239, -6.2985489 ], [ 106.8060054, -6.2984323 ], [ 106.8059464, -6.2984016 ], [ 106.8058177, -6.298399 ], [ 106.8055951, -6.2984976 ], [ 106.8054475, -6.2984977 ], [ 106.8052384, -6.298447 ], [ 106.8052012, -6.2984187 ], [ 106.8051717, -6.2983067 ], [ 106.8051073, -6.2982268 ], [ 106.8050023, -6.2981537 ], [ 106.805013, -6.2980177 ], [ 106.8050376, -6.2979655 ], [ 106.805228, -6.2978508 ], [ 106.8053031, -6.2977442 ], [ 106.8053859, -6.2974765 ], [ 106.805398, -6.2972965 ], [ 106.8055656, -6.296738 ], [ 106.8056648, -6.2966447 ], [ 106.8061181, -6.2963568 ], [ 106.806272, -6.296187 ], [ 106.806859, -6.2958867 ], [ 106.8068752, -6.2958116 ], [ 106.8068871, -6.2956933 ], [ 106.806853, -6.2955303 ], [ 106.806794, -6.2954664 ], [ 106.8064774, -6.2952679 ], [ 106.8064135, -6.2951413 ], [ 106.8064028, -6.2948649 ], [ 106.8063434, -6.2946159 ], [ 106.8062415, -6.2944906 ], [ 106.8060511, -6.2943866 ], [ 106.8055378, -6.2943817 ], [ 106.8054567, -6.2943128 ] ] } },
{ "type": "Feature", "properties": { "waterway": "river", "name": "Kali Krukut" }, "geometry": { "type": "LineString", "coordinates": [ [ 106.8062606, -6.2907353 ], [ 106.8063956, -6.290651 ], [ 106.8065527, -6.2905448 ], [ 106.8067083, -6.2904701 ], [ 106.8068048, -6.2904488 ], [ 106.8070368, -6.2904235 ], [ 106.8071079, -6.2904087 ], [ 106.8071696, -6.2903581 ], [ 106.8072145, -6.2903087 ], [ 106.8072346, -6.2902108 ], [ 106.8072367, -6.2901342 ], [ 106.8072635, -6.2900835 ], [ 106.8073171, -6.2900542 ], [ 106.8073895, -6.2900488 ], [ 106.8079206, -6.2902088 ], [ 106.8079635, -6.2902088 ], [ 106.8080454, -6.2901614 ], [ 106.8083658, -6.2897396 ], [ 106.8083745, -6.2896256 ], [ 106.8083659, -6.2895397 ], [ 106.8085616, -6.2892097 ], [ 106.8086857, -6.2889058 ], [ 106.8085285, -6.2884642 ], [ 106.8085483, -6.2883316 ], [ 106.8084567, -6.287943 ], [ 106.808444, -6.2877498 ], [ 106.8085079, -6.2875763 ], [ 106.8085348, -6.2874654 ], [ 106.8087494, -6.2872414 ], [ 106.8090391, -6.2869749 ], [ 106.8090498, -6.2868469 ], [ 106.8089996, -6.2866863 ], [ 106.8090122, -6.2865109 ], [ 106.8090298, -6.2864004 ], [ 106.80909, -6.2863163 ], [ 106.8091463, -6.2859937 ], [ 106.809188, -6.2858272 ], [ 106.8094709, -6.2858738 ], [ 106.8096359, -6.2858861 ], [ 106.809717, -6.2858618 ], [ 106.8097512, -6.2857978 ], [ 106.8096507, -6.2855965 ], [ 106.8096774, -6.2852373 ], [ 106.8096077, -6.284778 ], [ 106.8097043, -6.2844794 ], [ 106.8096399, -6.2843194 ], [ 106.8094801, -6.2841783 ], [ 106.8094157, -6.2840297 ], [ 106.8094005, -6.2838255 ], [ 106.8095607, -6.2835247 ], [ 106.8096184, -6.2833703 ], [ 106.8095664, -6.283255 ], [ 106.8094518, -6.2830514 ], [ 106.8093502, -6.2828797 ], [ 106.8093395, -6.2827091 ], [ 106.8093429, -6.2824003 ], [ 106.8095421, -6.2819427 ], [ 106.8096587, -6.2817013 ], [ 106.8097338, -6.2815787 ], [ 106.8098867, -6.2814427 ], [ 106.8101455, -6.2812068 ], [ 106.8105033, -6.2808942 ], [ 106.8105996, -6.2804046 ], [ 106.8106123, -6.2802773 ], [ 106.810627, -6.2799151 ], [ 106.8108144, -6.2796251 ], [ 106.8110155, -6.2795129 ], [ 106.8112093, -6.2794522 ], [ 106.8114091, -6.2794502 ], [ 106.8117535, -6.2794032 ], [ 106.8120108, -6.2791685 ], [ 106.812129, -6.278731 ], [ 106.8121818, -6.2786052 ], [ 106.8122577, -6.278486 ], [ 106.8123999, -6.2784154 ], [ 106.8127097, -6.278194 ], [ 106.8127714, -6.2778382 ], [ 106.8127795, -6.2777422 ], [ 106.8127901, -6.2776542 ], [ 106.8128063, -6.2775969 ], [ 106.8129015, -6.2775475 ], [ 106.8130517, -6.2773449 ], [ 106.8130731, -6.276993 ], [ 106.8129551, -6.2768117 ], [ 106.81288, -6.2764384 ], [ 106.8130731, -6.2763211 ], [ 106.8134272, -6.2759478 ], [ 106.8136954, -6.2759798 ], [ 106.8139422, -6.2760332 ], [ 106.8140709, -6.2759159 ], [ 106.8141031, -6.2756172 ], [ 106.8142211, -6.2753186 ], [ 106.8142211, -6.275212 ], [ 106.8141138, -6.27486 ], [ 106.8140065, -6.2746574 ], [ 106.8139207, -6.2745508 ], [ 106.8139207, -6.2743481 ], [ 106.8139744, -6.2742415 ], [ 106.8139744, -6.2740922 ], [ 106.8138349, -6.2738469 ], [ 106.8138349, -6.2736763 ], [ 106.81391, -6.273559 ], [ 106.8139958, -6.273367 ], [ 106.8140065, -6.273239 ], [ 106.8139422, -6.2729618 ], [ 106.8138992, -6.2725779 ], [ 106.8139476, -6.2724418 ], [ 106.8139529, -6.2722339 ], [ 106.8138952, -6.2721073 ], [ 106.8137155, -6.2720606 ], [ 106.8134567, -6.2720807 ], [ 106.8131978, -6.2719793 ], [ 106.813043, -6.27175 ], [ 106.8126789, -6.271594 ], [ 106.8126027, -6.2715188 ], [ 106.8125883, -6.2713541 ], [ 106.8125468, -6.2712968 ], [ 106.8124763, -6.2712573 ], [ 106.8122363, -6.2712101 ], [ 106.8120573, -6.2712648 ], [ 106.8119647, -6.2712021 ], [ 106.811903, -6.2711315 ], [ 106.8117998, -6.2709835 ], [ 106.8118554, -6.2708861 ], [ 106.8118984, -6.2708325 ], [ 106.8118962, -6.2707314 ], [ 106.8117756, -6.2707209 ], [ 106.8116952, -6.2706849 ], [ 106.8116891, -6.2705769 ], [ 106.811671, -6.2704543 ], [ 106.8115637, -6.2703476 ], [ 106.8115389, -6.2702357 ], [ 106.8115604, -6.2701356 ], [ 106.8116395, -6.2699504 ], [ 106.8117119, -6.2697562 ], [ 106.8117655, -6.269492 ], [ 106.8118475, -6.269423 ], [ 106.8120043, -6.2693198 ], [ 106.8121233, -6.2692315 ], [ 106.8123114, -6.2689247 ], [ 106.8122054, -6.2687959 ], [ 106.812093, -6.2686214 ], [ 106.8121612, -6.2684186 ], [ 106.8123221, -6.26796 ], [ 106.8124616, -6.2676828 ], [ 106.8126011, -6.2672989 ], [ 106.8127191, -6.2672135 ], [ 106.8130195, -6.2669789 ], [ 106.8130731, -6.2666803 ], [ 106.8131482, -6.266403 ], [ 106.8133306, -6.2660511 ], [ 106.8133735, -6.265891 ], [ 106.8133306, -6.2657311 ], [ 106.8129337, -6.2655072 ], [ 106.81288, -6.2653152 ], [ 106.8127298, -6.2651659 ], [ 106.8125796, -6.2650486 ], [ 106.8125474, -6.2648993 ], [ 106.8125796, -6.2647713 ], [ 106.8125796, -6.2646753 ], [ 106.8124401, -6.2645047 ], [ 106.8123865, -6.264398 ], [ 106.8123114, -6.2638967 ], [ 106.8123007, -6.2637795 ], [ 106.8122148, -6.2637262 ], [ 106.8121397, -6.2636942 ], [ 106.8120217, -6.2636835 ], [ 106.8119681, -6.2635875 ], [ 106.8117857, -6.2634169 ], [ 106.8119077, -6.2631463 ], [ 106.811901, -6.2630889 ], [ 106.8118165, -6.2629862 ], [ 106.8116395, -6.2628397 ], [ 106.8115617, -6.262781 ], [ 106.811551, -6.2627224 ], [ 106.8115993, -6.262621 ], [ 106.8117226, -6.2624983 ], [ 106.8118407, -6.2624544 ], [ 106.812011, -6.262437 ], [ 106.8120646, -6.2623944 ], [ 106.8120874, -6.2623038 ], [ 106.8120432, -6.2620625 ], [ 106.8119788, -6.2618718 ], [ 106.8118916, -6.2617892 ], [ 106.8117923, -6.2617145 ], [ 106.8116998, -6.2616479 ], [ 106.8116677, -6.2615639 ], [ 106.8116998, -6.2614865 ], [ 106.8117427, -6.2613372 ], [ 106.8117052, -6.2612546 ], [ 106.811677, -6.261144 ], [ 106.8116086, -6.2609933 ], [ 106.8115335, -6.260848 ], [ 106.8115228, -6.260728 ], [ 106.811445, -6.2605907 ], [ 106.8113873, -6.2605348 ], [ 106.8112465, -6.2605227 ], [ 106.8110387, -6.2604827 ], [ 106.8109595, -6.2604241 ], [ 106.8108965, -6.2603135 ], [ 106.8107021, -6.2600135 ], [ 106.8105572, -6.2597321 ], [ 106.8105317, -6.2596029 ], [ 106.8105626, -6.2595029 ], [ 106.8106699, -6.259343 ], [ 106.8106028, -6.2592256 ], [ 106.8105364, -6.2591929 ], [ 106.8102703, -6.2592543 ], [ 106.8102193, -6.2592362 ], [ 106.8101482, -6.2590209 ], [ 106.8100543, -6.2589223 ], [ 106.8099658, -6.2588763 ], [ 106.8099146, -6.2588664 ], [ 106.8098164, -6.258897 ], [ 106.8096552, -6.2588942 ], [ 106.809575, -6.2588655 ], [ 106.8095263, -6.2588137 ], [ 106.8094758, -6.2587148 ], [ 106.8094753, -6.2586209 ], [ 106.8094361, -6.2583937 ], [ 106.8093395, -6.2581591 ], [ 106.8093502, -6.2578498 ], [ 106.8093502, -6.2577005 ], [ 106.8091571, -6.2575725 ], [ 106.8090927, -6.2574126 ], [ 106.8092215, -6.2571779 ], [ 106.8091571, -6.2570286 ], [ 106.8089962, -6.2569539 ], [ 106.8090069, -6.2568473 ], [ 106.8091786, -6.2567193 ], [ 106.8092107, -6.2565167 ], [ 106.8091035, -6.2563567 ], [ 106.8087172, -6.2562714 ], [ 106.8085777, -6.2560261 ], [ 106.8083846, -6.2557914 ], [ 106.8083417, -6.2556209 ], [ 106.8083846, -6.2553969 ], [ 106.8085777, -6.2551089 ], [ 106.808567, -6.2547677 ], [ 106.8085938, -6.2532692 ], [ 106.8087494, -6.2530986 ], [ 106.8091035, -6.2529652 ], [ 106.8091873, -6.2528853 ], [ 106.8092094, -6.252812 ], [ 106.8091645, -6.252688 ], [ 106.8090817, -6.2526164 ], [ 106.808907, -6.2524474 ] ] } },
{ "type": "Feature", "properties": { "waterway": "drain", "name": "" }, "geometry": { "type": "LineString", "coordinates": [ [ 106.8091021, -6.2391335 ], [ 106.8089991, -6.2364885 ], [ 106.8090334, -6.2360278 ], [ 106.8092259, -6.23561 ] ] } },
{ "type": "Feature", "properties": { "waterway": "river", "name": "Mampang" }, "geometry": { "type": "LineString", "coordinates": [ [ 106.821221, -6.2404517 ], [ 106.8210822, -6.2402711 ], [ 106.820775, -6.2401978 ], [ 106.8206477, -6.2401244 ], [ 106.8205994, -6.2400578 ], [ 106.8205591, -6.2399618 ], [ 106.8204224, -6.2397325 ], [ 106.8203526, -6.2395246 ], [ 106.8203419, -6.2393219 ], [ 106.8203795, -6.2390738 ], [ 106.8205082, -6.2387059 ], [ 106.8205404, -6.2385567 ], [ 106.8204009, -6.2384713 ], [ 106.8202346, -6.2383887 ], [ 106.8201769, -6.2382167 ], [ 106.8201823, -6.2380473 ], [ 106.8202038, -6.2377821 ], [ 106.8201622, -6.2376447 ], [ 106.8201487, -6.2375101 ], [ 106.8203432, -6.2374614 ], [ 106.8203399, -6.2372327 ], [ 106.8203051, -6.2370735 ], [ 106.8202377, -6.2369642 ], [ 106.8201575, -6.2368675 ], [ 106.8201006, -6.2367344 ], [ 106.8200469, -6.2365942 ], [ 106.820008, -6.2365049 ], [ 106.8199396, -6.2364556 ], [ 106.8195319, -6.2358263 ], [ 106.8194461, -6.2356663 ], [ 106.8194031, -6.2355597 ], [ 106.8194782, -6.2353997 ], [ 106.8197143, -6.2352184 ], [ 106.8197572, -6.2350904 ], [ 106.8197787, -6.2348131 ], [ 106.8198645, -6.2345465 ], [ 106.8198835, -6.2343199 ], [ 106.8198653, -6.2341968 ], [ 106.8197533, -6.2340504 ], [ 106.8196499, -6.2338745 ], [ 106.8195342, -6.2336664 ], [ 106.8195267, -6.233438 ], [ 106.8193144, -6.2333201 ], [ 106.8191866, -6.2331094 ], [ 106.8190332, -6.232956 ], [ 106.8187532, -6.2329326 ], [ 106.8185901, -6.232907 ], [ 106.8183497, -6.2329667 ], [ 106.8181781, -6.2331033 ], [ 106.818015, -6.2331886 ], [ 106.8179034, -6.2331545 ], [ 106.8178121, -6.2330103 ] ] } },
{ "type": "Feature", "properties": { "waterway": "drain", "name": "" }, "geometry": { "type": "LineString", "coordinates": [ [ 106.8092259, -6.23561 ], [ 106.8093924, -6.2353094 ] ] } },
{ "type": "Feature", "properties": { "waterway": "river", "name": "Kali Krukut" }, "geometry": { "type": "LineString", "coordinates": [ [ 106.808907, -6.2524474 ], [ 106.8089754, -6.2523493 ], [ 106.8092698, -6.2518508 ], [ 106.8095018, -6.2515056 ], [ 106.8097499, -6.2512028 ], [ 106.8099296, -6.2510775 ], [ 106.8101656, -6.2509255 ], [ 106.8103587, -6.2508216 ], [ 106.8104231, -6.2504377 ], [ 106.8103399, -6.2504117 ], [ 106.8102474, -6.2504002 ], [ 106.810118, -6.2503664 ], [ 106.8100154, -6.2500857 ], [ 106.8098008, -6.2496271 ], [ 106.8096506, -6.2492645 ], [ 106.8095901, -6.2491151 ], [ 106.8097966, -6.2487206 ], [ 106.8100706, -6.2484287 ], [ 106.8104156, -6.2480208 ], [ 106.8108338, -6.2477214 ], [ 106.8114647, -6.2472552 ], [ 106.811594, -6.2472029 ], [ 106.8116991, -6.2472291 ], [ 106.8118849, -6.2472679 ], [ 106.8119687, -6.2471851 ], [ 106.8119746, -6.2470432 ], [ 106.8119996, -6.2468917 ], [ 106.8120459, -6.2467983 ], [ 106.8120616, -6.2467309 ], [ 106.8121545, -6.2467196 ], [ 106.8123329, -6.2467356 ], [ 106.8125045, -6.2468222 ], [ 106.812644, -6.2467155 ], [ 106.8126869, -6.2465449 ], [ 106.8127298, -6.2463423 ], [ 106.8128371, -6.2462143 ], [ 106.8129766, -6.2461502 ], [ 106.8130624, -6.2460436 ], [ 106.8130624, -6.2458943 ], [ 106.8130624, -6.2457557 ], [ 106.8130946, -6.2456597 ], [ 106.8131502, -6.2455384 ], [ 106.8132173, -6.2455316 ], [ 106.8132931, -6.2455504 ], [ 106.8134044, -6.2456044 ], [ 106.8134929, -6.2455817 ], [ 106.81356, -6.2455797 ], [ 106.8136317, -6.2455824 ], [ 106.8137182, -6.2455517 ], [ 106.813794, -6.2454837 ], [ 106.8138201, -6.2453471 ], [ 106.8138128, -6.2452584 ], [ 106.813792, -6.2451371 ], [ 106.8137812, -6.2449665 ], [ 106.8138241, -6.2447998 ], [ 106.8139608, -6.2446901 ], [ 106.8140803, -6.2446119 ], [ 106.8141647, -6.2445505 ], [ 106.8141983, -6.2445372 ], [ 106.8142292, -6.2444118 ], [ 106.8143002, -6.2442853 ], [ 106.8144049, -6.2442252 ], [ 106.8144893, -6.2441585 ], [ 106.8145148, -6.2440892 ], [ 106.8145456, -6.2440128 ], [ 106.8146195, -6.2438813 ], [ 106.8146451, -6.2438305 ], [ 106.8146637, -6.2437732 ], [ 106.8147186, -6.2436089 ], [ 106.8147495, -6.2434893 ], [ 106.8147427, -6.2433916 ], [ 106.8147146, -6.24326 ], [ 106.8147146, -6.2431107 ], [ 106.8147683, -6.2429827 ], [ 106.8148401, -6.2429081 ], [ 106.8149308, -6.2428605 ], [ 106.8150634, -6.2428414 ], [ 106.8151629, -6.2428254 ], [ 106.8152416, -6.2428332 ], [ 106.8153409, -6.2428915 ], [ 106.8154194, -6.2429988 ], [ 106.8154803, -6.2430655 ], [ 106.8154938, -6.24308 ], [ 106.8155099, -6.2430917 ], [ 106.815528, -6.2431 ], [ 106.8155553, -6.2431055 ], [ 106.8155897, -6.2431054 ], [ 106.8156192, -6.2430994 ], [ 106.8156534, -6.2430894 ], [ 106.8156749, -6.2430754 ], [ 106.8157011, -6.2430567 ], [ 106.8157222, -6.2430406 ], [ 106.8157402, -6.2430206 ], [ 106.8157526, -6.2429967 ], [ 106.8157585, -6.2429724 ], [ 106.8157587, -6.2429474 ], [ 106.815753, -6.2429231 ], [ 106.8157419, -6.2429007 ], [ 106.8156588, -6.2427374 ], [ 106.815648, -6.2425454 ], [ 106.8156789, -6.2424054 ], [ 106.8157326, -6.2423335 ], [ 106.816004, -6.242332 ], [ 106.81603, -6.2422023 ], [ 106.8159654, -6.2420475 ], [ 106.8159875, -6.2419791 ], [ 106.8161481, -6.2419213 ], [ 106.8162027, -6.2417943 ], [ 106.816166, -6.2416897 ], [ 106.8161603, -6.2416736 ], [ 106.8158423, -6.241489 ], [ 106.8159163, -6.2413189 ], [ 106.8162006, -6.2408577 ], [ 106.816357, -6.2409126 ], [ 106.8164487, -6.240891 ], [ 106.8165238, -6.240819 ], [ 106.8165687, -6.2406997 ], [ 106.8165724, -6.2406907 ], [ 106.8166268, -6.2406241 ], [ 106.8166726, -6.2405697 ], [ 106.8168604, -6.240391 ], [ 106.8171823, -6.2398792 ], [ 106.8172907, -6.2395827 ], [ 106.8174189, -6.2394228 ], [ 106.8175775, -6.2392915 ], [ 106.8176961, -6.2391062 ], [ 106.8179025, -6.2384822 ], [ 106.817953, -6.2382923 ], [ 106.8179655, -6.2382366 ], [ 106.8179977, -6.23797 ], [ 106.8180754, -6.2377395 ], [ 106.8181251, -6.237438 ], [ 106.8181613, -6.2371902 ], [ 106.8182096, -6.2369355 ], [ 106.8183249, -6.2364796 ], [ 106.8183115, -6.2363569 ], [ 106.8183195, -6.2362102 ], [ 106.8185119, -6.2360363 ], [ 106.8185207, -6.2358937 ], [ 106.8185113, -6.2358163 ], [ 106.818233, -6.2356897 ], [ 106.8181606, -6.2356163 ], [ 106.8179735, -6.2354677 ], [ 106.8178891, -6.2354037 ], [ 106.8178367, -6.2352611 ], [ 106.8178153, -6.2351117 ], [ 106.8177851, -6.234885 ], [ 106.8177831, -6.2346211 ], [ 106.8177938, -6.2343224 ], [ 106.8176758, -6.2341732 ], [ 106.8176275, -6.2339718 ], [ 106.8175872, -6.2337772 ], [ 106.8176222, -6.2335866 ], [ 106.8175925, -6.2334385 ], [ 106.8176278, -6.2333056 ], [ 106.8176416, -6.2332239 ], [ 106.8177146, -6.2331408 ], [ 106.8178121, -6.2330103 ], [ 106.817695, -6.2329108 ], [ 106.8175403, -6.232803 ], [ 106.8174914, -6.232715 ], [ 106.8174657, -6.2326297 ], [ 106.8174228, -6.2324676 ], [ 106.8174399, -6.2323481 ], [ 106.8174914, -6.2321775 ], [ 106.8174142, -6.2320751 ], [ 106.8172683, -6.2320751 ], [ 106.8171481, -6.232041 ], [ 106.816981, -6.2320445 ], [ 106.8169148, -6.2320383 ], [ 106.8168643, -6.2319615 ], [ 106.8168204, -6.2317466 ], [ 106.8167903, -6.231665 ], [ 106.8167719, -6.2315335 ], [ 106.8167639, -6.2313682 ], [ 106.8167478, -6.2311656 ], [ 106.8169114, -6.2306963 ], [ 106.8170562, -6.230387 ], [ 106.8171653, -6.2302236 ], [ 106.8172683, -6.2299932 ], [ 106.8173302, -6.2298904 ], [ 106.8173183, -6.2297849 ], [ 106.8172339, -6.2294471 ], [ 106.8171209, -6.229026 ], [ 106.8170108, -6.2288413 ], [ 106.8168048, -6.2285 ], [ 106.8165988, -6.228082 ], [ 106.8164958, -6.2278857 ], [ 106.816616, -6.2275871 ], [ 106.8167275, -6.2274676 ], [ 106.8170795, -6.2273652 ], [ 106.8172082, -6.2272031 ], [ 106.8171739, -6.2270751 ], [ 106.8169593, -6.2269727 ], [ 106.8167876, -6.2268362 ], [ 106.816719, -6.2266144 ], [ 106.8167705, -6.2264949 ], [ 106.8175118, -6.2259937 ], [ 106.8176803, -6.2258593 ], [ 106.8177934, -6.2256439 ], [ 106.8179549, -6.2247842 ], [ 106.8179522, -6.224404 ], [ 106.8178636, -6.2235097 ], [ 106.8177268, -6.2230617 ], [ 106.8172657, -6.2222986 ], [ 106.8166151, -6.2209115 ], [ 106.8167585, -6.2205606 ], [ 106.8169771, -6.22015 ], [ 106.8174304, -6.2197339 ], [ 106.8175254, -6.2196023 ], [ 106.8175388, -6.2194683 ], [ 106.8175381, -6.2191314 ], [ 106.8175773, -6.2187858 ], [ 106.8175935, -6.2183882 ], [ 106.8176116, -6.2182568 ], [ 106.8175773, -6.2180605 ], [ 106.8174228, -6.217907 ], [ 106.8171996, -6.2176339 ], [ 106.8171224, -6.2174462 ], [ 106.8170966, -6.2170366 ], [ 106.8170108, -6.2166953 ], [ 106.8169815, -6.2163625 ], [ 106.8169483, -6.2162377 ], [ 106.8167351, -6.2156898 ] ] } },
{ "type": "Feature", "properties": { "waterway": "drain", "name": "" }, "geometry": { "type": "LineString", "coordinates": [ [ 106.8093924, -6.2353094 ], [ 106.809454, -6.2351575 ], [ 106.8095828, -6.2345517 ], [ 106.8096343, -6.2338435 ], [ 106.8096283, -6.2317416 ] ] } },
{ "type": "Feature", "properties": { "waterway": "river", "name": "Kali Krukut" }, "geometry": { "type": "LineString", "coordinates": [ [ 106.8167351, -6.2156898 ], [ 106.8167118, -6.2156297 ] ] } },
{ "type": "Feature", "properties": { "waterway": "river", "name": "Kali Krukut" }, "geometry": { "type": "LineString", "coordinates": [ [ 106.8167118, -6.2156297 ], [ 106.8166879, -6.2155684 ], [ 106.8166536, -6.2155235 ], [ 106.8165318, -6.2153498 ], [ 106.8163584, -6.2151136 ], [ 106.8162209, -6.2149217 ], [ 106.8160656, -6.2147499 ], [ 106.8159186, -6.2145387 ], [ 106.8155763, -6.2141323 ], [ 106.815227, -6.2137945 ], [ 106.814865, -6.2134615 ], [ 106.8146272, -6.2132849 ], [ 106.8143844, -6.2131116 ], [ 106.8140754, -6.2129495 ], [ 106.8138083, -6.2127745 ], [ 106.8136376, -6.2126338 ], [ 106.8133458, -6.2123608 ], [ 106.8131055, -6.2121986 ], [ 106.8129167, -6.2120621 ], [ 106.8126592, -6.2116781 ], [ 106.8125991, -6.2115075 ], [ 106.8125854, -6.211362 ], [ 106.8125733, -6.2112344 ], [ 106.8127278, -6.2109187 ], [ 106.8127107, -6.210603 ], [ 106.8128051, -6.2101508 ], [ 106.8127622, -6.2097754 ], [ 106.8125476, -6.2091183 ], [ 106.8125562, -6.2089135 ], [ 106.8124789, -6.2087258 ], [ 106.8121614, -6.2084101 ], [ 106.8119983, -6.2081456 ], [ 106.81195, -6.2079584 ], [ 106.8118918, -6.2077284 ], [ 106.8114394, -6.2071994 ], [ 106.8113132, -6.2069204 ], [ 106.8108487, -6.2063571 ], [ 106.8104077, -6.20585 ], [ 106.8099727, -6.2051762 ], [ 106.8099671, -6.2050671 ], [ 106.8099659, -6.2049503 ], [ 106.8101186, -6.2047666 ], [ 106.8105477, -6.2045277 ], [ 106.8109683, -6.2043741 ], [ 106.8111571, -6.2040157 ], [ 106.8113975, -6.2034952 ], [ 106.8114318, -6.2030259 ], [ 106.811449, -6.2026334 ], [ 106.8112086, -6.2024457 ], [ 106.8111056, -6.202275 ], [ 106.8111314, -6.2019593 ], [ 106.8112138, -6.2015892 ], [ 106.8113116, -6.2009269 ], [ 106.8113116, -6.200193 ], [ 106.8112852, -6.1996869 ], [ 106.8111966, -6.1993354 ] ] } },
{ "type": "Feature", "properties": { "waterway": "river", "name": "" }, "geometry": { "type": "LineString", "coordinates": [ [ 106.7568007, -6.2727094 ], [ 106.7567701, -6.2724998 ], [ 106.7567138, -6.2722918 ], [ 106.7565962, -6.2721262 ], [ 106.7564106, -6.2719324 ], [ 106.7554887, -6.2711053 ], [ 106.7554823, -6.2708389 ], [ 106.7554817, -6.2702031 ], [ 106.7554854, -6.2694032 ], [ 106.7550324, -6.2689696 ], [ 106.7543225, -6.268246 ] ] } },
{ "type": "Feature", "properties": { "waterway": "river", "name": "" }, "geometry": { "type": "LineString", "coordinates": [ [ 106.7543225, -6.268246 ], [ 106.754153, -6.2681037 ] ] } },
{ "type": "Feature", "properties": { "waterway": "river", "name": "" }, "geometry": { "type": "MultiLineString", "coordinates": [ [ [ 106.7509819, -6.2715677 ], [ 106.7516626, -6.2708271 ], [ 106.7517284, -6.2707555 ], [ 106.7518086, -6.2706682 ], [ 106.754153, -6.2681037 ], [ 106.7542219, -6.2680249 ], [ 106.7542628, -6.2679414 ], [ 106.754268, -6.2678929 ], [ 106.7540645, -6.2676742 ], [ 106.7535838, -6.2671846 ], [ 106.7535464, -6.2670918 ], [ 106.7535627, -6.2665695 ], [ 106.7531398, -6.2660831 ], [ 106.753024102265499, -6.265978001582041 ] ], [ [ 106.752834521963194, -6.265738210704354 ], [ 106.752806837349596, -6.265652983745893 ] ], [ [ 106.752487304476873, -6.264753828560007 ], [ 106.752491454623453, -6.264731180110497 ] ], [ [ 106.752517105536, -6.264646654896014 ], [ 106.752538636893661, -6.264599370835639 ] ], [ [ 106.752738180763103, -6.264415404822477 ], [ 106.7527855, -6.2643907 ], [ 106.7530738, -6.2642553 ], [ 106.753329, -6.2643475 ], [ 106.7534387, -6.2643336 ], [ 106.7540809, -6.2639808 ], [ 106.7542982, -6.2638408 ], [ 106.754570539792212, -6.263635408132657 ] ] ] } },
{ "type": "Feature", "properties": { "waterway": "river", "name": "Pesanggrahan" }, "geometry": { "type": "LineString", "coordinates": [ [ 106.7698267, -6.2643928 ], [ 106.7705269, -6.263362 ] ] } },
{ "type": "Feature", "properties": { "waterway": "river", "name": "" }, "geometry": { "type": "LineString", "coordinates": [ [ 106.7817892, -6.26108 ], [ 106.7817117, -6.2610801 ], [ 106.7777769, -6.2610832 ], [ 106.7766606, -6.2608425 ], [ 106.7761898, -6.2603345 ], [ 106.775329, -6.2598665 ], [ 106.7745355, -6.2598933 ], [ 106.773516, -6.2597758 ], [ 106.7730916, -6.2596141 ], [ 106.7728573, -6.2592958 ], [ 106.7726766, -6.2588426 ] ] } },
{ "type": "Feature", "properties": { "waterway": "river", "name": "" }, "geometry": { "type": "MultiLineString", "coordinates": [ [ [ 106.755025957573309, -6.263345566011936 ], [ 106.7550515, -6.2633295 ], [ 106.755122149481025, -6.263251067101577 ] ], [ [ 106.756548313609272, -6.26239170612524 ], [ 106.7568633, -6.2623188 ], [ 106.7571396, -6.2622488 ], [ 106.757468, -6.262104 ], [ 106.7578021, -6.2619394 ], [ 106.7579877, -6.2618343 ], [ 106.7581448, -6.2616158 ], [ 106.7583104, -6.2614823 ], [ 106.7583989, -6.2614426 ], [ 106.7586832, -6.2614821 ], [ 106.7590728, -6.2613784 ], [ 106.7596113, -6.2609542 ], [ 106.7599894, -6.2609729 ], [ 106.7602845, -6.2605596 ], [ 106.7605205, -6.2600424 ], [ 106.7606439, -6.2596344 ], [ 106.7606895, -6.2593332 ], [ 106.7606332, -6.2581547 ], [ 106.7604991, -6.2575361 ], [ 106.760483, -6.2571309 ], [ 106.760424, -6.2569069 ], [ 106.7602577, -6.2568536 ], [ 106.7601933, -6.2566456 ], [ 106.7599573, -6.2564643 ], [ 106.7597105, -6.256091 ], [ 106.7596944, -6.2558137 ], [ 106.7597212, -6.2555098 ], [ 106.7597534, -6.2551419 ], [ 106.7600895, -6.2548142 ], [ 106.7606439, -6.2538381 ], [ 106.7608008, -6.2535635 ], [ 106.7608397, -6.2533608 ], [ 106.7608719, -6.2529902 ], [ 106.7609121, -6.2529235 ], [ 106.7610516, -6.2524436 ], [ 106.7610865, -6.2522197 ], [ 106.7612983, -6.2521503 ], [ 106.761297, -6.2519291 ], [ 106.7612554, -6.2516384 ], [ 106.7611213, -6.2514411 ], [ 106.7609336, -6.2512331 ], [ 106.7608478, -6.2510305 ], [ 106.7607566, -6.2507692 ], [ 106.7609121, -6.2504013 ], [ 106.760998, -6.250044 ], [ 106.7608209, -6.249724 ], [ 106.7607405, -6.2494147 ], [ 106.7607029, -6.2491614 ], [ 106.7605983, -6.2488895 ], [ 106.7605393, -6.2487748 ], [ 106.7605105, -6.2486961 ], [ 106.7604393, -6.2486268 ], [ 106.7603066, -6.2484828 ], [ 106.7602985, -6.2483902 ], [ 106.7603339, -6.2482407 ], [ 106.7603231, -6.2481021 ], [ 106.7602856, -6.2479741 ], [ 106.7600549, -6.2476542 ], [ 106.7600361, -6.2475955 ], [ 106.7600549, -6.2475155 ], [ 106.7601289, -6.2472758 ], [ 106.7601621, -6.2471147 ], [ 106.7601532, -6.2469315 ] ] ] } },
{ "type": "Feature", "properties": { "waterway": "river", "name": "Pesanggrahan" }, "geometry": { "type": "LineString", "coordinates": [ [ 106.76607, -6.2845568 ], [ 106.7657161, -6.2839383 ], [ 106.7660701, -6.2836182 ], [ 106.7667459, -6.2833303 ], [ 106.7670586, -6.2829021 ], [ 106.7674785, -6.2824554 ], [ 106.7676921, -6.2820453 ], [ 106.7678542, -6.2817231 ], [ 106.7682373, -6.2817377 ], [ 106.7684288, -6.2815547 ], [ 106.7686278, -6.2814595 ], [ 106.768753, -6.2814887 ], [ 106.7688561, -6.2815839 ], [ 106.7689292, -6.2816508 ], [ 106.7690167, -6.2817244 ], [ 106.7690679, -6.2818011 ], [ 106.7692392, -6.2816938 ], [ 106.7694383, -6.2815457 ], [ 106.7696002, -6.2814741 ], [ 106.7695929, -6.2813276 ], [ 106.7694455, -6.2811299 ], [ 106.769335, -6.2810494 ], [ 106.7691508, -6.2809395 ], [ 106.7688193, -6.2807052 ], [ 106.7686941, -6.28061 ], [ 106.768532, -6.2805441 ], [ 106.7683257, -6.2804928 ], [ 106.7681415, -6.2803537 ], [ 106.7680531, -6.2803098 ], [ 106.7680163, -6.2801413 ], [ 106.768031, -6.2800095 ], [ 106.7680679, -6.2798484 ], [ 106.7679795, -6.2796946 ], [ 106.7678629, -6.2795727 ], [ 106.7676687, -6.279439 ], [ 106.7675783, -6.2793411 ], [ 106.7675301, -6.279182 ], [ 106.7676627, -6.2790356 ], [ 106.7678837, -6.2788598 ], [ 106.7681797, -6.2787597 ], [ 106.7683712, -6.2787744 ], [ 106.7684998, -6.2787159 ], [ 106.7687061, -6.2786061 ], [ 106.7689043, -6.2784649 ], [ 106.7690403, -6.2783619 ], [ 106.7691582, -6.2782813 ], [ 106.7695266, -6.2779591 ], [ 106.7696518, -6.2779737 ], [ 106.7698507, -6.2781348 ], [ 106.7699686, -6.2781275 ], [ 106.7700791, -6.2781861 ], [ 106.770197, -6.2781934 ], [ 106.7703001, -6.2780616 ], [ 106.770278, -6.2779005 ], [ 106.7703075, -6.2777541 ], [ 106.7702633, -6.2775929 ], [ 106.7703075, -6.2774465 ], [ 106.7702191, -6.2773 ], [ 106.7699759, -6.2768314 ], [ 106.769777, -6.2765751 ], [ 106.7697697, -6.2764506 ], [ 106.7696592, -6.2763847 ], [ 106.7695266, -6.2763773 ], [ 106.7694087, -6.2762968 ], [ 106.7693129, -6.2760624 ], [ 106.7693571, -6.2758354 ], [ 106.7694529, -6.2756597 ], [ 106.7694087, -6.2754839 ], [ 106.7692392, -6.2752203 ], [ 106.7690477, -6.2750592 ], [ 106.7688046, -6.2748908 ], [ 106.7684952, -6.2747516 ], [ 106.768311, -6.2745759 ], [ 106.768376, -6.2741575 ], [ 106.7685025, -6.2739173 ], [ 106.7686191, -6.2737796 ], [ 106.7688535, -6.2736377 ], [ 106.7691075, -6.2736258 ], [ 106.769314, -6.2736327 ], [ 106.7695052, -6.2737263 ], [ 106.7696739, -6.2738509 ], [ 106.7699023, -6.2740193 ], [ 106.7700938, -6.2742756 ], [ 106.7703517, -6.2743415 ], [ 106.7707127, -6.2742024 ], [ 106.7709263, -6.2738509 ], [ 106.7709779, -6.2736166 ], [ 106.7711834, -6.272985 ], [ 106.7716049, -6.2722864 ], [ 106.7716483, -6.272093 ], [ 106.7715799, -6.2719394 ], [ 106.7714698, -6.2717923 ], [ 106.7710043, -6.2714844 ], [ 106.7709216, -6.2713498 ], [ 106.7708817, -6.27117 ], [ 106.7710891, -6.2707701 ], [ 106.7712479, -6.2703557 ], [ 106.7712137, -6.270142 ], [ 106.7710941, -6.2700275 ], [ 106.7708085, -6.2699066 ], [ 106.7699172, -6.2696186 ], [ 106.7697177, -6.2694481 ], [ 106.7696795, -6.2693543 ], [ 106.769611, -6.2691421 ], [ 106.7696444, -6.2690397 ], [ 106.769604, -6.2687628 ], [ 106.7695408, -6.2686146 ], [ 106.7694851, -6.2684245 ], [ 106.7693746, -6.2682048 ], [ 106.7692936, -6.2679558 ], [ 106.7692613, -6.2677801 ], [ 106.7693416, -6.2676263 ], [ 106.7695855, -6.2673846 ], [ 106.7697027, -6.267063 ], [ 106.7696144, -6.266856 ], [ 106.7694738, -6.2665903 ], [ 106.7692968, -6.2661832 ], [ 106.769229, -6.2660071 ], [ 106.7692186, -6.2658052 ], [ 106.7692863, -6.2656188 ], [ 106.7693905, -6.2653236 ], [ 106.769453, -6.2650647 ], [ 106.769492, -6.2648975 ], [ 106.7695576, -6.264736 ], [ 106.7698267, -6.2643928 ], [ 106.7700897, -6.2643339 ], [ 106.7703673, -6.2643954 ], [ 106.770513, -6.2645526 ], [ 106.770677, -6.2647512 ], [ 106.770866, -6.2649094 ], [ 106.7711733, -6.2652447 ], [ 106.7714003, -6.2652615 ], [ 106.7715472, -6.2651061 ], [ 106.7715472, -6.2649301 ], [ 106.771443, -6.2645469 ], [ 106.7713232, -6.2643501 ], [ 106.7711522, -6.2640976 ], [ 106.7710233, -6.2639255 ], [ 106.7709349, -6.2637717 ], [ 106.7707832, -6.263563 ], [ 106.770607, -6.2634275 ], [ 106.7705269, -6.263362 ], [ 106.7706476, -6.2631236 ], [ 106.7707507, -6.2630431 ], [ 106.7708649, -6.2629662 ], [ 106.7711472, -6.2627751 ], [ 106.7715512, -6.2625684 ], [ 106.771772, -6.2624863 ], [ 106.7718626, -6.2625163 ], [ 106.7719513, -6.262709 ], [ 106.7720234, -6.2628725 ], [ 106.772279, -6.2630406 ], [ 106.7724334, -6.2629974 ], [ 106.772654, -6.2628762 ], [ 106.7728982, -6.2627172 ], [ 106.7730603, -6.2625781 ], [ 106.7731119, -6.2624499 ], [ 106.7730971, -6.2623181 ], [ 106.7730014, -6.262135 ], [ 106.7729194, -6.2618299 ], [ 106.772842, -6.2615987 ], [ 106.7727627, -6.2613195 ], [ 106.7727184, -6.2610918 ], [ 106.7726405, -6.2605019 ], [ 106.7725815, -6.2601546 ], [ 106.7725814, -6.2599454 ], [ 106.7726256, -6.259722 ], [ 106.7727306, -6.2593173 ], [ 106.7726766, -6.2588426 ], [ 106.7724425, -6.2582574 ], [ 106.7720122, -6.2579019 ], [ 106.7717496, -6.25793 ], [ 106.7714905, -6.2580312 ], [ 106.7711473, -6.2582157 ], [ 106.771028, -6.2584699 ], [ 106.7708719, -6.2586341 ], [ 106.7706107, -6.2587519 ], [ 106.7703416, -6.2586317 ], [ 106.7701262, -6.2581609 ], [ 106.7695928, -6.2580781 ], [ 106.7693943, -6.2578138 ], [ 106.769442, -6.2575611 ], [ 106.7696423, -6.2572759 ], [ 106.7697072, -6.2570999 ], [ 106.7700408, -6.2563351 ], [ 106.7703387, -6.2560402 ], [ 106.7709536, -6.2562014 ], [ 106.7713061, -6.2562224 ], [ 106.7718471, -6.2558378 ], [ 106.7720611, -6.2554691 ], [ 106.7719912, -6.2551194 ], [ 106.7719291, -6.2549015 ], [ 106.7715625, -6.2547027 ], [ 106.7709282, -6.2547027 ], [ 106.7705108, -6.2546749 ], [ 106.7704252, -6.2546324 ], [ 106.7701354, -6.2542953 ], [ 106.7699487, -6.2543059 ], [ 106.7696739, -6.254448 ], [ 106.7695147, -6.2544408 ], [ 106.7691318, -6.2543488 ], [ 106.7687989, -6.2544102 ], [ 106.7686658, -6.2545331 ], [ 106.7686135, -6.2547458 ], [ 106.7685184, -6.2551145 ], [ 106.7684328, -6.2552753 ], [ 106.7682815, -6.2552949 ], [ 106.7681427, -6.255228 ], [ 106.7680476, -6.2549538 ], [ 106.7679192, -6.2547884 ], [ 106.7676851, -6.2544867 ], [ 106.7675935, -6.2542748 ], [ 106.7676543, -6.2540567 ], [ 106.7677432, -6.2537484 ], [ 106.767962, -6.2533892 ], [ 106.7679627, -6.253159 ], [ 106.7679416, -6.2530591 ], [ 106.7678667, -6.2529647 ], [ 106.7676664, -6.2529492 ], [ 106.7671835, -6.2529206 ], [ 106.7669565, -6.2528733 ], [ 106.7666987, -6.2527701 ], [ 106.766478, -6.2526267 ], [ 106.7662448, -6.252456 ], [ 106.766147, -6.2522677 ], [ 106.7661175, -6.2520702 ], [ 106.7661636, -6.2518438 ], [ 106.7662386, -6.2517011 ], [ 106.7663681, -6.2514964 ], [ 106.766583, -6.2513519 ], [ 106.7667969, -6.2512809 ], [ 106.7671064, -6.2510974 ], [ 106.7672848, -6.2508416 ], [ 106.7675023, -6.2504049 ], [ 106.767546, -6.2501968 ], [ 106.7675105, -6.2499871 ], [ 106.767434, -6.2499018 ], [ 106.7672852, -6.2498004 ], [ 106.7669767, -6.2494805 ], [ 106.7667737, -6.2490972 ], [ 106.7666888, -6.2488684 ], [ 106.7666398, -6.2486281 ], [ 106.7665764, -6.2483897 ], [ 106.7666635, -6.2481967 ], [ 106.766814, -6.2480021 ], [ 106.767488, -6.2473696 ], [ 106.7678661, -6.2471903 ], [ 106.7680959, -6.2470225 ], [ 106.7683968, -6.2466014 ], [ 106.7686326, -6.2462287 ], [ 106.7688589, -6.2459857 ], [ 106.7689618, -6.2457147 ], [ 106.7687825, -6.2454733 ], [ 106.7685964, -6.2451912 ], [ 106.7683796, -6.2449162 ], [ 106.7682009, -6.2444005 ], [ 106.7681404, -6.2441156 ], [ 106.7682681, -6.2436063 ], [ 106.7681961, -6.2435143 ], [ 106.7680087, -6.2431625 ], [ 106.7674789, -6.2424635 ], [ 106.7657429, -6.2417799 ], [ 106.7656091, -6.2415797 ], [ 106.7655832, -6.2412984 ], [ 106.7656628, -6.2409396 ], [ 106.7657513, -6.2405922 ], [ 106.7659035, -6.2401981 ], [ 106.7660236, -6.2400829 ], [ 106.766375, -6.2400146 ], [ 106.7664774, -6.2396149 ], [ 106.7663594, -6.2394335 ], [ 106.7662792, -6.2393165 ], [ 106.766231, -6.2392952 ], [ 106.765936, -6.238858 ], [ 106.7661202, -6.2383639 ], [ 106.7660783, -6.2381526 ], [ 106.7657934, -6.2381393 ], [ 106.7656784, -6.2382393 ], [ 106.7655636, -6.2387445 ], [ 106.7650537, -6.2389153 ], [ 106.7646699, -6.2388206 ], [ 106.7645894, -6.2387032 ], [ 106.764574, -6.2386439 ], [ 106.7646, -6.2381739 ], [ 106.764525, -6.2373541 ], [ 106.7647799, -6.2370219 ], [ 106.7648923, -6.2368989 ], [ 106.765099, -6.2366448 ], [ 106.7652727, -6.2366402 ], [ 106.7654896, -6.2367004 ], [ 106.7670281, -6.2365956 ], [ 106.7671965, -6.2361809 ], [ 106.767218, -6.2359303 ], [ 106.7672657, -6.2354082 ], [ 106.7671536, -6.2348371 ], [ 106.7668424, -6.2342931 ], [ 106.7665528, -6.2339038 ], [ 106.7662876, -6.233714 ], [ 106.7661561, -6.2336895 ], [ 106.7658465, -6.2337731 ], [ 106.7656783, -6.2339989 ], [ 106.7656893, -6.2343407 ], [ 106.7655872, -6.2345384 ], [ 106.7654799, -6.2347571 ], [ 106.7651795, -6.2348584 ], [ 106.7648201, -6.2349384 ], [ 106.7646484, -6.2349011 ], [ 106.7645625, -6.2345944 ], [ 106.7645965, -6.2344581 ], [ 106.7645599, -6.2343621 ], [ 106.7644798, -6.2343373 ], [ 106.7643715, -6.2342601 ], [ 106.7642841, -6.2338142 ], [ 106.764175, -6.2334641 ], [ 106.7641344, -6.2331635 ], [ 106.7643758, -6.2325865 ], [ 106.76465, -6.2322548 ], [ 106.7647986, -6.2321067 ], [ 106.7651709, -6.2318048 ], [ 106.7652779, -6.2315659 ], [ 106.7654101, -6.2313335 ], [ 106.7654638, -6.2311735 ], [ 106.7657338, -6.2310993 ], [ 106.765909, -6.2309575 ], [ 106.7660235, -6.2307607 ], [ 106.7659682, -6.2304856 ], [ 106.7658019, -6.2300857 ], [ 106.7655364, -6.2296884 ], [ 106.7651877, -6.2293684 ], [ 106.7650992, -6.2291338 ], [ 106.7650375, -6.2288912 ], [ 106.7648497, -6.2283219 ], [ 106.7646097, -6.2277753 ], [ 106.7645721, -6.22745 ], [ 106.7647498, -6.2271242 ], [ 106.7650094, -6.2269844 ], [ 106.7652906, -6.2269174 ], [ 106.7655816, -6.2268988 ], [ 106.765978, -6.2266845 ], [ 106.7662117, -6.2260012 ], [ 106.7665207, -6.2256649 ], [ 106.7667541, -6.2254969 ], [ 106.7668894, -6.2252033 ], [ 106.7668995, -6.2250435 ], [ 106.7668131, -6.2248836 ], [ 106.766438, -6.2244095 ], [ 106.7660665, -6.2238685 ], [ 106.7656837, -6.2234143 ], [ 106.7655389, -6.2229423 ], [ 106.7655979, -6.2227104 ], [ 106.7656918, -6.2225984 ], [ 106.7659334, -6.2225304 ], [ 106.7659788, -6.2224757 ], [ 106.7659573, -6.2223531 ], [ 106.7658822, -6.2222944 ], [ 106.765673, -6.2222038 ] ] } },
{ "type": "Feature", "properties": { "waterway": "drain", "name": "" }, "geometry": { "type": "LineString", "coordinates": [ [ 106.7803247, -6.2516095 ], [ 106.7803529, -6.2513669 ], [ 106.7803757, -6.2511442 ], [ 106.7803794, -6.2509462 ] ] } },
{ "type": "Feature", "properties": { "waterway": "drain", "name": "" }, "geometry": { "type": "LineString", "coordinates": [ [ 106.7803794, -6.2509462 ], [ 106.7803803, -6.2509009 ] ] } },
{ "type": "Feature", "properties": { "waterway": "drain", "name": "" }, "geometry": { "type": "LineString", "coordinates": [ [ 106.7803803, -6.2509009 ], [ 106.7803824, -6.2507876 ], [ 106.7804059, -6.250515 ], [ 106.7804193, -6.2504797 ], [ 106.7804327, -6.250395 ], [ 106.7804481, -6.2503717 ], [ 106.7804977, -6.250343 ], [ 106.7805795, -6.250311 ], [ 106.7806278, -6.2503004 ], [ 106.7805829, -6.2499318 ], [ 106.780536, -6.2495225 ], [ 106.7805118, -6.2492399 ], [ 106.7804877, -6.2486839 ], [ 106.7804508, -6.248058 ], [ 106.7804629, -6.2477341 ], [ 106.7804474, -6.2475721 ], [ 106.7804273, -6.2475674 ], [ 106.7800458, -6.2474995 ], [ 106.7798104, -6.2474481 ], [ 106.7795764, -6.2473575 ], [ 106.7791995, -6.2471502 ] ] } },
{ "type": "Feature", "properties": { "waterway": "river", "name": "Kali Grogol" }, "geometry": { "type": "LineString", "coordinates": [ [ 106.7863472, -6.2568751 ], [ 106.7863775, -6.2566862 ], [ 106.78633, -6.2565316 ], [ 106.7860146, -6.2564629 ], [ 106.785993, -6.2563856 ], [ 106.7858936, -6.255909 ], [ 106.7858504, -6.2555268 ], [ 106.7858504, -6.2551618 ], [ 106.7861096, -6.2545219 ], [ 106.7861889, -6.2541534 ], [ 106.7862133, -6.2540882 ], [ 106.7862608, -6.2539723 ], [ 106.7865589, -6.2538435 ], [ 106.7867922, -6.2537791 ], [ 106.7869866, -6.2536803 ], [ 106.7874013, -6.2534398 ], [ 106.787803, -6.2534398 ], [ 106.7878808, -6.2533282 ], [ 106.7878819, -6.2531966 ], [ 106.7878471, -6.2530282 ], [ 106.7878769, -6.2529895 ], [ 106.787992, -6.2529455 ], [ 106.7880622, -6.2528988 ] ] } },
{ "type": "Feature", "properties": { "waterway": "river", "name": "Kali Grogol" }, "geometry": { "type": "LineString", "coordinates": [ [ 106.7880622, -6.2528988 ], [ 106.7880703, -6.252844 ] ] } },
{ "type": "Feature", "properties": { "waterway": "river", "name": "Kali Grogol" }, "geometry": { "type": "LineString", "coordinates": [ [ 106.7880703, -6.252844 ], [ 106.7881702, -6.2527442 ], [ 106.7883344, -6.252727 ], [ 106.7883516, -6.2526153 ], [ 106.7883344, -6.2524479 ], [ 106.7883791, -6.2523154 ], [ 106.788496, -6.2521666 ], [ 106.7886886, -6.2519154 ], [ 106.788713, -6.2518701 ], [ 106.7885266, -6.2517261 ], [ 106.7885492, -6.2516452 ], [ 106.788667, -6.2514926 ], [ 106.7888378, -6.2512762 ], [ 106.7889262, -6.2511339 ], [ 106.7889386, -6.2510589 ], [ 106.7889132, -6.250975 ], [ 106.7888779, -6.250882 ], [ 106.7888544, -6.25082 ], [ 106.7888398, -6.2507817 ], [ 106.7888381, -6.2507469 ], [ 106.7888311, -6.2506027 ], [ 106.7888277, -6.2505337 ], [ 106.7888268, -6.2505155 ], [ 106.7888163, -6.2504781 ], [ 106.7887966, -6.2504083 ], [ 106.7887727, -6.2503236 ], [ 106.7887589, -6.2501966 ] ] } },
{ "type": "Feature", "properties": { "waterway": "drain", "name": "" }, "geometry": { "type": "LineString", "coordinates": [ [ 106.7813587, -6.2509356 ], [ 106.7813225, -6.2509329 ], [ 106.7809584, -6.2509343 ] ] } },
{ "type": "Feature", "properties": { "waterway": "drain", "name": "" }, "geometry": { "type": "LineString", "coordinates": [ [ 106.7809584, -6.2509343 ], [ 106.7809558, -6.2509135 ] ] } },
{ "type": "Feature", "properties": { "waterway": "drain", "name": "" }, "geometry": { "type": "LineString", "coordinates": [ [ 106.7809558, -6.2509135 ], [ 106.7809497, -6.2508656 ], [ 106.7809343, -6.250639 ], [ 106.780896, -6.2505503 ], [ 106.7807063, -6.250427 ], [ 106.7806771, -6.2502949 ] ] } },
{ "type": "Feature", "properties": { "waterway": "drain", "name": "" }, "geometry": { "type": "LineString", "coordinates": [ [ 106.7806278, -6.2503004 ], [ 106.7806771, -6.2502949 ] ] } },
{ "type": "Feature", "properties": { "waterway": "drain", "name": "" }, "geometry": { "type": "LineString", "coordinates": [ [ 106.7808893, -6.2475754 ], [ 106.7806761, -6.2475614 ], [ 106.7806124, -6.2475734 ] ] } },
{ "type": "Feature", "properties": { "waterway": "river", "name": "Kali Grogol" }, "geometry": { "type": "LineString", "coordinates": [ [ 106.7887589, -6.2501966 ], [ 106.788742, -6.2501423 ], [ 106.7887287, -6.250107 ], [ 106.7886883, -6.2500709 ], [ 106.7885721, -6.2500644 ], [ 106.7884952, -6.2500301 ], [ 106.7884511, -6.2499571 ], [ 106.7883916, -6.249899 ], [ 106.7883872, -6.2498756 ], [ 106.7883999, -6.2498083 ], [ 106.7884464, -6.2497078 ], [ 106.7884893, -6.2496564 ], [ 106.7885448, -6.2495803 ], [ 106.7886467, -6.2494923 ], [ 106.7886999, -6.2494311 ], [ 106.7887402, -6.2493818 ], [ 106.7887723, -6.2493098 ], [ 106.7887892, -6.249231 ], [ 106.7888244, -6.2490971 ], [ 106.7888309, -6.2490277 ], [ 106.7888206, -6.2489872 ], [ 106.7888314, -6.2489152 ], [ 106.7888448, -6.2488619 ], [ 106.788872, -6.2488298 ], [ 106.7888877, -6.2487899 ], [ 106.7889011, -6.2487206 ], [ 106.7889026, -6.2486928 ], [ 106.7888528, -6.2486353 ], [ 106.7888233, -6.2485953 ], [ 106.7888019, -6.2485739 ], [ 106.788759, -6.2485312 ], [ 106.7887145, -6.2484979 ], [ 106.7886662, -6.2484725 ], [ 106.7886158, -6.2484412 ], [ 106.7885957, -6.2484258 ], [ 106.7885778, -6.2484113 ], [ 106.7885712, -6.248398 ], [ 106.7885689, -6.2483552 ], [ 106.788585, -6.2482992 ], [ 106.7885987, -6.2482734 ], [ 106.78863, -6.2482466 ], [ 106.7886817, -6.248223 ], [ 106.7887338, -6.248213 ], [ 106.7887828, -6.2482142 ], [ 106.7888763, -6.2482165 ], [ 106.7889317, -6.2482265 ], [ 106.7889853, -6.2482318 ], [ 106.7890389, -6.2482372 ], [ 106.7890707, -6.2482293 ], [ 106.7890851, -6.248196 ], [ 106.7890937, -6.2481691 ], [ 106.7890913, -6.2481382 ], [ 106.7890835, -6.248106 ], [ 106.7890544, -6.24806 ], [ 106.7890245, -6.2480114 ], [ 106.7890063, -6.2479822 ], [ 106.7889712, -6.2479419 ], [ 106.7889386, -6.24791 ], [ 106.7889333, -6.2478674 ], [ 106.7889256, -6.2478086 ], [ 106.7889279, -6.2477741 ], [ 106.7889413, -6.2477154 ], [ 106.7889589, -6.2476867 ], [ 106.7889789, -6.2476754 ], [ 106.7890187, -6.2476727 ], [ 106.7890758, -6.2476673 ], [ 106.7891184, -6.2476567 ], [ 106.7891488, -6.247642 ], [ 106.7891693, -6.2475901 ], [ 106.7891912, -6.2475286 ], [ 106.7891988, -6.2474621 ], [ 106.7891988, -6.2474061 ], [ 106.7891925, -6.247328 ], [ 106.7891709, -6.2473076 ], [ 106.7891291, -6.2473128 ], [ 106.7890624, -6.2473153 ], [ 106.7889848, -6.2473226 ], [ 106.7889172, -6.2473395 ], [ 106.7888367, -6.2473448 ], [ 106.7887723, -6.2473501 ], [ 106.7887245, -6.247334 ], [ 106.7886976, -6.2473127 ], [ 106.7886704, -6.2472861 ], [ 106.788649, -6.2472088 ], [ 106.7886329, -6.2471448 ], [ 106.7886362, -6.2470785 ], [ 106.7886655, -6.247022 ], [ 106.7886869, -6.2469927 ], [ 106.7887026, -6.2469528 ], [ 106.7887294, -6.2468835 ], [ 106.7887187, -6.2468035 ], [ 106.788708, -6.2467529 ], [ 106.7886719, -6.2467102 ], [ 106.7886087, -6.2466404 ], [ 106.7885304, -6.2465822 ], [ 106.7885068, -6.2465609 ], [ 106.7884532, -6.2465289 ], [ 106.7883915, -6.2464569 ], [ 106.7883584, -6.2464049 ], [ 106.7883462, -6.2463856 ], [ 106.7883056, -6.2463209 ], [ 106.7878845, -6.2454864 ], [ 106.7877477, -6.2451958 ], [ 106.7876807, -6.2450411 ], [ 106.7876726, -6.2450011 ], [ 106.787673, -6.2449263 ], [ 106.787676, -6.2448682 ], [ 106.7876807, -6.2448198 ], [ 106.7876726, -6.2447638 ], [ 106.7876449, -6.2447085 ], [ 106.7876354, -6.2446587 ], [ 106.7876136, -6.2446065 ], [ 106.7876002, -6.2445345 ], [ 106.7875841, -6.2444839 ], [ 106.7876083, -6.2444439 ], [ 106.7876355, -6.2443984 ], [ 106.7876623, -6.2443797 ], [ 106.7876941, -6.2443505 ], [ 106.7876941, -6.2443159 ], [ 106.7876914, -6.2442892 ], [ 106.7876834, -6.2442626 ], [ 106.7876596, -6.2442438 ], [ 106.7876332, -6.2442215 ], [ 106.787568, -6.2442172 ], [ 106.7875251, -6.2442066 ], [ 106.7874661, -6.2442066 ], [ 106.7873803, -6.2441532 ], [ 106.7872561, -6.2441882 ], [ 106.7872006, -6.2441986 ], [ 106.7871038, -6.2442233 ], [ 106.7870263, -6.2442492 ], [ 106.7869377, -6.2442572 ], [ 106.7869005, -6.2442411 ], [ 106.7868787, -6.2441425 ], [ 106.7868358, -6.244012 ], [ 106.7868197, -6.2438786 ], [ 106.7868251, -6.2437613 ], [ 106.7868412, -6.2436733 ], [ 106.7868412, -6.2435879 ], [ 106.7868106, -6.2435032 ], [ 106.7867236, -6.2434252 ], [ 106.7865706, -6.2434652 ], [ 106.7863879, -6.243484 ], [ 106.7862564, -6.2434574 ], [ 106.786133, -6.24342 ], [ 106.7859752, -6.2433319 ], [ 106.7858246, -6.2432041 ], [ 106.7857231, -6.2431559 ], [ 106.7855568, -6.2430972 ], [ 106.7854893, -6.2430574 ], [ 106.7854066, -6.24298 ], [ 106.785369, -6.2429346 ], [ 106.7853096, -6.242908 ], [ 106.7852345, -6.2428334 ], [ 106.7851702, -6.2428147 ], [ 106.7851245, -6.2428094 ], [ 106.7850413, -6.2428441 ], [ 106.7849613, -6.2428599 ], [ 106.7849029, -6.2428456 ], [ 106.7848272, -6.2428093 ], [ 106.7847977, -6.242788 ], [ 106.7847624, -6.2427428 ], [ 106.784749, -6.2426894 ], [ 106.7847409, -6.2426574 ], [ 106.7847061, -6.2426148 ], [ 106.7846609, -6.2425906 ], [ 106.7846337, -6.2425668 ], [ 106.7846229, -6.2425241 ], [ 106.7846242, -6.2424797 ], [ 106.7845828, -6.2424084 ], [ 106.7845612, -6.2423508 ], [ 106.7845168, -6.2422947 ], [ 106.7844601, -6.242225 ], [ 106.7844168, -6.2421907 ], [ 106.7843743, -6.2421397 ], [ 106.7843095, -6.242092 ], [ 106.7842772, -6.2420432 ], [ 106.7842501, -6.2419695 ], [ 106.7842326, -6.2419015 ], [ 106.7842045, -6.2418416 ], [ 106.7841991, -6.2417936 ], [ 106.7841857, -6.2417242 ], [ 106.7841781, -6.2416601 ], [ 106.7841804, -6.2415829 ], [ 106.7841804, -6.2415376 ], [ 106.7842022, -6.2414868 ], [ 106.7842313, -6.2414496 ], [ 106.784272, -6.2414068 ], [ 106.784293, -6.2413829 ], [ 106.784293, -6.2413589 ], [ 106.7842934, -6.2413188 ], [ 106.7843037, -6.2412843 ], [ 106.7843322, -6.2412543 ], [ 106.7843632, -6.2412362 ], [ 106.784396, -6.2412387 ], [ 106.7844566, -6.2412416 ], [ 106.7844969, -6.2412523 ], [ 106.7846462, -6.2412468 ], [ 106.7847075, -6.2412177 ], [ 106.7847682, -6.2411668 ], [ 106.7847759, -6.241111 ], [ 106.784792, -6.241075 ], [ 106.7847785, -6.2410137 ], [ 106.7847556, -6.2408432 ], [ 106.7847616, -6.2407229 ], [ 106.7847584, -6.2405178 ], [ 106.7847705, -6.2403364 ], [ 106.7847602, -6.240227 ], [ 106.7847691, -6.2400978 ], [ 106.7847908, -6.2400096 ], [ 106.7848431, -6.2399184 ], [ 106.7848983, -6.239827 ], [ 106.784941, -6.2397468 ], [ 106.7849622, -6.2396919 ], [ 106.7849851, -6.2396385 ], [ 106.7849964, -6.2395532 ] ] } },
{ "type": "Feature", "properties": { "waterway": "drain", "name": "" }, "geometry": { "type": "LineString", "coordinates": [ [ 106.798891, -6.2406891 ], [ 106.7988859, -6.2407595 ] ] } },
{ "type": "Feature", "properties": { "waterway": "drain", "name": "" }, "geometry": { "type": "LineString", "coordinates": [ [ 106.7806771, -6.2502949 ], [ 106.7806506, -6.2501444 ], [ 106.7806359, -6.2499184 ], [ 106.7805929, -6.2495565 ], [ 106.7805648, -6.2492599 ], [ 106.780542, -6.2489599 ], [ 106.7805393, -6.2486486 ], [ 106.7805339, -6.248508 ], [ 106.7805058, -6.2480847 ], [ 106.780538, -6.2476988 ], [ 106.780601, -6.2476181 ], [ 106.7806124, -6.2475734 ] ] } },
{ "type": "Feature", "properties": { "waterway": "drain", "name": "" }, "geometry": { "type": "LineString", "coordinates": [ [ 106.7806124, -6.2475734 ], [ 106.7804474, -6.2475721 ] ] } },
{ "type": "Feature", "properties": { "waterway": "river", "name": "" }, "geometry": { "type": "LineString", "coordinates": [ [ 106.7783844, -6.2454648 ], [ 106.7787492, -6.2449182 ], [ 106.7788618, -6.2446996 ], [ 106.7789021, -6.2445476 ], [ 106.7789007, -6.2444929 ], [ 106.7788967, -6.2444609 ], [ 106.7789343, -6.2442276 ], [ 106.779067, -6.2435224 ], [ 106.778953, -6.2433711 ] ] } },
{ "type": "Feature", "properties": { "waterway": "river", "name": "" }, "geometry": { "type": "LineString", "coordinates": [ [ 106.778953, -6.2433711 ], [ 106.7787545, -6.2431325 ] ] } },
{ "type": "Feature", "properties": { "waterway": "river", "name": "" }, "geometry": { "type": "LineString", "coordinates": [ [ 106.7787545, -6.2431325 ], [ 106.7784461, -6.2429165 ], [ 106.7784112, -6.2427752 ], [ 106.7783294, -6.2425652 ], [ 106.7782778, -6.2424859 ], [ 106.7781886, -6.2423139 ], [ 106.7781189, -6.2421706 ], [ 106.7780525, -6.2420659 ], [ 106.7779921, -6.2420033 ], [ 106.7779666, -6.2418833 ], [ 106.7776791, -6.2413933 ], [ 106.777567, -6.2412634 ], [ 106.7773464, -6.2409451 ], [ 106.7772901, -6.2407958 ], [ 106.7773008, -6.2407198 ], [ 106.7772485, -6.2405491 ], [ 106.7771935, -6.2403198 ], [ 106.7771399, -6.2401825 ], [ 106.7770366, -6.2400572 ] ] } },
{ "type": "Feature", "properties": { "waterway": "river", "name": "" }, "geometry": { "type": "LineString", "coordinates": [ [ 106.7770017, -6.2399799 ], [ 106.7770366, -6.2400572 ] ] } },
{ "type": "Feature", "properties": { "waterway": "river", "name": "" }, "geometry": { "type": "LineString", "coordinates": [ [ 106.7770017, -6.2399799 ], [ 106.7769952, -6.2399436 ] ] } },
{ "type": "Feature", "properties": { "waterway": "river", "name": "" }, "geometry": { "type": "LineString", "coordinates": [ [ 106.7769952, -6.2399436 ], [ 106.7769856, -6.2398899 ], [ 106.776822, -6.239482 ] ] } },
{ "type": "Feature", "properties": { "waterway": "river", "name": "Kali Sekretaris" }, "geometry": { "type": "LineString", "coordinates": [ [ 106.776822, -6.239482 ], [ 106.7765162, -6.23903 ], [ 106.7764753, -6.2384601 ] ] } },
{ "type": "Feature", "properties": { "waterway": "river", "name": "" }, "geometry": { "type": "LineString", "coordinates": [ [ 106.7764753, -6.2384601 ], [ 106.776425, -6.2383348 ] ] } },
{ "type": "Feature", "properties": { "waterway": "river", "name": "Kali Sekretaris" }, "geometry": { "type": "LineString", "coordinates": [ [ 106.776425, -6.2383348 ], [ 106.7763313, -6.2382954 ], [ 106.7762723, -6.2382501 ], [ 106.7761193, -6.2380928 ], [ 106.7760281, -6.2379248 ], [ 106.7759798, -6.2377035 ], [ 106.7759583, -6.2374075 ] ] } },
{ "type": "Feature", "properties": { "waterway": "river", "name": "" }, "geometry": { "type": "LineString", "coordinates": [ [ 106.7759583, -6.2374075 ], [ 106.775839, -6.2371576 ] ] } },
{ "type": "Feature", "properties": { "waterway": "river", "name": "" }, "geometry": { "type": "LineString", "coordinates": [ [ 106.775839, -6.2371576 ], [ 106.7757364, -6.2367953 ], [ 106.7756827, -6.2365873 ], [ 106.7756532, -6.2364273 ], [ 106.775664, -6.236278 ], [ 106.7757283, -6.2360887 ], [ 106.7757739, -6.2358541 ], [ 106.7757793, -6.2356701 ], [ 106.775779, -6.2356587 ] ] } },
{ "type": "Feature", "properties": { "waterway": "river", "name": "" }, "geometry": { "type": "LineString", "coordinates": [ [ 106.7757784, -6.2356392 ], [ 106.775779, -6.2356587 ] ] } },
{ "type": "Feature", "properties": { "waterway": "river", "name": "" }, "geometry": { "type": "LineString", "coordinates": [ [ 106.7757784, -6.2356392 ], [ 106.7757766, -6.2355741 ], [ 106.7757337, -6.2354355 ], [ 106.7756693, -6.2352621 ], [ 106.7755191, -6.2350062 ], [ 106.7754829, -6.2349089 ], [ 106.7754749, -6.2347822 ], [ 106.7754427, -6.2347169 ], [ 106.7753783, -6.2346249 ], [ 106.7753086, -6.2343903 ], [ 106.7752818, -6.2342556 ], [ 106.7752201, -6.2341729 ], [ 106.7750591, -6.2340423 ], [ 106.7749344, -6.233949 ], [ 106.7748526, -6.2338063 ], [ 106.7748191, -6.2337143 ], [ 106.7748137, -6.2336477 ], [ 106.7748244, -6.2335704 ], [ 106.7748486, -6.233521 ], [ 106.7749022, -6.2334704 ], [ 106.7749351, -6.233446 ], [ 106.7749767, -6.2331874 ], [ 106.774982, -6.2329701 ], [ 106.7749606, -6.2328101 ], [ 106.7748841, -6.2326235 ], [ 106.7747165, -6.2322822 ], [ 106.7746602, -6.2320369 ], [ 106.7746444, -6.2318915 ], [ 106.7746347, -6.2317184 ], [ 106.7746615, -6.2316704 ] ] } },
{ "type": "Feature", "properties": { "waterway": "drain", "name": "" }, "geometry": { "type": "LineString", "coordinates": [ [ 106.7701122, -6.2310509 ], [ 106.7701216, -6.2301477 ] ] } },
{ "type": "Feature", "properties": { "waterway": "drain", "name": "" }, "geometry": { "type": "LineString", "coordinates": [ [ 106.7701216, -6.2301477 ], [ 106.770123, -6.2300577 ] ] } },
{ "type": "Feature", "properties": { "waterway": "drain", "name": "" }, "geometry": { "type": "LineString", "coordinates": [ [ 106.770123, -6.2300577 ], [ 106.7701739, -6.2293258 ] ] } },
{ "type": "Feature", "properties": { "waterway": "drain", "name": "" }, "geometry": { "type": "LineString", "coordinates": [ [ 106.7701739, -6.2293258 ], [ 106.7702115, -6.2288812 ] ] } },
{ "type": "Feature", "properties": { "waterway": "drain", "name": "" }, "geometry": { "type": "LineString", "coordinates": [ [ 106.7702115, -6.2288812 ], [ 106.7702428, -6.2284549 ], [ 106.7702195, -6.2280139 ] ] } },
{ "type": "Feature", "properties": { "waterway": "drain", "name": "" }, "geometry": { "type": "LineString", "coordinates": [ [ 106.7991535, -6.2407394 ], [ 106.7991582, -6.2407054 ], [ 106.7991508, -6.2406897 ] ] } },
{ "type": "Feature", "properties": { "waterway": "drain", "name": "" }, "geometry": { "type": "LineString", "coordinates": [ [ 106.7991508, -6.2406897 ], [ 106.7990838, -6.2406671 ] ] } },
{ "type": "Feature", "properties": { "waterway": "drain", "name": "" }, "geometry": { "type": "LineString", "coordinates": [ [ 106.7990838, -6.2406671 ], [ 106.7989128, -6.2406681 ], [ 106.7988987, -6.2406751 ], [ 106.798891, -6.2406891 ] ] } },
{ "type": "Feature", "properties": { "waterway": "river", "name": "Kali Grogol" }, "geometry": { "type": "LineString", "coordinates": [ [ 106.7849964, -6.2395532 ], [ 106.784989, -6.2393045 ], [ 106.7849797, -6.2392033 ] ] } },
{ "type": "Feature", "properties": { "waterway": "river", "name": "Kali Grogol" }, "geometry": { "type": "LineString", "coordinates": [ [ 106.7849797, -6.2392033 ], [ 106.7849683, -6.2391299 ], [ 106.7849596, -6.2390746 ], [ 106.7849649, -6.238998 ], [ 106.7850206, -6.23892 ], [ 106.7850991, -6.2388826 ], [ 106.7852278, -6.2388333 ], [ 106.7852996, -6.2388013 ], [ 106.7853726, -6.238762 ], [ 106.7854223, -6.238706 ], [ 106.7854303, -6.2385967 ], [ 106.7853914, -6.2384447 ], [ 106.7853418, -6.2383447 ], [ 106.7852546, -6.238238 ], [ 106.7851487, -6.2381354 ], [ 106.7850146, -6.2380074 ], [ 106.7849851, -6.2379168 ], [ 106.784973, -6.2378154 ], [ 106.7849664, -6.237728 ] ] } },
{ "type": "Feature", "properties": { "waterway": "drain", "name": "" }, "geometry": { "type": "LineString", "coordinates": [ [ 106.8025173, -6.220248 ], [ 106.8027721, -6.2202574 ] ] } },
{ "type": "Feature", "properties": { "waterway": "drain", "name": "" }, "geometry": { "type": "LineString", "coordinates": [ [ 106.8027721, -6.2202574 ], [ 106.8029364, -6.220232 ], [ 106.8031067, -6.2201894 ], [ 106.8033072, -6.220094 ] ] } },
{ "type": "Feature", "properties": { "waterway": "drain", "name": "" }, "geometry": { "type": "LineString", "coordinates": [ [ 106.8017931, -6.2199427 ], [ 106.8019044, -6.2200281 ], [ 106.8021083, -6.220136 ], [ 106.8022598, -6.2201974 ], [ 106.8025173, -6.220248 ] ] } },
{ "type": "Feature", "properties": { "waterway": "drain", "name": "" }, "geometry": { "type": "LineString", "coordinates": [ [ 106.8016081, -6.2197587 ], [ 106.8017931, -6.2199427 ] ] } },
{ "type": "Feature", "properties": { "waterway": "drain", "name": "" }, "geometry": { "type": "LineString", "coordinates": [ [ 106.8033072, -6.220094 ], [ 106.8035164, -6.2199467 ], [ 106.8036935, -6.2197774 ], [ 106.8038316, -6.2195574 ] ] } },
{ "type": "Feature", "properties": { "waterway": "drain", "name": "" }, "geometry": { "type": "LineString", "coordinates": [ [ 106.8012393, -6.2188562 ], [ 106.8012714, -6.2190401 ], [ 106.8013452, -6.2192801 ], [ 106.8014364, -6.2194761 ], [ 106.8016081, -6.2197587 ] ] } },
{ "type": "Feature", "properties": { "waterway": "drain", "name": "" }, "geometry": { "type": "LineString", "coordinates": [ [ 106.8038316, -6.2195574 ], [ 106.8039201, -6.2193841 ], [ 106.8040422, -6.2190561 ] ] } },
{ "type": "Feature", "properties": { "waterway": "drain", "name": "" }, "geometry": { "type": "LineString", "coordinates": [ [ 106.8012366, -6.2183235 ], [ 106.8012393, -6.2188562 ] ] } },
{ "type": "Feature", "properties": { "waterway": "drain", "name": "" }, "geometry": { "type": "LineString", "coordinates": [ [ 106.8040422, -6.2190561 ], [ 106.8040703, -6.2188455 ], [ 106.8040676, -6.2183389 ], [ 106.8040073, -6.2180096 ] ] } },
{ "type": "Feature", "properties": { "waterway": "drain", "name": "" }, "geometry": { "type": "LineString", "coordinates": [ [ 106.8016429, -6.217381 ], [ 106.8014719, -6.2176336 ], [ 106.8013807, -6.2178136 ], [ 106.8013063, -6.2180269 ], [ 106.8012366, -6.2183235 ] ] } },
{ "type": "Feature", "properties": { "waterway": "drain", "name": "" }, "geometry": { "type": "LineString", "coordinates": [ [ 106.8040073, -6.2180096 ], [ 106.8039362, -6.2178029 ], [ 106.8038236, -6.2175789 ], [ 106.8036881, -6.2173916 ] ] } },
{ "type": "Feature", "properties": { "waterway": "drain", "name": "" }, "geometry": { "type": "LineString", "coordinates": [ [ 106.8036881, -6.2173916 ], [ 106.8035272, -6.2172323 ], [ 106.803442, -6.2171703 ] ] } },
{ "type": "Feature", "properties": { "waterway": "drain", "name": "" }, "geometry": { "type": "LineString", "coordinates": [ [ 106.8018743, -6.2171783 ], [ 106.8016429, -6.217381 ] ] } },
{ "type": "Feature", "properties": { "waterway": "drain", "name": "" }, "geometry": { "type": "LineString", "coordinates": [ [ 106.803442, -6.2171703 ], [ 106.803326, -6.2170923 ], [ 106.8031765, -6.217025 ], [ 106.8030256, -6.216965 ] ] } },
{ "type": "Feature", "properties": { "waterway": "drain", "name": "" }, "geometry": { "type": "LineString", "coordinates": [ [ 106.8018743, -6.2171783 ], [ 106.801936, -6.217133 ], [ 106.8020942, -6.2170477 ], [ 106.8022109, -6.2169983 ], [ 106.8023497, -6.2169543 ] ] } },
{ "type": "Feature", "properties": { "waterway": "drain", "name": "" }, "geometry": { "type": "LineString", "coordinates": [ [ 106.8030256, -6.216965 ], [ 106.8028486, -6.216931 ], [ 106.8025254, -6.216933 ], [ 106.8023497, -6.2169543 ] ] } },
{ "type": "Feature", "properties": { "waterway": "river", "name": "Kali Grogol" }, "geometry": { "type": "LineString", "coordinates": [ [ 106.7849664, -6.237728 ], [ 106.7849935, -6.2375386 ], [ 106.7849562, -6.2373655 ], [ 106.7849348, -6.2372695 ], [ 106.7849381, -6.2372055 ], [ 106.784973, -6.2371549 ], [ 106.7850713, -6.237104 ], [ 106.7851088, -6.2370827 ], [ 106.7851598, -6.2370587 ], [ 106.7852188, -6.2370427 ], [ 106.7852617, -6.2370214 ], [ 106.7853157, -6.2369846 ], [ 106.7853575, -6.2369462 ], [ 106.7853771, -6.2368747 ], [ 106.7853744, -6.2368081 ], [ 106.7853797, -6.2367388 ], [ 106.7853985, -6.2366268 ], [ 106.7854625, -6.2365249 ], [ 106.785488, -6.236301 ], [ 106.7855805, -6.236147 ], [ 106.7857482, -6.2360583 ], [ 106.7858528, -6.235995 ], [ 106.7859151, -6.235957 ], [ 106.7859976, -6.2359463 ], [ 106.7860586, -6.2359377 ], [ 106.7861062, -6.2359203 ], [ 106.7861632, -6.235865 ], [ 106.7861941, -6.2357884 ], [ 106.7861726, -6.2356844 ], [ 106.7861585, -6.2356057 ], [ 106.7861612, -6.2355244 ], [ 106.7862028, -6.2354524 ], [ 106.7862722, -6.2353887 ], [ 106.7863168, -6.2353684 ], [ 106.7863534, -6.2353603 ], [ 106.7864321, -6.2353751 ], [ 106.7864797, -6.2353871 ], [ 106.7865414, -6.2353944 ], [ 106.7866118, -6.2353984 ], [ 106.7866635, -6.2353897 ], [ 106.7867044, -6.2353691 ], [ 106.7867284, -6.2352932 ], [ 106.786765, -6.2352525 ], [ 106.7867933, -6.2352376 ], [ 106.786804, -6.2351816 ], [ 106.7868024, -6.235147 ], [ 106.7867772, -6.235083 ], [ 106.786753, -6.2350297 ], [ 106.7867396, -6.2349977 ], [ 106.7867258, -6.2349045 ], [ 106.7867124, -6.2348071 ], [ 106.7867115, -6.2347644 ], [ 106.7867381, -6.2347276 ], [ 106.7868295, -6.2346871 ], [ 106.7869261, -6.2346791 ], [ 106.7869878, -6.2346604 ], [ 106.7870414, -6.2346204 ], [ 106.7870722, -6.2345603 ], [ 106.7870947, -6.2345166 ], [ 106.7871456, -6.2344499 ], [ 106.7871832, -6.2344126 ], [ 106.787256, -6.2344018 ], [ 106.7872989, -6.2343831 ], [ 106.7873284, -6.2343378 ], [ 106.7873361, -6.2342846 ], [ 106.7873418, -6.2342311 ], [ 106.7873763, -6.2342019 ], [ 106.7874219, -6.2341753 ], [ 106.7874729, -6.2341673 ], [ 106.7875242, -6.2341671 ], [ 106.7875804, -6.2341781 ], [ 106.7876208, -6.2342071 ], [ 106.7876637, -6.2342125 ], [ 106.7877012, -6.2342125 ], [ 106.7877281, -6.2341858 ], [ 106.7877461, -6.2341344 ], [ 106.7877892, -6.2340917 ], [ 106.7878488, -6.2340765 ], [ 106.7878957, -6.2340793 ], [ 106.7879731, -6.2340579 ], [ 106.7880368, -6.2340938 ], [ 106.788148, -6.2341064 ], [ 106.7881903, -6.2340908 ], [ 106.7882503, -6.2340487 ], [ 106.7882972, -6.2340159 ], [ 106.7883342, -6.2339725 ], [ 106.7883772, -6.2339325 ], [ 106.7884201, -6.2339192 ], [ 106.7884657, -6.2338872 ], [ 106.7885135, -6.2338393 ], [ 106.7885515, -6.2337912 ], [ 106.7886098, -6.2337612 ], [ 106.7886772, -6.233738 ], [ 106.7887437, -6.2337348 ], [ 106.7888243, -6.2337797 ], [ 106.7888756, -6.2338126 ], [ 106.7889168, -6.2338047 ], [ 106.7889494, -6.2337876 ], [ 106.7889565, -6.2337405 ], [ 106.7889565, -6.2337085 ], [ 106.7889347, -6.2336793 ], [ 106.788912, -6.2336559 ], [ 106.7889159, -6.2335593 ], [ 106.7889243, -6.2334739 ], [ 106.7889373, -6.2333967 ], [ 106.7889803, -6.233354 ], [ 106.7890795, -6.233322 ], [ 106.7891725, -6.2333121 ], [ 106.7892561, -6.233312 ], [ 106.7893466, -6.2333336 ], [ 106.7894389, -6.2333354 ], [ 106.7894983, -6.2333512 ], [ 106.7895372, -6.2333787 ], [ 106.7896015, -6.2333773 ], [ 106.7896564, -6.2333947 ], [ 106.7897049, -6.2333806 ], [ 106.7897784, -6.2333598 ], [ 106.789793, -6.2333354 ], [ 106.7899918, -6.2331917 ], [ 106.7901987, -6.233032 ], [ 106.7903395, -6.2328598 ], [ 106.7905714, -6.2325682 ], [ 106.7909178, -6.2321031 ], [ 106.7910272, -6.2319487 ], [ 106.791105, -6.2318634 ], [ 106.7912354, -6.2316773 ], [ 106.7913004, -6.2315596 ], [ 106.7913812, -6.2314315 ], [ 106.7914402, -6.2313466 ], [ 106.7915153, -6.2312048 ], [ 106.7915744, -6.2311035 ], [ 106.7916012, -6.2310502 ], [ 106.7916446, -6.2309911 ], [ 106.7916677, -6.230965 ], [ 106.7917174, -6.2309028 ], [ 106.7917486, -6.230859 ], [ 106.7918881, -6.2307479 ], [ 106.7919937, -6.2306823 ], [ 106.792099, -6.230641 ], [ 106.7922082, -6.2306263 ], [ 106.792613, -6.2306369 ], [ 106.7927393, -6.2306163 ], [ 106.7928782, -6.2306256 ], [ 106.7930405, -6.2306394 ], [ 106.7932999, -6.2307076 ], [ 106.7936902, -6.2308092 ], [ 106.7937929, -6.2308002 ], [ 106.7941267, -6.2304105 ], [ 106.7943164, -6.2302452 ], [ 106.7944444, -6.2301573 ], [ 106.7946112, -6.2300597 ], [ 106.7947161, -6.2300131 ], [ 106.7948348, -6.2300393 ], [ 106.7949026, -6.2301051 ], [ 106.794957, -6.2301906 ], [ 106.7953944, -6.2304829 ], [ 106.795528, -6.2304765 ], [ 106.7956128, -6.2304146 ], [ 106.7958686, -6.2298694 ], [ 106.7958769, -6.2293166 ], [ 106.7957745, -6.2291092 ], [ 106.7957758, -6.2290028 ], [ 106.795947, -6.2286989 ], [ 106.7958896, -6.2285965 ], [ 106.7956526, -6.228465 ], [ 106.7956656, -6.2283559 ], [ 106.7957831, -6.2280426 ], [ 106.7959057, -6.2277939 ], [ 106.7959714, -6.2275913 ], [ 106.7960921, -6.227374 ], [ 106.796253, -6.227054 ], [ 106.7963992, -6.2262248 ], [ 106.7964019, -6.2257182 ], [ 106.7963603, -6.2254675 ], [ 106.7963238, -6.224988 ], [ 106.7962466, -6.2245785 ], [ 106.7961865, -6.2241092 ], [ 106.7960749, -6.2236484 ], [ 106.7961006, -6.2233327 ], [ 106.7967873, -6.2195101 ], [ 106.7968645, -6.2191944 ], [ 106.796916, -6.2188275 ], [ 106.7969866, -6.2183894 ], [ 106.7970925, -6.2179839 ], [ 106.7969686, -6.217698 ], [ 106.7965056, -6.2171824 ], [ 106.7961784, -6.2165105 ], [ 106.7961412, -6.2163472 ], [ 106.7961865, -6.2160545 ], [ 106.796238, -6.2157899 ], [ 106.7961779, -6.2155254 ], [ 106.7957675, -6.2143945 ], [ 106.7954564, -6.2138719 ], [ 106.7954081, -6.2136213 ], [ 106.7953491, -6.2134773 ], [ 106.7953705, -6.2133413 ], [ 106.7954215, -6.2132559 ], [ 106.7954322, -6.212992 ], [ 106.7954484, -6.2127787 ], [ 106.7955905, -6.212704 ], [ 106.7957112, -6.2126694 ], [ 106.7957943, -6.2126374 ], [ 106.7958319, -6.2125307 ], [ 106.7958426, -6.212416 ], [ 106.7956307, -6.212336 ], [ 106.7952767, -6.2122107 ], [ 106.795113, -6.2121707 ], [ 106.7948619, -6.2119662 ], [ 106.7947011, -6.2118581 ], [ 106.7945071, -6.2118349 ], [ 106.794455, -6.2118617 ], [ 106.7942237, -6.2119702 ], [ 106.7941479, -6.2119679 ], [ 106.7940625, -6.2119488 ], [ 106.7940155, -6.2119224 ], [ 106.7940234, -6.211806 ], [ 106.7939737, -6.2117277 ], [ 106.7938704, -6.2116782 ], [ 106.7936861, -6.2116951 ], [ 106.7936039, -6.2117133 ], [ 106.793544, -6.2116881 ], [ 106.7934756, -6.2116587 ], [ 106.7934917, -6.2115774 ], [ 106.7936463, -6.2114502 ], [ 106.7937737, -6.2114035 ], [ 106.7937762, -6.2113747 ], [ 106.7937793, -6.2113106 ], [ 106.7937719, -6.2112002 ], [ 106.7937719, -6.2110188 ], [ 106.7936459, -6.2107588 ], [ 106.7934917, -6.2106415 ], [ 106.793147, -6.2104562 ], [ 106.7928728, -6.2103275 ], [ 106.7927527, -6.2102616 ], [ 106.7927631, -6.2099043 ], [ 106.7927459, -6.2097337 ], [ 106.7926429, -6.2094179 ], [ 106.7925485, -6.2092388 ], [ 106.7922824, -6.209162 ], [ 106.7920335, -6.2091278 ], [ 106.7919133, -6.2089657 ], [ 106.7918704, -6.2087865 ], [ 106.7920593, -6.2083087 ], [ 106.7922052, -6.2081807 ], [ 106.792394, -6.2079759 ], [ 106.7924683, -6.2076322 ], [ 106.792394, -6.2072506 ], [ 106.7925142, -6.2068581 ], [ 106.7925914, -6.2064741 ], [ 106.7925914, -6.206167 ], [ 106.7925056, -6.2057403 ], [ 106.7925056, -6.2053649 ], [ 106.7926257, -6.2049041 ], [ 106.7928232, -6.2045628 ], [ 106.7927888, -6.2042727 ], [ 106.7927802, -6.2040167 ], [ 106.7926, -6.2036839 ], [ 106.7926429, -6.2034535 ], [ 106.7926858, -6.2032232 ], [ 106.7926086, -6.2029842 ], [ 106.792703, -6.2027795 ], [ 106.7926944, -6.2025917 ], [ 106.7929948, -6.2020627 ], [ 106.7930892, -6.2017896 ], [ 106.793115, -6.2015763 ], [ 106.7931879, -6.2012238 ], [ 106.7932302, -6.2011152 ], [ 106.7932781, -6.2010217 ], [ 106.7933267, -6.2007659 ], [ 106.7934233, -6.2005528 ], [ 106.7935788, -6.2003422 ], [ 106.7940985, -6.199917 ], [ 106.794126, -6.1997262 ], [ 106.7941481, -6.1995397 ], [ 106.7940502, -6.1991277 ], [ 106.7938981, -6.1988382 ], [ 106.7937104, -6.1985995 ], [ 106.793552, -6.1983849 ], [ 106.7933535, -6.1979743 ], [ 106.7932784, -6.1976543 ], [ 106.7932624, -6.197393 ], [ 106.7933643, -6.197185 ], [ 106.7935145, -6.197073 ], [ 106.7939168, -6.1966304 ], [ 106.7940992, -6.1963477 ], [ 106.7941475, -6.1961397 ], [ 106.7941394, -6.1960077 ], [ 106.7941072, -6.1956904 ], [ 106.7940896, -6.1955705 ], [ 106.7940026, -6.1954891 ], [ 106.7939137, -6.1953708 ], [ 106.7937344, -6.1952384 ], [ 106.7935919, -6.1952162 ], [ 106.7933562, -6.1951451 ], [ 106.7931443, -6.1950358 ], [ 106.7926883, -6.1947958 ], [ 106.7923343, -6.1945825 ], [ 106.792227, -6.1943905 ], [ 106.7923329, -6.1939412 ], [ 106.7923745, -6.1936545 ], [ 106.7923612, -6.1933666 ], [ 106.7922136, -6.1926279 ], [ 106.7923557, -6.1920333 ], [ 106.792345, -6.1917986 ], [ 106.7925596, -6.1913932 ], [ 106.7929244, -6.1906573 ], [ 106.7931346, -6.1905393 ], [ 106.7935359, -6.1905187 ], [ 106.7938578, -6.1899747 ], [ 106.7939275, -6.1896547 ], [ 106.7940509, -6.1893454 ], [ 106.7941689, -6.1889933 ], [ 106.7941313, -6.188572 ], [ 106.7944371, -6.1882147 ], [ 106.7945118, -6.1880435 ], [ 106.7944747, -6.1879614 ], [ 106.7936754, -6.1867214 ], [ 106.7933857, -6.1861027 ], [ 106.7932093, -6.1857869 ], [ 106.7930853, -6.1856068 ], [ 106.7929519, -6.1843619 ], [ 106.7930799, -6.1840389 ], [ 106.7932905, -6.1837135 ], [ 106.7933242, -6.1833428 ], [ 106.7932871, -6.1829686 ], [ 106.7931718, -6.1827913 ], [ 106.7928955, -6.1825134 ], [ 106.7927098, -6.1823282 ], [ 106.7926307, -6.1818828 ], [ 106.7927353, -6.1811376 ], [ 106.7929042, -6.1809322 ], [ 106.7932376, -6.180289 ], [ 106.793438, -6.1799589 ], [ 106.7937223, -6.179799 ], [ 106.7938648, -6.1796813 ], [ 106.794011, -6.1795187 ], [ 106.7941733, -6.1791347 ], [ 106.7942216, -6.1787814 ], [ 106.7942726, -6.1783987 ], [ 106.7942386, -6.1779696 ], [ 106.7941267, -6.1776387 ], [ 106.7935889, -6.177115 ], [ 106.7913346, -6.1751309 ], [ 106.790905, -6.1747134 ], [ 106.790442, -6.174263 ], [ 106.7900238, -6.173653 ], [ 106.789872, -6.173451 ], [ 106.789084, -6.1724912 ], [ 106.7889175, -6.1722187 ], [ 106.7885416, -6.1716124 ], [ 106.7880498, -6.1702067 ], [ 106.7879532, -6.1697374 ], [ 106.78795, -6.1695538 ], [ 106.7878875, -6.167821 ], [ 106.787911, -6.1673064 ] ] } },
{ "type": "Feature", "properties": { "waterway": "river", "name": "" }, "geometry": { "type": "LineString", "coordinates": [ [ 106.7999987, -6.1895007 ], [ 106.7999491, -6.1896753 ], [ 106.7998365, -6.1898567 ], [ 106.799764, -6.189994 ], [ 106.7996795, -6.1901473 ], [ 106.7995723, -6.1902406 ], [ 106.7994569, -6.1903233 ], [ 106.7993845, -6.1904406 ], [ 106.7993523, -6.19059 ], [ 106.7993456, -6.190686 ], [ 106.7994221, -6.190746 ], [ 106.7995454, -6.1907993 ], [ 106.7995521, -6.1910459 ], [ 106.7995629, -6.1912873 ], [ 106.7995843, -6.1914286 ], [ 106.7996138, -6.1916686 ], [ 106.7996272, -6.1919472 ], [ 106.7996219, -6.1923299 ], [ 106.7997104, -6.1928419 ], [ 106.7998046, -6.1931022 ], [ 106.7998811, -6.1932996 ], [ 106.8000203, -6.1932967 ], [ 106.8001624, -6.193286 ], [ 106.8002456, -6.193286 ], [ 106.800373, -6.193282 ], [ 106.8004815, -6.1932954 ], [ 106.800499, -6.193298 ], [ 106.8005715, -6.1933434 ], [ 106.8006653, -6.1933714 ], [ 106.800731, -6.193366 ], [ 106.8007874, -6.1933594 ], [ 106.8008528, -6.193354 ], [ 106.8011763, -6.1933521 ], [ 106.8013761, -6.1933453 ], [ 106.8014807, -6.1933427 ], [ 106.8015129, -6.19333 ], [ 106.8015558, -6.1933394 ], [ 106.8016752, -6.1934007 ], [ 106.8016966, -6.1934154 ] ] } },
{ "type": "Feature", "properties": { "waterway": "drain", "name": "" }, "geometry": { "type": "LineString", "coordinates": [ [ 106.8042339, -6.1886234 ], [ 106.8043694, -6.1886274 ], [ 106.8045424, -6.1886154 ], [ 106.8048602, -6.188594 ] ] } },
{ "type": "Feature", "properties": { "waterway": "drain", "name": "" }, "geometry": { "type": "LineString", "coordinates": [ [ 106.8048602, -6.188594 ], [ 106.8059546, -6.188506 ], [ 106.8059774, -6.1885007 ], [ 106.8059935, -6.1884767 ], [ 106.8060002, -6.1880621 ] ] } },
{ "type": "Feature", "properties": { "waterway": "drain", "name": "" }, "geometry": { "type": "LineString", "coordinates": [ [ 106.8041065, -6.1881647 ], [ 106.8045598, -6.188142 ], [ 106.8059559, -6.1880567 ], [ 106.8060002, -6.1880621 ] ] } },
{ "type": "Feature", "properties": { "waterway": "drain", "name": "" }, "geometry": { "type": "LineString", "coordinates": [ [ 106.8066466, -6.1879874 ], [ 106.8062107, -6.1880114 ], [ 106.8061477, -6.1880261 ], [ 106.8060002, -6.1880621 ] ] } },
{ "type": "Feature", "properties": { "waterway": "drain", "name": "" }, "geometry": { "type": "LineString", "coordinates": [ [ 106.8045853, -6.1874647 ], [ 106.8045612, -6.1877327 ], [ 106.8045491, -6.1879127 ], [ 106.8045598, -6.188142 ] ] } },
{ "type": "Feature", "properties": { "waterway": "river", "name": "" }, "geometry": { "type": "LineString", "coordinates": [ [ 106.8060676, -6.1739555 ], [ 106.8059231, -6.1740364 ] ] } },
{ "type": "Feature", "properties": { "waterway": "river", "name": "Kanal Banjir Barat" }, "geometry": { "type": "LineString", "coordinates": [ [ 106.8059231, -6.1740364 ], [ 106.8054225, -6.1733355 ] ] } },
{ "type": "Feature", "properties": { "waterway": "river", "name": "Kanal Banjir Barat" }, "geometry": { "type": "LineString", "coordinates": [ [ 106.8225962, -6.2025953 ], [ 106.8177331, -6.2015051 ], [ 106.8155297, -6.2009835 ] ] } },
{ "type": "Feature", "properties": { "waterway": "river", "name": "Sungai Cideng" }, "geometry": { "type": "LineString", "coordinates": [ [ 106.8177671, -6.2013527 ], [ 106.8177331, -6.2015051 ] ] } },
{ "type": "Feature", "properties": { "waterway": "river", "name": "Sungai Cideng" }, "geometry": { "type": "LineString", "coordinates": [ [ 106.817893, -6.2007951 ], [ 106.8177671, -6.2013527 ] ] } },
{ "type": "Feature", "properties": { "waterway": "river", "name": "Kanal Banjir Barat" }, "geometry": { "type": "LineString", "coordinates": [ [ 106.8155297, -6.2009835 ], [ 106.8147387, -6.200811 ] ] } },
{ "type": "Feature", "properties": { "waterway": "river", "name": "Sungai Cideng" }, "geometry": { "type": "LineString", "coordinates": [ [ 106.8179108, -6.2007015 ], [ 106.817893, -6.2007951 ] ] } },
{ "type": "Feature", "properties": { "waterway": "river", "name": "Sungai Cideng" }, "geometry": { "type": "LineString", "coordinates": [ [ 106.8178711, -6.1988934 ], [ 106.8179108, -6.2007015 ] ] } },
{ "type": "Feature", "properties": { "waterway": "river", "name": "Sungai Cideng" }, "geometry": { "type": "LineString", "coordinates": [ [ 106.8177661, -6.1986629 ], [ 106.8178711, -6.1988934 ] ] } },
{ "type": "Feature", "properties": { "waterway": "river", "name": "Sungai Cideng" }, "geometry": { "type": "LineString", "coordinates": [ [ 106.8178064, -6.1984069 ], [ 106.8177661, -6.1986629 ] ] } },
{ "type": "Feature", "properties": { "waterway": "river", "name": "Sungai Cideng" }, "geometry": { "type": "LineString", "coordinates": [ [ 106.8177849, -6.198151 ], [ 106.8178064, -6.1984069 ] ] } },
{ "type": "Feature", "properties": { "waterway": "river", "name": "Sungai Cideng" }, "geometry": { "type": "LineString", "coordinates": [ [ 106.8206401, -6.1943829 ], [ 106.8190229, -6.194171 ], [ 106.8183939, -6.1940844 ], [ 106.8182579, -6.1940535 ], [ 106.818214, -6.1940672 ], [ 106.8180742, -6.1951471 ], [ 106.8179539, -6.1956271 ], [ 106.8177796, -6.1959284 ], [ 106.8177434, -6.1960417 ], [ 106.8177434, -6.1963164 ], [ 106.8177581, -6.1964577 ], [ 106.817793, -6.197415 ], [ 106.8178144, -6.197839 ], [ 106.8177849, -6.198151 ] ] } },
{ "type": "Feature", "properties": { "waterway": "river", "name": "Sunter" }, "geometry": { "type": "LineString", "coordinates": [ [ 106.8961649, -6.2160814 ], [ 106.896082, -6.215764 ], [ 106.8959569, -6.2155353 ], [ 106.8958382, -6.2146087 ], [ 106.8957569, -6.2136182 ] ] } },
{ "type": "Feature", "properties": { "waterway": "river", "name": "Sunter" }, "geometry": { "type": "LineString", "coordinates": [ [ 106.8957569, -6.2136182 ], [ 106.8957636, -6.2130729 ], [ 106.8957616, -6.2130054 ] ] } },
{ "type": "Feature", "properties": { "waterway": "river", "name": "Cipinang" }, "geometry": { "type": "LineString", "coordinates": [ [ 106.8923701, -6.2135477 ], [ 106.892425, -6.213218 ], [ 106.8925068, -6.2129433 ], [ 106.8925792, -6.2127509 ] ] } },
{ "type": "Feature", "properties": { "waterway": "river", "name": "Sunter" }, "geometry": { "type": "LineString", "coordinates": [ [ 106.8957616, -6.2130054 ], [ 106.8957556, -6.2128022 ], [ 106.8957782, -6.2126298 ], [ 106.8957911, -6.2125167 ] ] } },
{ "type": "Feature", "properties": { "waterway": "river", "name": "Cipinang" }, "geometry": { "type": "LineString", "coordinates": [ [ 106.8925792, -6.2127509 ], [ 106.8926945, -6.212638 ], [ 106.8928288, -6.2125816 ], [ 106.8929729, -6.212581 ], [ 106.8939783, -6.2123875 ], [ 106.8945761, -6.212387 ], [ 106.8952289, -6.2124568 ], [ 106.8957911, -6.2125167 ] ] } },
{ "type": "Feature", "properties": { "waterway": "river", "name": "Kanal Banjir Timur" }, "geometry": { "type": "MultiLineString", "coordinates": [ [ [ 106.8789614, -6.2288286 ], [ 106.8793285, -6.2285949 ], [ 106.8797636, -6.2284452 ], [ 106.8803631, -6.2283451 ], [ 106.8812227, -6.2283172 ], [ 106.8827248, -6.2283599 ], [ 106.8832925, -6.2284133 ], [ 106.8835693, -6.228485 ], [ 106.8843287, -6.2286746 ], [ 106.8854606, -6.2289732 ], [ 106.8874133, -6.2294265 ], [ 106.8896181, -6.229757 ], [ 106.8900457, -6.2297892 ], [ 106.8937326, -6.2300664 ], [ 106.8965864, -6.230173 ], [ 106.8984942, -6.2301851 ], [ 106.9012642, -6.2300451 ], [ 106.905663, -6.2301304 ], [ 106.9092679, -6.230237 ], [ 106.9107485, -6.2302797 ], [ 106.9123967, -6.2300518 ], [ 106.9190068, -6.2284514 ], [ 106.9196185, -6.2283626 ], [ 106.9205144, -6.2283126 ], [ 106.923709, -6.2282184 ], [ 106.9263283, -6.2284842 ], [ 106.9272529, -6.2285904 ], [ 106.9280943, -6.2285786 ], [ 106.9386059, -6.2275867 ], [ 106.9393918, -6.227416 ], [ 106.9400168, -6.2270374 ], [ 106.9409892, -6.2265985 ], [ 106.9425481, -6.225362 ], [ 106.9458364, -6.2224993 ], [ 106.9469395, -6.2215366 ], [ 106.9475188, -6.2209508 ], [ 106.9485542, -6.2193582 ], [ 106.9504178, -6.2165373 ], [ 106.9508947, -6.2159512 ], [ 106.9513574, -6.2155642 ], [ 106.9519416, -6.2152485 ], [ 106.9524669, -6.2149491 ], [ 106.9526584, -6.2148528 ], [ 106.9556129, -6.2131805 ], [ 106.9558594, -6.213057 ], [ 106.9580224, -6.2118922 ], [ 106.9587064, -6.2113801 ], [ 106.9606161, -6.2099083 ], [ 106.961174, -6.2092043 ], [ 106.9619256, -6.207991 ], [ 106.9627288, -6.2065332 ], [ 106.9638337, -6.2045326 ], [ 106.9653103, -6.2015916 ], [ 106.9655408, -6.2010981 ], [ 106.9658256, -6.2006299 ], [ 106.966286644268251, -6.199905505133646 ] ], [ [ 106.967070607854751, -6.198673737955112 ], [ 106.9672925, -6.1983251 ], [ 106.9675828, -6.197734 ], [ 106.9683968, -6.1963336 ], [ 106.9686799, -6.1956862 ], [ 106.9688977, -6.1949971 ], [ 106.9690265, -6.1935252 ], [ 106.9691277, -6.1916316 ], [ 106.96921, -6.1912733 ] ] ] } },
{ "type": "Feature", "properties": { "waterway": "river", "name": "Sunter" }, "geometry": { "type": "LineString", "coordinates": [ [ 106.8957911, -6.2125167 ], [ 106.8959205, -6.2123329 ], [ 106.8961411, -6.212138 ], [ 106.8964469, -6.2118661 ], [ 106.8970102, -6.2114767 ], [ 106.897597, -6.2107237 ], [ 106.8976828, -6.2104785 ], [ 106.8976916, -6.2103344 ], [ 106.8976507, -6.2102131 ], [ 106.8975334, -6.2101451 ], [ 106.8973972, -6.2101198 ], [ 106.897174, -6.2101558 ], [ 106.8969694, -6.2101718 ], [ 106.8968575, -6.2101438 ], [ 106.8967775, -6.2100758 ], [ 106.8968213, -6.2098584 ], [ 106.8969184, -6.2096092 ], [ 106.8969741, -6.2091198 ], [ 106.8969599, -6.2085945 ], [ 106.8969332, -6.2084859 ], [ 106.8968957, -6.2083872 ], [ 106.8968642, -6.2083239 ], [ 106.896748, -6.2080572 ], [ 106.8967816, -6.2078119 ], [ 106.8970927, -6.20746 ], [ 106.8971585, -6.2072893 ], [ 106.8971498, -6.2070893 ], [ 106.8971088, -6.2068613 ], [ 106.897013, -6.206472 ], [ 106.8966636, -6.2054121 ], [ 106.8971357, -6.2037269 ], [ 106.8975219, -6.2030016 ], [ 106.897576, -6.2028684 ] ] } },
{ "type": "Feature", "properties": { "waterway": "river", "name": "Sunter" }, "geometry": { "type": "LineString", "coordinates": [ [ 106.897576, -6.2028684 ], [ 106.8977368, -6.2025957 ] ] } },
{ "type": "Feature", "properties": { "waterway": "river", "name": "Sunter" }, "geometry": { "type": "LineString", "coordinates": [ [ 106.8977368, -6.2025957 ], [ 106.8980068, -6.2022835 ], [ 106.8981975, -6.2021486 ], [ 106.8984124, -6.2021163 ], [ 106.89926, -6.202159 ], [ 106.9002529, -6.2019689 ], [ 106.9005214, -6.2018613 ], [ 106.9006802, -6.2017924 ], [ 106.9007564, -6.2017165 ], [ 106.9008717, -6.2014728 ], [ 106.900922, -6.2013428 ], [ 106.9009505, -6.2011038 ], [ 106.9009333, -6.200945 ], [ 106.9008704, -6.200804 ], [ 106.9007675, -6.2006635 ], [ 106.9007198, -6.2005594 ], [ 106.9007107, -6.2004393 ], [ 106.9007599, -6.2003109 ], [ 106.9009425, -6.2001179 ], [ 106.9011082, -6.1999604 ], [ 106.90116, -6.1997653 ], [ 106.9012198, -6.1994824 ], [ 106.9014148, -6.1991775 ] ] } },
{ "type": "Feature", "properties": { "waterway": "river", "name": "" }, "geometry": { "type": "LineString", "coordinates": [ [ 106.8826915, -6.1900911 ], [ 106.8825775, -6.1901069 ] ] } },
{ "type": "Feature", "properties": { "waterway": "river", "name": "" }, "geometry": { "type": "LineString", "coordinates": [ [ 106.8283345, -6.205788 ], [ 106.8283808, -6.205846 ] ] } },
{ "type": "Feature", "properties": { "waterway": "river", "name": "Kanal Banjir Barat" }, "geometry": { "type": "LineString", "coordinates": [ [ 106.8480224, -6.2081158 ], [ 106.847865, -6.2082178 ], [ 106.8474825, -6.2084639 ], [ 106.8472905, -6.208542 ], [ 106.8471304, -6.2085877 ], [ 106.8469707, -6.2086171 ], [ 106.8467148, -6.2086236 ], [ 106.8465088, -6.2086069 ], [ 106.8461933, -6.2085486 ], [ 106.845442, -6.2083031 ], [ 106.8452062, -6.2082059 ], [ 106.8448841, -6.2080794 ], [ 106.8413661, -6.206829 ], [ 106.840429, -6.2064732 ], [ 106.8389343, -6.2059983 ], [ 106.8371979, -6.2053425 ], [ 106.8341893, -6.2049069 ], [ 106.8294586, -6.2041638 ], [ 106.8276321, -6.2037409 ], [ 106.8274372, -6.2037146 ], [ 106.8263258, -6.2034385 ], [ 106.8232278, -6.2027396 ], [ 106.8229854, -6.2026834 ] ] } },
{ "type": "Feature", "properties": { "waterway": "river", "name": "" }, "geometry": { "type": "LineString", "coordinates": [ [ 106.8280388, -6.2053574 ], [ 106.8283345, -6.205788 ] ] } },
{ "type": "Feature", "properties": { "waterway": "river", "name": "" }, "geometry": { "type": "LineString", "coordinates": [ [ 106.8280089, -6.2052997 ], [ 106.8280388, -6.2053574 ] ] } },
{ "type": "Feature", "properties": { "waterway": "river", "name": "" }, "geometry": { "type": "LineString", "coordinates": [ [ 106.827883, -6.2052181 ], [ 106.8280089, -6.2052997 ] ] } },
{ "type": "Feature", "properties": { "waterway": "river", "name": "" }, "geometry": { "type": "LineString", "coordinates": [ [ 106.8274661, -6.2042221 ], [ 106.8274372, -6.2037146 ] ] } },
{ "type": "Feature", "properties": { "waterway": "river", "name": "Kanal Banjir Barat" }, "geometry": { "type": "LineString", "coordinates": [ [ 106.8229854, -6.2026834 ], [ 106.8225962, -6.2025953 ] ] } },
{ "type": "Feature", "properties": { "waterway": "river", "name": "Cideng" }, "geometry": { "type": "LineString", "coordinates": [ [ 106.8270812, -6.2018465 ], [ 106.8234572, -6.1982354 ], [ 106.822821, -6.1975125 ], [ 106.8213806, -6.1960293 ], [ 106.8212971, -6.1959537 ], [ 106.8211206, -6.1956781 ] ] } },
{ "type": "Feature", "properties": { "waterway": "river", "name": "" }, "geometry": { "type": "LineString", "coordinates": [ [ 106.8429213, -6.1979204 ], [ 106.842979, -6.1976924 ], [ 106.843085, -6.1975551 ], [ 106.8431198, -6.1975485 ], [ 106.843156, -6.1975018 ], [ 106.8431842, -6.1974031 ], [ 106.8431426, -6.1972991 ], [ 106.8431037, -6.1972245 ], [ 106.8430273, -6.1971925 ], [ 106.8429878, -6.19713 ] ] } },
{ "type": "Feature", "properties": { "waterway": "river", "name": "" }, "geometry": { "type": "LineString", "coordinates": [ [ 106.8429878, -6.19713 ], [ 106.8429305, -6.1970216 ], [ 106.8428992, -6.1969032 ], [ 106.8428442, -6.1969099 ], [ 106.8428181, -6.1966791 ], [ 106.8428951, -6.1965902 ], [ 106.8429959, -6.196457 ], [ 106.8430361, -6.1963797 ], [ 106.8430441, -6.1963077 ], [ 106.8430629, -6.1961931 ], [ 106.8431112, -6.1961317 ], [ 106.8431756, -6.1960384 ], [ 106.8432024, -6.1959717 ], [ 106.8432319, -6.1958411 ], [ 106.8432668, -6.1957611 ], [ 106.8433311, -6.1956437 ], [ 106.8433794, -6.1955637 ], [ 106.8434867, -6.1954518 ], [ 106.8437368, -6.1953059 ] ] } },
{ "type": "Feature", "properties": { "waterway": "river", "name": "Sungai Gresik" }, "geometry": { "type": "LineString", "coordinates": [ [ 106.8238337, -6.1946093 ], [ 106.8253484, -6.1948203 ], [ 106.8263802, -6.1949638 ], [ 106.8274158, -6.1950995 ], [ 106.8281528, -6.1951888 ], [ 106.8293476, -6.1953594 ], [ 106.830007, -6.1954508 ], [ 106.8329705, -6.1958637 ], [ 106.8334864, -6.1959452 ], [ 106.8342816, -6.1960693 ], [ 106.8353987, -6.1963027 ], [ 106.8385836, -6.1968895 ] ] } },
{ "type": "Feature", "properties": { "waterway": "river", "name": "Kali Cideng" }, "geometry": { "type": "LineString", "coordinates": [ [ 106.8211206, -6.1956781 ], [ 106.821058, -6.1955405 ], [ 106.8209271, -6.1948296 ], [ 106.8208918, -6.194612 ], [ 106.8208216, -6.1945053 ], [ 106.8206401, -6.1943829 ] ] } },
{ "type": "Feature", "properties": { "waterway": "canal", "name": "" }, "geometry": { "type": "LineString", "coordinates": [ [ 106.8206958, -6.1941231 ], [ 106.822181, -6.1942844 ], [ 106.8222069, -6.1942873 ], [ 106.8224435, -6.1943139 ], [ 106.8227968, -6.194389 ], [ 106.8229127, -6.1944096 ], [ 106.8232042, -6.1944747 ], [ 106.8233964, -6.1945206 ], [ 106.8237917, -6.1946004 ], [ 106.8238337, -6.1946093 ] ] } },
{ "type": "Feature", "properties": { "waterway": "river", "name": "Kali Cideng" }, "geometry": { "type": "LineString", "coordinates": [ [ 106.8206401, -6.1943829 ], [ 106.820688, -6.1941627 ] ] } },
{ "type": "Feature", "properties": { "waterway": "river", "name": "Kali Cideng" }, "geometry": { "type": "LineString", "coordinates": [ [ 106.820688, -6.1941627 ], [ 106.8206958, -6.1941231 ] ] } },
{ "type": "Feature", "properties": { "waterway": "river", "name": "Kali Cideng" }, "geometry": { "type": "LineString", "coordinates": [ [ 106.8206958, -6.1941231 ], [ 106.820774, -6.1937404 ], [ 106.820988, -6.1926806 ], [ 106.8210201, -6.1924217 ] ] } },
{ "type": "Feature", "properties": { "waterway": "river", "name": "Kali Cideng" }, "geometry": { "type": "LineString", "coordinates": [ [ 106.8210201, -6.1924217 ], [ 106.8210631, -6.1921095 ] ] } },
{ "type": "Feature", "properties": { "waterway": "river", "name": "Kali Cideng" }, "geometry": { "type": "LineString", "coordinates": [ [ 106.8210631, -6.1921095 ], [ 106.8211283, -6.1916932 ], [ 106.8211905, -6.1913342 ], [ 106.8213198, -6.1910269 ], [ 106.8214466, -6.1907706 ], [ 106.8217056, -6.1903768 ], [ 106.8218509, -6.1901435 ], [ 106.8221647, -6.1896471 ], [ 106.8223708, -6.1891975 ], [ 106.8224377, -6.1888267 ], [ 106.8224833, -6.1879119 ] ] } },
{ "type": "Feature", "properties": { "waterway": "river", "name": "Kali Cideng" }, "geometry": { "type": "LineString", "coordinates": [ [ 106.8224833, -6.1879119 ], [ 106.8224926, -6.1875629 ], [ 106.8225176, -6.1871306 ] ] } },
{ "type": "Feature", "properties": { "waterway": "river", "name": "Kali Cideng" }, "geometry": { "type": "LineString", "coordinates": [ [ 106.8225176, -6.1871306 ], [ 106.8225535, -6.1862843 ], [ 106.8225782, -6.1858019 ], [ 106.822563, -6.1855055 ], [ 106.8225587, -6.185385 ] ] } },
{ "type": "Feature", "properties": { "waterway": "river", "name": "" }, "geometry": { "type": "LineString", "coordinates": [ [ 106.8582927, -6.197776 ], [ 106.8578775, -6.1968074 ], [ 106.8578333, -6.1967591 ] ] } },
{ "type": "Feature", "properties": { "waterway": "river", "name": "" }, "geometry": { "type": "LineString", "coordinates": [ [ 106.8578333, -6.1967591 ], [ 106.8576643, -6.1966119 ], [ 106.8575021, -6.1964999 ] ] } },
{ "type": "Feature", "properties": { "waterway": "river", "name": "Kali Utan Kayu" }, "geometry": { "type": "LineString", "coordinates": [ [ 106.8692171, -6.1989909 ], [ 106.8691313, -6.1986709 ], [ 106.8684768, -6.1966337 ], [ 106.8683266, -6.196143 ], [ 106.8682408, -6.1958444 ], [ 106.8682301, -6.1955457 ], [ 106.8683481, -6.1950764 ], [ 106.868906, -6.1940844 ], [ 106.8697643, -6.1930605 ], [ 106.8698394, -6.1929539 ], [ 106.8698823, -6.1928686 ], [ 106.8700003, -6.1924312 ], [ 106.8701536, -6.1918948 ] ] } },
{ "type": "Feature", "properties": { "waterway": "river", "name": "" }, "geometry": { "type": "LineString", "coordinates": [ [ 106.8575021, -6.1964999 ], [ 106.8573291, -6.1963706 ], [ 106.8571963, -6.1962946 ], [ 106.8569831, -6.1962079 ], [ 106.856802, -6.1961612 ], [ 106.8564518, -6.1960439 ], [ 106.855851, -6.19582 ], [ 106.8556914, -6.1958159 ], [ 106.855399, -6.1957306 ], [ 106.8550147, -6.1956113 ], [ 106.8544026, -6.1953993 ], [ 106.8531245, -6.194922 ], [ 106.8525062, -6.1946844 ], [ 106.851837, -6.1944304 ], [ 106.8517069, -6.1942558 ], [ 106.8510886, -6.1932852 ], [ 106.850931, -6.1929565 ], [ 106.8508398, -6.1928485 ], [ 106.8505622, -6.1927232 ], [ 106.850451, -6.1926345 ], [ 106.850309, -6.1922989 ], [ 106.8499936, -6.1920532 ], [ 106.8498253, -6.1917608 ], [ 106.8495753, -6.1914733 ], [ 106.8495321, -6.1913948 ], [ 106.8495434, -6.1913159 ] ] } },
{ "type": "Feature", "properties": { "waterway": "river", "name": "" }, "geometry": { "type": "LineString", "coordinates": [ [ 106.8495434, -6.1913159 ], [ 106.8496994, -6.1912106 ], [ 106.8503373, -6.1905439 ], [ 106.8504634, -6.1903526 ], [ 106.8505764, -6.1901163 ], [ 106.8507336, -6.1898662 ], [ 106.8508731, -6.1894863 ], [ 106.8510488, -6.1891369 ], [ 106.8511816, -6.1883116 ], [ 106.8512007, -6.1880384 ], [ 106.8512238, -6.187765 ], [ 106.8512587, -6.1876058 ], [ 106.8513251, -6.1874737 ], [ 106.8514183, -6.187391 ], [ 106.8518226, -6.187121 ], [ 106.8518186, -6.1869437 ], [ 106.8517248, -6.186585 ], [ 106.8516469, -6.1862357 ], [ 106.8515583, -6.186133 ], [ 106.85149, -6.1857924 ] ] } },
{ "type": "Feature", "properties": { "waterway": "river", "name": "" }, "geometry": { "type": "LineString", "coordinates": [ [ 106.85149, -6.1857924 ], [ 106.8514444, -6.1855351 ], [ 106.8514953, -6.1850511 ], [ 106.8515301, -6.1846838 ], [ 106.8515497, -6.1844181 ], [ 106.8515892, -6.1838377 ], [ 106.8516241, -6.1832805 ] ] } },
{ "type": "Feature", "properties": { "waterway": "river", "name": "Kali Utan Kayu" }, "geometry": { "type": "LineString", "coordinates": [ [ 106.8701536, -6.1918948 ], [ 106.8702445, -6.1914846 ], [ 106.8703732, -6.1909193 ], [ 106.870459, -6.189842 ], [ 106.8704912, -6.1895113 ], [ 106.8704887, -6.1894945 ], [ 106.8700085, -6.1863224 ], [ 106.8700006, -6.1862703 ], [ 106.8699804, -6.1861233 ], [ 106.8698979, -6.185592 ], [ 106.8698892, -6.1855348 ], [ 106.8698737, -6.1854322 ], [ 106.8698717, -6.1854193 ], [ 106.8698307, -6.1851599 ], [ 106.869789, -6.1848961 ], [ 106.8697801, -6.1848399 ], [ 106.8697701, -6.1847764 ], [ 106.8697563, -6.1847098 ], [ 106.8697425, -6.1846436 ], [ 106.8697276, -6.1845719 ], [ 106.8696417, -6.1841584 ], [ 106.8696289, -6.1840968 ], [ 106.8695005, -6.1837703 ], [ 106.8694956, -6.1837579 ], [ 106.8689637, -6.1824049 ], [ 106.8688913, -6.1822295 ], [ 106.8687746, -6.1820009 ], [ 106.8665353, -6.1795125 ], [ 106.8644053, -6.1769783 ], [ 106.8643222, -6.1767356 ], [ 106.8642611, -6.176243 ] ] } },
{ "type": "Feature", "properties": { "waterway": "river", "name": "" }, "geometry": { "type": "LineString", "coordinates": [ [ 106.8516241, -6.1832805 ], [ 106.8516624, -6.1828058 ], [ 106.8516825, -6.1823125 ], [ 106.8516999, -6.1817512 ], [ 106.8517261, -6.1812968 ], [ 106.8517362, -6.1811867 ], [ 106.8517636, -6.1809265 ] ] } },
{ "type": "Feature", "properties": { "waterway": "river", "name": "Kali Sunter" }, "geometry": { "type": "LineString", "coordinates": [ [ 106.8517636, -6.1809265 ], [ 106.8517877, -6.1802885 ], [ 106.8518018, -6.1795672 ], [ 106.8518213, -6.1789885 ], [ 106.8518722, -6.1781018 ], [ 106.8518957, -6.1776872 ], [ 106.8519219, -6.1773639 ], [ 106.8519695, -6.1765617 ], [ 106.8519856, -6.1757697 ], [ 106.8520258, -6.175039 ], [ 106.8520456, -6.1748446 ] ] } },
{ "type": "Feature", "properties": { "waterway": "river", "name": "Kali Sunter" }, "geometry": { "type": "LineString", "coordinates": [ [ 106.8520456, -6.1748446 ], [ 106.8520548, -6.1744103 ] ] } },
{ "type": "Feature", "properties": { "waterway": "river", "name": "" }, "geometry": { "type": "LineString", "coordinates": [ [ 106.8825775, -6.1901069 ], [ 106.8824616, -6.1901069 ], [ 106.8821727, -6.1901069 ], [ 106.881845, -6.1900912 ], [ 106.8816411, -6.1899846 ] ] } },
{ "type": "Feature", "properties": { "waterway": "river", "name": "" }, "geometry": { "type": "LineString", "coordinates": [ [ 106.8840533, -6.1899003 ], [ 106.8834244, -6.189989 ], [ 106.8833041, -6.1900059 ], [ 106.8826915, -6.1900911 ] ] } },
{ "type": "Feature", "properties": { "waterway": "river", "name": "" }, "geometry": { "type": "LineString", "coordinates": [ [ 106.8816411, -6.1899846 ], [ 106.8815852, -6.1899346 ], [ 106.8815338, -6.1898886 ] ] } },
{ "type": "Feature", "properties": { "waterway": "river", "name": "" }, "geometry": { "type": "LineString", "coordinates": [ [ 106.8842643, -6.1898706 ], [ 106.8840533, -6.1899003 ] ] } },
{ "type": "Feature", "properties": { "waterway": "river", "name": "" }, "geometry": { "type": "LineString", "coordinates": [ [ 106.8815338, -6.1898886 ], [ 106.8813193, -6.1895473 ], [ 106.8812092, -6.1892511 ], [ 106.8811354, -6.1888411 ] ] } },
{ "type": "Feature", "properties": { "waterway": "river", "name": "" }, "geometry": { "type": "LineString", "coordinates": [ [ 106.8910248, -6.1888441 ], [ 106.8908858, -6.1888636 ], [ 106.8905905, -6.1889049 ], [ 106.8904984, -6.1889214 ], [ 106.8897389, -6.1890572 ], [ 106.8893437, -6.1891236 ], [ 106.8884799, -6.1892687 ], [ 106.8883788, -6.1892856 ], [ 106.8882131, -6.1893047 ], [ 106.8881666, -6.1893124 ], [ 106.8872989, -6.1894561 ], [ 106.8871818, -6.1894673 ], [ 106.8864187, -6.1895785 ], [ 106.8862371, -6.189605 ], [ 106.8858306, -6.1896595 ], [ 106.8853832, -6.1897196 ], [ 106.8853665, -6.1897219 ], [ 106.8844376, -6.1898462 ], [ 106.8842761, -6.1898689 ], [ 106.8842643, -6.1898706 ] ] } },
{ "type": "Feature", "properties": { "waterway": "river", "name": "" }, "geometry": { "type": "LineString", "coordinates": [ [ 106.8912638, -6.1888087 ], [ 106.8912187, -6.188817 ], [ 106.8910798, -6.1888364 ], [ 106.8910248, -6.1888441 ] ] } },
{ "type": "Feature", "properties": { "waterway": "river", "name": "" }, "geometry": { "type": "LineString", "coordinates": [ [ 106.8763406, -6.1763436 ], [ 106.876126, -6.1793836 ], [ 106.87603, -6.1805316 ], [ 106.876008, -6.1816876 ], [ 106.8756271, -6.1891167 ], [ 106.8756117, -6.1894689 ], [ 106.8755796, -6.1897782 ], [ 106.8756279, -6.1900502 ], [ 106.87574, -6.1904502 ], [ 106.8759379, -6.1907854 ], [ 106.8764527, -6.1913729 ], [ 106.8768019, -6.1918846 ], [ 106.8770961, -6.1922307 ], [ 106.8772946, -6.192327 ], [ 106.8774671, -6.1923753 ], [ 106.8776173, -6.1924286 ], [ 106.8778212, -6.1924072 ], [ 106.8779714, -6.1924286 ], [ 106.8781645, -6.1924713 ], [ 106.8783469, -6.1925353 ], [ 106.8783641, -6.1926144 ], [ 106.8798929, -6.1928102 ], [ 106.8800627, -6.1928422 ], [ 106.8813961, -6.193087 ], [ 106.8839342, -6.1933616 ], [ 106.8854559, -6.193439 ], [ 106.8856542, -6.1934491 ], [ 106.8869333, -6.1934878 ], [ 106.886973, -6.193488 ], [ 106.8877476, -6.1934928 ], [ 106.8880524, -6.1934907 ], [ 106.8883587, -6.1934948 ], [ 106.8900044, -6.1935065 ], [ 106.8958424, -6.1935379 ], [ 106.9006312, -6.1935829 ] ] } },
{ "type": "Feature", "properties": { "waterway": "river", "name": "" }, "geometry": { "type": "LineString", "coordinates": [ [ 106.8990229, -6.178642 ], [ 106.8990004, -6.1789876 ], [ 106.8988819, -6.1803221 ], [ 106.8988716, -6.1804382 ], [ 106.8988669, -6.1804952 ], [ 106.8988143, -6.1811289 ], [ 106.8988069, -6.1812177 ], [ 106.8987684, -6.1816816 ], [ 106.8987652, -6.1817208 ], [ 106.8987602, -6.1817809 ], [ 106.8987533, -6.1818639 ], [ 106.8987071, -6.182421 ], [ 106.8986562, -6.1830333 ], [ 106.898639, -6.1832413 ], [ 106.8986034, -6.1836701 ], [ 106.8985865, -6.1838377 ], [ 106.8985745, -6.1839574 ], [ 106.8985712, -6.1839901 ], [ 106.8985606, -6.1840845 ], [ 106.898513, -6.1845062 ], [ 106.8984764, -6.1848311 ], [ 106.8984405, -6.1851494 ], [ 106.8984317, -6.1852275 ], [ 106.8983996, -6.1855581 ], [ 106.8983898, -6.1856375 ], [ 106.8983234, -6.186177 ], [ 106.8982538, -6.1867416 ], [ 106.8982379, -6.1868708 ], [ 106.8981908, -6.1872533 ], [ 106.8981635, -6.1874033 ], [ 106.8981318, -6.1874482 ], [ 106.8981001, -6.187493 ], [ 106.8979909, -6.1876476 ], [ 106.8974932, -6.1877377 ], [ 106.8973325, -6.187767 ], [ 106.8969345, -6.1878395 ], [ 106.8966856, -6.1878849 ], [ 106.8964855, -6.1879157 ], [ 106.896449, -6.1879213 ], [ 106.8962406, -6.1879534 ], [ 106.8951717, -6.1881304 ], [ 106.8948407, -6.1881852 ], [ 106.8944495, -6.18825 ], [ 106.8935837, -6.1883934 ], [ 106.8931303, -6.1884684 ], [ 106.8929922, -6.1884913 ], [ 106.8929424, -6.1885005 ], [ 106.8921991, -6.1886369 ], [ 106.8912638, -6.1888087 ] ] } },
{ "type": "Feature", "properties": { "waterway": "river", "name": "Sunter" }, "geometry": { "type": "LineString", "coordinates": [ [ 106.9021945, -6.1794347 ], [ 106.901608, -6.178871 ], [ 106.9012508, -6.1787516 ], [ 106.900894, -6.1787795 ], [ 106.9002796, -6.1789987 ], [ 106.899943, -6.1791045 ], [ 106.8998608, -6.1790877 ], [ 106.8990229, -6.178642 ], [ 106.8987554, -6.1785299 ], [ 106.8984103, -6.1785289 ], [ 106.8976915, -6.1786463 ], [ 106.8975321, -6.1785487 ], [ 106.8974015, -6.1783974 ] ] } },
{ "type": "Feature", "properties": { "waterway": "river", "name": "Sunter" }, "geometry": { "type": "LineString", "coordinates": [ [ 106.8974015, -6.1783974 ], [ 106.8973452, -6.1781626 ], [ 106.897264, -6.1778281 ] ] } },
{ "type": "Feature", "properties": { "waterway": "river", "name": "Sunter" }, "geometry": { "type": "LineString", "coordinates": [ [ 106.897264, -6.1778281 ], [ 106.8971538, -6.1776391 ], [ 106.8970723, -6.177535 ] ] } },
{ "type": "Feature", "properties": { "waterway": "river", "name": "Sunter" }, "geometry": { "type": "LineString", "coordinates": [ [ 106.8970723, -6.177535 ], [ 106.8970316, -6.177483 ], [ 106.8969908, -6.177431 ] ] } },
{ "type": "Feature", "properties": { "waterway": "river", "name": "" }, "geometry": { "type": "LineString", "coordinates": [ [ 106.8763728, -6.176013 ], [ 106.8763406, -6.1763436 ] ] } },
{ "type": "Feature", "properties": { "waterway": "river", "name": "" }, "geometry": { "type": "LineString", "coordinates": [ [ 106.8935099, -6.1747108 ], [ 106.893468, -6.1747837 ] ] } },
{ "type": "Feature", "properties": { "waterway": "river", "name": "" }, "geometry": { "type": "LineString", "coordinates": [ [ 106.89354, -6.1746586 ], [ 106.8935216, -6.1746906 ], [ 106.8935099, -6.1747108 ] ] } },
{ "type": "Feature", "properties": { "waterway": "river", "name": "" }, "geometry": { "type": "LineString", "coordinates": [ [ 106.8940466, -6.1737788 ], [ 106.8937457, -6.1743015 ], [ 106.8935795, -6.1745899 ], [ 106.89354, -6.1746586 ] ] } },
{ "type": "Feature", "properties": { "waterway": "river", "name": "" }, "geometry": { "type": "LineString", "coordinates": [ [ 106.8941146, -6.1736605 ], [ 106.8940466, -6.1737788 ] ] } },
{ "type": "Feature", "properties": { "waterway": "river", "name": "" }, "geometry": { "type": "LineString", "coordinates": [ [ 106.8946501, -6.1727305 ], [ 106.8941146, -6.1736605 ] ] } },
{ "type": "Feature", "properties": { "waterway": "river", "name": "" }, "geometry": { "type": "LineString", "coordinates": [ [ 106.8947599, -6.1725399 ], [ 106.8946501, -6.1727305 ] ] } },
{ "type": "Feature", "properties": { "waterway": "river", "name": "Kali Cideng" }, "geometry": { "type": "LineString", "coordinates": [ [ 106.8225587, -6.185385 ], [ 106.8225326, -6.1850663 ], [ 106.8224566, -6.184619 ], [ 106.8223756, -6.1842142 ], [ 106.8223097, -6.1840761 ], [ 106.8222772, -6.1840081 ], [ 106.8221455, -6.1837713 ], [ 106.8220559, -6.1836609 ], [ 106.8218866, -6.1835245 ], [ 106.82156, -6.1834215 ], [ 106.8209256, -6.1832303 ], [ 106.8204108, -6.1830938 ], [ 106.8200344, -6.1829931 ] ] } },
{ "type": "Feature", "properties": { "waterway": "drain", "name": "" }, "geometry": { "type": "LineString", "coordinates": [ [ 106.8383322, -6.1739998 ], [ 106.838076, -6.1739671 ], [ 106.8378347, -6.1739911 ], [ 106.8367859, -6.1742125 ], [ 106.8361851, -6.1742071 ], [ 106.835426, -6.1741991 ], [ 106.8350264, -6.1743085 ] ] } },
{ "type": "Feature", "properties": { "waterway": "river", "name": "Ci Liwung" }, "geometry": { "type": "LineString", "coordinates": [ [ 106.8644187, -6.2292511 ], [ 106.8648806, -6.2286509 ], [ 106.8648183, -6.2277206 ], [ 106.8647647, -6.2268034 ], [ 106.8646252, -6.2265367 ], [ 106.8643828, -6.2261936 ], [ 106.8638335, -6.225383 ], [ 106.8636103, -6.2247857 ], [ 106.8636618, -6.2245554 ], [ 106.863782, -6.2245042 ], [ 106.8638373, -6.224506 ], [ 106.8645802, -6.2245298 ], [ 106.8649836, -6.2244597 ], [ 106.8651404, -6.2244085 ], [ 106.8652838, -6.2243017 ], [ 106.8653715, -6.2240997 ], [ 106.8654104, -6.223992 ], [ 106.8654233, -6.2238656 ], [ 106.8654147, -6.2237224 ], [ 106.865368, -6.2235455 ], [ 106.8653152, -6.2233777 ], [ 106.8651821, -6.2231945 ], [ 106.8649643, -6.2229457 ], [ 106.8643869, -6.2223693 ], [ 106.8642256, -6.2220996 ], [ 106.8640409, -6.2218692 ], [ 106.8639965, -6.2218064 ], [ 106.8637675, -6.221544 ], [ 106.8636628, -6.2214067 ], [ 106.8635108, -6.2211397 ], [ 106.8633572, -6.2206698 ], [ 106.8632349, -6.2202281 ], [ 106.8630785, -6.2199592 ], [ 106.8628342, -6.219769 ], [ 106.8622943, -6.2197197 ], [ 106.8619361, -6.2198034 ], [ 106.8617193, -6.2199682 ], [ 106.8615849, -6.2202101 ], [ 106.8615637, -6.2204865 ], [ 106.8616237, -6.2206184 ], [ 106.8618242, -6.2208661 ], [ 106.8618645, -6.2211339 ], [ 106.8617631, -6.2214183 ], [ 106.8616082, -6.2215943 ], [ 106.8613343, -6.2216622 ], [ 106.8610247, -6.2217142 ], [ 106.8608892, -6.2216942 ], [ 106.8606042, -6.221613 ], [ 106.8603915, -6.2215406 ], [ 106.8602265, -6.2214287 ], [ 106.860159, -6.2212431 ], [ 106.8601805, -6.221026 ], [ 106.8603222, -6.2207396 ], [ 106.8605891, -6.2203232 ], [ 106.8606795, -6.2201444 ], [ 106.8609506, -6.2195413 ], [ 106.8619624, -6.2182371 ], [ 106.8621334, -6.2178896 ], [ 106.8623078, -6.217615 ], [ 106.8625639, -6.2174003 ], [ 106.8633404, -6.2168537 ], [ 106.8634882, -6.216626 ], [ 106.8635329, -6.2164108 ], [ 106.8634658, -6.2162497 ], [ 106.8633652, -6.2161615 ], [ 106.8632915, -6.2161195 ], [ 106.8632164, -6.2161031 ], [ 106.8631195, -6.2161111 ], [ 106.8628091, -6.216197 ], [ 106.8624526, -6.2163577 ], [ 106.8619858, -6.2165828 ], [ 106.8615178, -6.2168598 ], [ 106.8607564, -6.2172807 ], [ 106.8604295, -6.2173536 ], [ 106.8600333, -6.2173122 ], [ 106.8597641, -6.217103 ], [ 106.8595441, -6.2168827 ], [ 106.8593939, -6.2166577 ], [ 106.8591193, -6.2164359 ], [ 106.8589461, -6.216334 ], [ 106.8587006, -6.2162978 ], [ 106.8585578, -6.216371 ], [ 106.8583811, -6.2165894 ], [ 106.8580893, -6.2169137 ], [ 106.8580249, -6.217157 ], [ 106.8578531, -6.2175477 ], [ 106.8577631, -6.2176304 ], [ 106.8574315, -6.2176642 ], [ 106.8569478, -6.2173403 ], [ 106.8564878, -6.216703 ], [ 106.8562869, -6.2163505 ], [ 106.8563469, -6.2159068 ], [ 106.8564928, -6.2154631 ], [ 106.8566109, -6.2150749 ], [ 106.8568673, -6.2145453 ], [ 106.85715, -6.214147 ], [ 106.8574654, -6.213795 ], [ 106.8575646, -6.21374 ], [ 106.8576548, -6.2137214 ], [ 106.857989, -6.2137257 ], [ 106.858254, -6.213628 ], [ 106.8583156, -6.2135587 ], [ 106.8583344, -6.2134894 ], [ 106.8583257, -6.2133453 ], [ 106.8579716, -6.212949 ], [ 106.8578227, -6.2127517 ], [ 106.8577651, -6.2126357 ], [ 106.8576872, -6.2125261 ], [ 106.8576001, -6.2123584 ], [ 106.8574611, -6.2121994 ], [ 106.8572758, -6.212051 ], [ 106.8570472, -6.2118687 ], [ 106.8568908, -6.2117826 ], [ 106.8566401, -6.2116959 ], [ 106.8551056, -6.2113848 ], [ 106.8545048, -6.2111099 ], [ 106.8543681, -6.2110501 ], [ 106.8542432, -6.2108032 ], [ 106.8541871, -6.2106647 ], [ 106.8540491, -6.2105369 ], [ 106.8534508, -6.2100434 ], [ 106.8527584, -6.2095543 ], [ 106.8524993, -6.2094387 ], [ 106.8523692, -6.2093867 ], [ 106.8522352, -6.2093543 ], [ 106.8516029, -6.2091849 ], [ 106.8512897, -6.2090695 ], [ 106.8507828, -6.2087602 ], [ 106.8505427, -6.2085636 ], [ 106.8501595, -6.2081811 ], [ 106.8498953, -6.2079624 ], [ 106.8496002, -6.2077672 ], [ 106.8493637, -6.2076422 ], [ 106.8492377, -6.2075896 ], [ 106.8491261, -6.2075414 ], [ 106.8491353, -6.2074693 ], [ 106.8491407, -6.2074393 ], [ 106.8491608, -6.2072926 ], [ 106.8491903, -6.2070214 ], [ 106.8493473, -6.2063571 ], [ 106.8494993, -6.2059462 ], [ 106.8497948, -6.205614 ], [ 106.8500906, -6.2055073 ], [ 106.8504345, -6.2054647 ], [ 106.8510479, -6.2058305 ], [ 106.8514159, -6.2058836 ], [ 106.8516208, -6.20591 ], [ 106.8518129, -6.205901 ], [ 106.8521962, -6.2058633 ], [ 106.852584, -6.2058447 ], [ 106.8527889, -6.2059113 ], [ 106.8529347, -6.2060118 ], [ 106.8533438, -6.2064424 ], [ 106.8535728, -6.2065264 ], [ 106.8538427, -6.2065158 ], [ 106.8543362, -6.2063598 ], [ 106.8546769, -6.2061331 ], [ 106.855159, -6.2057078 ], [ 106.8553536, -6.2053875 ], [ 106.8555251, -6.2050754 ], [ 106.8557846, -6.2044426 ], [ 106.8557712, -6.2036639 ], [ 106.8557442, -6.2034276 ], [ 106.8557026, -6.2032116 ], [ 106.8556264, -6.2029853 ], [ 106.8555071, -6.202768 ], [ 106.8554431, -6.2026537 ], [ 106.8554049, -6.202597 ], [ 106.8553447, -6.202544 ], [ 106.8552285, -6.2024417 ], [ 106.8551588, -6.202399 ], [ 106.8550457, -6.2023628 ], [ 106.8547962, -6.2023414 ], [ 106.8544158, -6.2023084 ], [ 106.8540533, -6.202244 ], [ 106.8531494, -6.2019597 ], [ 106.8529214, -6.201881 ], [ 106.8528181, -6.2018637 ], [ 106.8527149, -6.2018667 ], [ 106.8525646, -6.2019117 ], [ 106.8524506, -6.2019784 ], [ 106.8522883, -6.2020814 ], [ 106.8518592, -6.2023734 ], [ 106.8517519, -6.2024143 ], [ 106.8516352, -6.202444 ], [ 106.8515869, -6.202434 ], [ 106.8515494, -6.2024101 ], [ 106.8514931, -6.2023694 ], [ 106.8514374, -6.2023034 ], [ 106.851357, -6.2021649 ], [ 106.8512437, -6.201928 ], [ 106.8511765, -6.2017679 ], [ 106.8510412, -6.2014174 ], [ 106.8505758, -6.2006135 ], [ 106.8503236, -6.2002828 ], [ 106.8496463, -6.1996824 ], [ 106.8492171, -6.1992046 ], [ 106.8489854, -6.1984793 ], [ 106.8487708, -6.1983769 ], [ 106.8479297, -6.1983769 ], [ 106.8474698, -6.1984109 ], [ 106.8470641, -6.1986635 ], [ 106.846649, -6.1990669 ], [ 106.8462574, -6.1993282 ], [ 106.8460598, -6.1994128 ], [ 106.8458404, -6.1994296 ], [ 106.8456392, -6.1993202 ], [ 106.8454284, -6.1991767 ], [ 106.8451456, -6.1988954 ], [ 106.8450064, -6.1986388 ], [ 106.8449505, -6.1982834 ], [ 106.845084, -6.1978896 ], [ 106.8459319, -6.1962347 ], [ 106.845852, -6.1958696 ], [ 106.8456954, -6.1957658 ], [ 106.8452596, -6.1957231 ], [ 106.8446588, -6.1957738 ], [ 106.8442913, -6.1957698 ], [ 106.8441028, -6.1957058 ], [ 106.843889, -6.1955098 ], [ 106.8437368, -6.1953059 ], [ 106.8436536, -6.1948532 ], [ 106.8436245, -6.1945844 ], [ 106.8436221, -6.1942025 ], [ 106.8436067, -6.1938145 ], [ 106.8437254, -6.1936246 ], [ 106.8439399, -6.1934379 ], [ 106.8441813, -6.1932459 ], [ 106.8444549, -6.1930379 ], [ 106.8448841, -6.1927872 ], [ 106.8452392, -6.1924775 ], [ 106.8453582, -6.1922733 ], [ 106.8454018, -6.1921371 ], [ 106.8451737, -6.1918379 ], [ 106.8435108, -6.1911073 ], [ 106.8430602, -6.1909715 ], [ 106.8426317, -6.1907213 ], [ 106.8413289, -6.1895926 ], [ 106.8412042, -6.1894633 ], [ 106.8410969, -6.1892527 ], [ 106.8410607, -6.1890607 ], [ 106.8410979, -6.18889 ], [ 106.8412026, -6.1887598 ], [ 106.8415937, -6.188471 ], [ 106.8417768, -6.1882525 ], [ 106.841845, -6.1880634 ], [ 106.8418522, -6.1878831 ], [ 106.8418149, -6.1877907 ], [ 106.8416825, -6.1875846 ], [ 106.8415589, -6.1875184 ], [ 106.8407193, -6.1872348 ], [ 106.8404829, -6.1870437 ], [ 106.8404731, -6.186802 ], [ 106.8406447, -6.1865497 ], [ 106.8406998, -6.1864335 ], [ 106.8408888, -6.185884 ], [ 106.8408396, -6.1857017 ], [ 106.8407648, -6.1855693 ], [ 106.8406206, -6.1854654 ], [ 106.8402263, -6.1854417 ], [ 106.8394914, -6.1854431 ], [ 106.8388852, -6.1856708 ], [ 106.838583, -6.1859028 ], [ 106.8382616, -6.1860481 ], [ 106.8380872, -6.186056 ], [ 106.8378168, -6.1860086 ], [ 106.837366, -6.1855002 ], [ 106.8365872, -6.1850484 ], [ 106.8364794, -6.1849779 ], [ 106.8362606, -6.1846778 ], [ 106.8361405, -6.1843837 ], [ 106.8361528, -6.1841233 ], [ 106.8362884, -6.1837527 ], [ 106.8366211, -6.1830206 ], [ 106.8368245, -6.1824049 ], [ 106.8368645, -6.1820159 ], [ 106.8368491, -6.1818597 ], [ 106.8362668, -6.1814829 ], [ 106.8353178, -6.1810755 ], [ 106.8351514, -6.1809132 ], [ 106.8350529, -6.1807171 ], [ 106.8350498, -6.1805395 ], [ 106.835133, -6.1803679 ], [ 106.835438, -6.1800708 ], [ 106.8356537, -6.1797951 ], [ 106.83582, -6.1796113 ], [ 106.836085, -6.1794122 ], [ 106.8362545, -6.1793356 ], [ 106.8364486, -6.1791886 ], [ 106.836541, -6.1791029 ], [ 106.8366519, -6.1788946 ], [ 106.8368183, -6.1784443 ], [ 106.8369076, -6.1780062 ], [ 106.8368768, -6.1778531 ], [ 106.8367197, -6.1777888 ], [ 106.8365441, -6.1778378 ], [ 106.8363099, -6.1779879 ], [ 106.8360049, -6.1781931 ], [ 106.8356937, -6.1783432 ], [ 106.8354472, -6.1783891 ], [ 106.8350128, -6.1783861 ], [ 106.8348649, -6.1783156 ], [ 106.8347293, -6.1782053 ], [ 106.8346307, -6.1780644 ], [ 106.8345845, -6.1778837 ], [ 106.8346123, -6.1777214 ], [ 106.834754, -6.1773323 ], [ 106.8349666, -6.1768484 ], [ 106.8350498, -6.1766033 ], [ 106.8350467, -6.1764532 ], [ 106.8349604, -6.1761745 ], [ 106.8348249, -6.1757793 ], [ 106.8345229, -6.175035 ], [ 106.8343599, -6.1747577 ], [ 106.8342395, -6.1746735 ], [ 106.8341131, -6.1747164 ], [ 106.8339622, -6.1748665 ], [ 106.833691, -6.175231 ], [ 106.8334137, -6.1755741 ], [ 106.8331272, -6.1757395 ], [ 106.8327544, -6.1757977 ], [ 106.8324001, -6.1756905 ], [ 106.8322645, -6.175571 ], [ 106.832206, -6.1754148 ], [ 106.8321844, -6.1752616 ], [ 106.8322121, -6.1751207 ], [ 106.8322707, -6.1749584 ], [ 106.8324063, -6.1744905 ], [ 106.8324414, -6.1741812 ], [ 106.832604, -6.1736033 ], [ 106.8326677, -6.1734731 ], [ 106.8331011, -6.1727421 ], [ 106.8331561, -6.1725858 ], [ 106.8331243, -6.1724491 ], [ 106.8330146, -6.17234 ], [ 106.8328128, -6.1722873 ], [ 106.8321538, -6.1722406 ], [ 106.8318747, -6.1721815 ], [ 106.8317263, -6.1721008 ], [ 106.83156, -6.171851 ], [ 106.8315115, -6.1717813 ], [ 106.8320982, -6.1710205 ], [ 106.8321832, -6.1708956 ], [ 106.8323354, -6.17082 ], [ 106.8324185, -6.1707285 ], [ 106.8324787, -6.1705332 ], [ 106.8323796, -6.170403 ], [ 106.8322451, -6.1702658 ], [ 106.8320692, -6.1701317 ], [ 106.8318204, -6.1696852 ], [ 106.8315868, -6.1688231 ], [ 106.8314771, -6.1683305 ], [ 106.831469, -6.1681956 ], [ 106.8316031, -6.1675628 ], [ 106.8317355, -6.1673661 ], [ 106.8380671, -6.1638007 ], [ 106.8381964, -6.1636034 ], [ 106.8368011, -6.1579664 ], [ 106.8345784, -6.1492606 ], [ 106.8344701, -6.1489878 ], [ 106.8341633, -6.1479886 ], [ 106.8339506, -6.1472079 ], [ 106.8339831, -6.1460805 ], [ 106.8339644, -6.1456241 ], [ 106.8339085, -6.1450563 ], [ 106.8329969, -6.1409939 ], [ 106.8328314, -6.1402308 ], [ 106.8323922, -6.1381645 ], [ 106.8317929, -6.1353409 ], [ 106.8313765, -6.1337063 ], [ 106.8306243, -6.1303092 ], [ 106.830372, -6.1291434 ], [ 106.829769, -6.1255293 ], [ 106.8297534, -6.1254457 ], [ 106.8295184, -6.1241869 ], [ 106.8291908, -6.1217876 ], [ 106.82902256217001, -6.120635755648523 ] ] } },
{ "type": "Feature", "properties": { "waterway": "drain", "name": "" }, "geometry": { "type": "LineString", "coordinates": [ [ 106.839861, -6.1699346 ], [ 106.8398852, -6.1700187 ], [ 106.8400961, -6.1707498 ], [ 106.840138, -6.1708951 ], [ 106.8402934, -6.1714338 ], [ 106.8403872, -6.171759 ], [ 106.8403921, -6.1720346 ], [ 106.8396679, -6.1728355 ], [ 106.8388536, -6.1737541 ], [ 106.8388402, -6.1737692 ], [ 106.8383322, -6.1739998 ] ] } },
{ "type": "Feature", "properties": { "waterway": "river", "name": "Kali Baru" }, "geometry": { "type": "LineString", "coordinates": [ [ 106.8454128, -6.1749562 ], [ 106.8455094, -6.1743775 ], [ 106.8456757, -6.1734442 ], [ 106.8458688, -6.1723909 ], [ 106.8459493, -6.1718069 ], [ 106.8460887, -6.1709562 ], [ 106.8461652, -6.1707275 ], [ 106.8462977, -6.1705583 ], [ 106.8469538, -6.1699195 ], [ 106.8482017, -6.1687081 ], [ 106.8483127, -6.168561 ], [ 106.8484114, -6.1684743 ], [ 106.8487511, -6.1681598 ] ] } },
{ "type": "Feature", "properties": { "waterway": "canal", "name": "" }, "geometry": { "type": "LineString", "coordinates": [ [ 106.8315115, -6.1717813 ], [ 106.8310774, -6.1715651 ], [ 106.8304347, -6.1712343 ], [ 106.8298276, -6.171049 ], [ 106.8297901, -6.1709552 ] ] } },
{ "type": "Feature", "properties": { "waterway": "river", "name": "Krukut" }, "geometry": { "type": "LineString", "coordinates": [ [ 106.8217018, -6.1713196 ], [ 106.8214658, -6.170749 ], [ 106.8212941, -6.1706076 ] ] } },
{ "type": "Feature", "properties": { "waterway": "drain", "name": "" }, "geometry": { "type": "LineString", "coordinates": [ [ 106.8397647, -6.1695885 ], [ 106.8398216, -6.1697931 ], [ 106.839861, -6.1699346 ] ] } },
{ "type": "Feature", "properties": { "waterway": "canal", "name": "Ciliwung Gajah Mada" }, "geometry": { "type": "LineString", "coordinates": [ [ 106.8297901, -6.1709552 ], [ 106.8301347, -6.1697877 ], [ 106.8303099, -6.1690058 ], [ 106.8303512, -6.1686183 ], [ 106.8303096, -6.168417 ], [ 106.830248, -6.1683157 ], [ 106.8300915, -6.1681272 ] ] } },
{ "type": "Feature", "properties": { "waterway": "canal", "name": "Ciliwung Gajah Mada" }, "geometry": { "type": "LineString", "coordinates": [ [ 106.8300915, -6.1681272 ], [ 106.8259402, -6.1672691 ], [ 106.8255002, -6.1672048 ], [ 106.8253057, -6.1671914 ], [ 106.8241161, -6.1673355 ], [ 106.822323, -6.1674744 ], [ 106.8212749, -6.1674731 ], [ 106.8211187, -6.1674294 ] ] } },
{ "type": "Feature", "properties": { "waterway": "river", "name": "" }, "geometry": { "type": "LineString", "coordinates": [ [ 106.8953098, -6.1715847 ], [ 106.8947767, -6.1725108 ], [ 106.8947599, -6.1725399 ] ] } },
{ "type": "Feature", "properties": { "waterway": "river", "name": "" }, "geometry": { "type": "LineString", "coordinates": [ [ 106.8953313, -6.1715474 ], [ 106.8953098, -6.1715847 ] ] } },
{ "type": "Feature", "properties": { "waterway": "river", "name": "" }, "geometry": { "type": "LineString", "coordinates": [ [ 106.8954269, -6.1713813 ], [ 106.8953313, -6.1715474 ] ] } },
{ "type": "Feature", "properties": { "waterway": "drain", "name": "" }, "geometry": { "type": "LineString", "coordinates": [ [ 106.8795177, -6.1668237 ], [ 106.879262, -6.167107 ], [ 106.8791086, -6.167277 ], [ 106.8789129, -6.167477 ], [ 106.8787071, -6.1677178 ], [ 106.8784845, -6.1682876 ], [ 106.87847, -6.1683281 ], [ 106.8783145, -6.1687628 ], [ 106.8782651, -6.1689837 ], [ 106.8781833, -6.1693491 ], [ 106.8779003, -6.1701576 ], [ 106.8777664, -6.1705402 ], [ 106.877628, -6.1709357 ], [ 106.8774012, -6.1717114 ], [ 106.8773952, -6.171736 ], [ 106.8768212, -6.1740887 ], [ 106.8768019, -6.1741677 ], [ 106.8765122, -6.175309 ], [ 106.8763728, -6.176013 ] ] } },
{ "type": "Feature", "properties": { "waterway": "river", "name": "" }, "geometry": { "type": "LineString", "coordinates": [ [ 106.8955138, -6.1714323 ], [ 106.8954269, -6.1713813 ] ] } },
{ "type": "Feature", "properties": { "waterway": "river", "name": "" }, "geometry": { "type": "LineString", "coordinates": [ [ 106.8987669, -6.1660478 ], [ 106.8955138, -6.1714323 ] ] } },
{ "type": "Feature", "properties": { "waterway": "river", "name": "Sunter" }, "geometry": { "type": "LineString", "coordinates": [ [ 106.8969908, -6.177431 ], [ 106.8968232, -6.1772284 ], [ 106.8965864, -6.1770356 ], [ 106.8952131, -6.1761822 ], [ 106.8948805, -6.1758729 ], [ 106.8944514, -6.1754782 ], [ 106.8936595, -6.1749279 ], [ 106.893468, -6.1747837 ], [ 106.8929514, -6.1743945 ], [ 106.8917712, -6.1729653 ], [ 106.888529, -6.1709983 ], [ 106.8878493, -6.1706187 ], [ 106.8869626, -6.1701236 ], [ 106.8816148, -6.1667587 ], [ 106.8810886, -6.1664276 ], [ 106.8807727, -6.1660417 ], [ 106.8806219, -6.1657876 ], [ 106.8805836, -6.1655375 ], [ 106.8805785, -6.1652393 ], [ 106.8806111, -6.1650143 ], [ 106.8806654, -6.1647335 ], [ 106.8807507, -6.1644718 ], [ 106.8808794, -6.1641715 ], [ 106.8813867, -6.1634179 ], [ 106.8820719, -6.1623959 ], [ 106.8821059, -6.1623381 ], [ 106.8835159, -6.1599431 ] ] } },
{ "type": "Feature", "properties": { "waterway": "river", "name": "" }, "geometry": { "type": "LineString", "coordinates": [ [ 106.8796692, -6.1662783 ], [ 106.8795177, -6.1668237 ] ] } },
{ "type": "Feature", "properties": { "waterway": "river", "name": "" }, "geometry": { "type": "LineString", "coordinates": [ [ 106.8988182, -6.1659629 ], [ 106.8987669, -6.1660478 ] ] } },
{ "type": "Feature", "properties": { "waterway": "river", "name": "" }, "geometry": { "type": "LineString", "coordinates": [ [ 106.8800113, -6.165539 ], [ 106.8799173, -6.1657686 ], [ 106.8798253, -6.1659768 ], [ 106.8797019, -6.1662276 ], [ 106.8796692, -6.1662783 ] ] } },
{ "type": "Feature", "properties": { "waterway": "river", "name": "Kali Utan Kayu" }, "geometry": { "type": "LineString", "coordinates": [ [ 106.8642611, -6.176243 ], [ 106.8642591, -6.1749569 ], [ 106.8642926, -6.1747249 ], [ 106.8644066, -6.174437 ], [ 106.8646011, -6.1741623 ], [ 106.8647727, -6.174045 ], [ 106.8659851, -6.1734263 ], [ 106.8660924, -6.1733303 ], [ 106.8661997, -6.1729996 ], [ 106.8661997, -6.1728503 ], [ 106.8654464, -6.1712116 ] ] } },
{ "type": "Feature", "properties": { "waterway": "river", "name": "Kali Utan Kayu" }, "geometry": { "type": "LineString", "coordinates": [ [ 106.8654464, -6.1712116 ], [ 106.8654121, -6.1711369 ], [ 106.8653765, -6.1710596 ], [ 106.8653557, -6.1710142 ], [ 106.8652519, -6.1707884 ] ] } },
{ "type": "Feature", "properties": { "waterway": "river", "name": "Kali Sunter" }, "geometry": { "type": "LineString", "coordinates": [ [ 106.8520548, -6.1744103 ], [ 106.8523122, -6.1690604 ], [ 106.8524829, -6.1647129 ], [ 106.8525156, -6.1646069 ], [ 106.8532164, -6.1634449 ] ] } },
{ "type": "Feature", "properties": { "waterway": "drain", "name": "" }, "geometry": { "type": "LineString", "coordinates": [ [ 106.8634296, -6.1672623 ], [ 106.8637478, -6.1674775 ], [ 106.8641562, -6.1677234 ], [ 106.8642956, -6.1678074 ], [ 106.8643604, -6.167862 ], [ 106.8646961, -6.168026 ], [ 106.8652411, -6.1683296 ], [ 106.866102, -6.1688693 ], [ 106.8663435, -6.169004 ], [ 106.8665752, -6.1691407 ], [ 106.8668657, -6.1693495 ], [ 106.8670425, -6.1694803 ], [ 106.8670738, -6.1695127 ], [ 106.8671047, -6.1695513 ] ] } },
{ "type": "Feature", "properties": { "waterway": "drain", "name": "" }, "geometry": { "type": "LineString", "coordinates": [ [ 106.8632991, -6.1671927 ], [ 106.8634296, -6.1672623 ] ] } },
{ "type": "Feature", "properties": { "waterway": "river", "name": "Kali Utan Kayu" }, "geometry": { "type": "LineString", "coordinates": [ [ 106.8652519, -6.1707884 ], [ 106.8651161, -6.170493 ], [ 106.8651449, -6.170419 ], [ 106.8652294, -6.1703646 ], [ 106.8654722, -6.170275 ], [ 106.866269, -6.169915 ], [ 106.8668283, -6.1696616 ], [ 106.8671047, -6.1695513 ], [ 106.8691662, -6.1685624 ], [ 106.8709933, -6.1677508 ], [ 106.8726906, -6.167037 ], [ 106.8734669, -6.1667695 ], [ 106.8745789, -6.1663863 ], [ 106.8759396, -6.16599 ], [ 106.8760684, -6.1659525 ], [ 106.8761758, -6.1659213 ], [ 106.8763851, -6.1658603 ], [ 106.8765342, -6.1658169 ], [ 106.8771612, -6.1656837 ], [ 106.8777634, -6.165481 ], [ 106.8781972, -6.1651676 ], [ 106.8788534, -6.1646782 ], [ 106.8790513, -6.1645305 ], [ 106.8790623, -6.1645223 ], [ 106.8794795, -6.164301 ], [ 106.8797006, -6.1641356 ], [ 106.8797069, -6.1641265 ], [ 106.8797824, -6.1640183 ], [ 106.8799755, -6.1637196 ], [ 106.8800548, -6.1635669 ], [ 106.8800962, -6.1634796 ], [ 106.880119, -6.1633675 ], [ 106.8800758, -6.1631095 ], [ 106.8801527, -6.162821 ] ] } },
{ "type": "Feature", "properties": { "waterway": "river", "name": "Kali Baru" }, "geometry": { "type": "LineString", "coordinates": [ [ 106.8487511, -6.1681598 ], [ 106.8501231, -6.1667963 ], [ 106.8509358, -6.1659937 ], [ 106.8519766, -6.1649651 ] ] } },
{ "type": "Feature", "properties": { "waterway": "river", "name": "Kali Baru" }, "geometry": { "type": "LineString", "coordinates": [ [ 106.8519766, -6.1649651 ], [ 106.8519812, -6.1649611 ] ] } },
{ "type": "Feature", "properties": { "waterway": "river", "name": "" }, "geometry": { "type": "LineString", "coordinates": [ [ 106.8519812, -6.1649611 ], [ 106.8523102, -6.1646561 ], [ 106.8525156, -6.1646069 ] ] } },
{ "type": "Feature", "properties": { "waterway": "drain", "name": "" }, "geometry": { "type": "LineString", "coordinates": [ [ 106.8668373, -6.15768 ], [ 106.86673, -6.1577973 ], [ 106.8665691, -6.15816 ], [ 106.8663151, -6.1585258 ], [ 106.866258, -6.158608 ], [ 106.8660005, -6.15912 ], [ 106.8654558, -6.1601722 ], [ 106.8650308, -6.1608614 ], [ 106.8644663, -6.1618294 ], [ 106.8644265, -6.1619904 ], [ 106.8644056, -6.1620369 ], [ 106.8642731, -6.1622241 ], [ 106.8641015, -6.1626294 ], [ 106.8639519, -6.1627981 ], [ 106.8639126, -6.1629225 ], [ 106.8638682, -6.1630668 ], [ 106.8638268, -6.1631226 ], [ 106.8637796, -6.1631948 ], [ 106.8637125, -6.1632948 ], [ 106.863413, -6.1637939 ], [ 106.8631445, -6.1642821 ], [ 106.8630725, -6.1644013 ], [ 106.8630013, -6.1645312 ], [ 106.8628083, -6.1648642 ], [ 106.8621388, -6.1661683 ], [ 106.8620759, -6.166262 ], [ 106.8621211, -6.1662854 ], [ 106.8620461, -6.1664691 ], [ 106.8620739, -6.1665292 ], [ 106.862182, -6.1665899 ], [ 106.8622723, -6.166627 ], [ 106.8623631, -6.1666597 ], [ 106.8623537, -6.166717 ], [ 106.8624122, -6.1667465 ], [ 106.8624629, -6.1667287 ], [ 106.8626823, -6.1668576 ], [ 106.8628472, -6.1669729 ], [ 106.8629891, -6.167031 ], [ 106.8631207, -6.1670886 ], [ 106.8632261, -6.1671637 ], [ 106.8632991, -6.1671927 ] ] } },
{ "type": "Feature", "properties": { "waterway": "river", "name": "" }, "geometry": { "type": "LineString", "coordinates": [ [ 106.8801486, -6.1651266 ], [ 106.8800113, -6.165539 ] ] } },
{ "type": "Feature", "properties": { "waterway": "river", "name": "" }, "geometry": { "type": "LineString", "coordinates": [ [ 106.8820719, -6.1623959 ], [ 106.8816192, -6.1626077 ], [ 106.8813831, -6.162969 ], [ 106.8811759, -6.1632924 ], [ 106.8811353, -6.163369 ], [ 106.8810223, -6.1635821 ], [ 106.8809862, -6.1636503 ], [ 106.8809035, -6.1637831 ], [ 106.8807072, -6.1640983 ], [ 106.8805305, -6.1644496 ], [ 106.8805034, -6.1645036 ], [ 106.8803548, -6.1647646 ], [ 106.8801731, -6.1650836 ], [ 106.8801486, -6.1651266 ] ] } },
{ "type": "Feature", "properties": { "waterway": "river", "name": "" }, "geometry": { "type": "LineString", "coordinates": [ [ 106.8796845, -6.1629344 ], [ 106.8798714, -6.1628891 ] ] } },
{ "type": "Feature", "properties": { "waterway": "river", "name": "Kali Item Sunter" }, "geometry": { "type": "LineString", "coordinates": [ [ 106.8798714, -6.1628891 ], [ 106.8801527, -6.162821 ], [ 106.8803287, -6.1627809 ] ] } },
{ "type": "Feature", "properties": { "waterway": "river", "name": "Kali Item Sunter" }, "geometry": { "type": "LineString", "coordinates": [ [ 106.8803287, -6.1627809 ], [ 106.8804362, -6.1627559 ], [ 106.8804673, -6.1627484 ] ] } },
{ "type": "Feature", "properties": { "waterway": "river", "name": "Kali Item Sunter" }, "geometry": { "type": "LineString", "coordinates": [ [ 106.8804673, -6.1627484 ], [ 106.8810336, -6.1626109 ] ] } },
{ "type": "Feature", "properties": { "waterway": "river", "name": "Kali Item Sunter" }, "geometry": { "type": "LineString", "coordinates": [ [ 106.8810336, -6.1626109 ], [ 106.8810669, -6.1626021 ] ] } },
{ "type": "Feature", "properties": { "waterway": "river", "name": "Kali Item Sunter" }, "geometry": { "type": "LineString", "coordinates": [ [ 106.8810669, -6.1626021 ], [ 106.881599, -6.1624604 ] ] } },
{ "type": "Feature", "properties": { "waterway": "river", "name": "Kali Item Sunter" }, "geometry": { "type": "LineString", "coordinates": [ [ 106.881599, -6.1624604 ], [ 106.8816203, -6.1624549 ], [ 106.8816889, -6.1624384 ] ] } },
{ "type": "Feature", "properties": { "waterway": "river", "name": "Kali Item Sunter" }, "geometry": { "type": "LineString", "coordinates": [ [ 106.8816889, -6.1624384 ], [ 106.8821059, -6.1623381 ] ] } },
{ "type": "Feature", "properties": { "waterway": "river", "name": "" }, "geometry": { "type": "LineString", "coordinates": [ [ 106.7692258, -6.2246447 ], [ 106.7692406, -6.2244647 ], [ 106.7693271, -6.2237127 ], [ 106.7693707, -6.2233646 ], [ 106.7694455, -6.2229048 ], [ 106.7695233, -6.2228275 ], [ 106.7696185, -6.2224516 ], [ 106.7695313, -6.2220436 ], [ 106.7693785, -6.221913 ], [ 106.7693627, -6.221817 ] ] } },
{ "type": "Feature", "properties": { "waterway": "river", "name": "" }, "geometry": { "type": "LineString", "coordinates": [ [ 106.7693627, -6.221817 ], [ 106.7693491, -6.2217345 ] ] } },
{ "type": "Feature", "properties": { "waterway": "river", "name": "" }, "geometry": { "type": "LineString", "coordinates": [ [ 106.7693491, -6.2217345 ], [ 106.7693274, -6.2216024 ], [ 106.7691469, -6.2213448 ] ] } },
{ "type": "Feature", "properties": { "waterway": "river", "name": "" }, "geometry": { "type": "LineString", "coordinates": [ [ 106.7691469, -6.2213448 ], [ 106.7690963, -6.2212726 ] ] } },
{ "type": "Feature", "properties": { "waterway": "river", "name": "" }, "geometry": { "type": "LineString", "coordinates": [ [ 106.7690963, -6.2212726 ], [ 106.7689026, -6.2210905 ], [ 106.7688154, -6.2209773 ], [ 106.7686128, -6.2206692 ], [ 106.7684599, -6.2204839 ], [ 106.7683647, -6.2204093 ], [ 106.7680804, -6.2201334 ], [ 106.7678698, -6.220048 ], [ 106.7676969, -6.2196587 ], [ 106.7674741, -6.2194265 ], [ 106.7673773, -6.2191477 ], [ 106.7673004, -6.2188564 ], [ 106.7672194, -6.2181935 ], [ 106.7671537, -6.2174723 ], [ 106.7672782, -6.2168295 ], [ 106.7674702, -6.216783 ] ] } },
{ "type": "Feature", "properties": { "waterway": "river", "name": "Pesanggrahan" }, "geometry": { "type": "LineString", "coordinates": [ [ 106.765673, -6.2222038 ], [ 106.7655122, -6.2222068 ], [ 106.765421, -6.2220948 ], [ 106.7654022, -6.2219481 ], [ 106.7654586, -6.2218975 ], [ 106.7655257, -6.2217481 ], [ 106.7654639, -6.2216095 ], [ 106.7653191, -6.2214069 ], [ 106.7653019, -6.2211234 ], [ 106.7653049, -6.2209429 ], [ 106.7652845, -6.2207677 ], [ 106.7652818, -6.2205323 ], [ 106.7652995, -6.2204157 ], [ 106.7653137, -6.2203251 ], [ 106.765322, -6.2201654 ], [ 106.765339, -6.2200227 ], [ 106.7653521, -6.2197561 ], [ 106.7653352, -6.2194231 ], [ 106.765281, -6.2191431 ], [ 106.7652351, -6.2189967 ], [ 106.7651901, -6.2188692 ], [ 106.7651563, -6.2187517 ], [ 106.7650576, -6.2185224 ], [ 106.7649597, -6.2182712 ], [ 106.7648025, -6.2179018 ], [ 106.7646571, -6.2176048 ], [ 106.7645984, -6.2174286 ], [ 106.7644187, -6.2171059 ], [ 106.7641537, -6.2167993 ], [ 106.7637718, -6.2167273 ], [ 106.7636153, -6.2165972 ], [ 106.76347, -6.2163247 ], [ 106.7631664, -6.2159908 ], [ 106.7630773, -6.2155407 ], [ 106.7630425, -6.2152919 ], [ 106.7631701, -6.2149221 ], [ 106.7636929, -6.2143481 ], [ 106.7640919, -6.2140133 ], [ 106.7644548, -6.2138086 ], [ 106.7647295, -6.2135889 ], [ 106.7650822, -6.2133385 ], [ 106.7654907, -6.2129063 ], [ 106.7657981, -6.2124695 ], [ 106.7660808, -6.2118717 ], [ 106.7661905, -6.2115277 ], [ 106.7661023, -6.2109648 ], [ 106.7660427, -6.2105921 ], [ 106.7659575, -6.2103355 ], [ 106.7658877, -6.2101012 ], [ 106.7654908, -6.2093596 ], [ 106.7653915, -6.2092476 ], [ 106.7653191, -6.2091969 ], [ 106.7652279, -6.2091756 ], [ 106.764898, -6.2091676 ], [ 106.7647622, -6.2091382 ], [ 106.7646915, -6.2090903 ], [ 106.7646536, -6.2089767 ], [ 106.7649227, -6.2083839 ], [ 106.7648089, -6.2079512 ], [ 106.7647761, -6.2078885 ], [ 106.7646532, -6.207654 ], [ 106.7645685, -6.2073737 ], [ 106.764541, -6.2071094 ], [ 106.7645074, -6.2068766 ], [ 106.7644584, -6.2067374 ], [ 106.7642297, -6.2063114 ], [ 106.7641489, -6.2060571 ], [ 106.7641113, -6.2057228 ], [ 106.7640458, -6.2054404 ], [ 106.7640137, -6.2053162 ], [ 106.7639224, -6.205163 ], [ 106.7636524, -6.205034 ], [ 106.7635926, -6.2048927 ], [ 106.7636583, -6.2047095 ], [ 106.7639909, -6.2045069 ], [ 106.7642256, -6.2043345 ], [ 106.7643208, -6.2040962 ], [ 106.7643423, -6.2033896 ], [ 106.7641901, -6.2027473 ], [ 106.7639587, -6.202619 ], [ 106.7638407, -6.2025337 ], [ 106.7638793, -6.2020991 ], [ 106.763603, -6.2012484 ], [ 106.7633257, -6.2009977 ], [ 106.7630632, -6.2004534 ], [ 106.7630364, -6.1993819 ], [ 106.7629947, -6.1991881 ], [ 106.7628722, -6.1989019 ], [ 106.7628696, -6.1986514 ], [ 106.762908, -6.198393 ], [ 106.7628652, -6.1982846 ], [ 106.762573, -6.1973979 ], [ 106.7624336, -6.1970993 ], [ 106.7620122, -6.196678 ], [ 106.7619079, -6.196438 ], [ 106.7616984, -6.1961657 ], [ 106.7614052, -6.1961873 ], [ 106.7611397, -6.1963756 ], [ 106.760784, -6.1966905 ], [ 106.7602985, -6.196374 ], [ 106.7598428, -6.195441 ], [ 106.7591532, -6.1947368 ], [ 106.7582536, -6.1941021 ], [ 106.7579103, -6.1937714 ], [ 106.75706, -6.1925288 ], [ 106.7569216, -6.1920755 ], [ 106.7569404, -6.1917342 ], [ 106.7570415, -6.1912939 ] ] } },
{ "type": "Feature", "properties": { "waterway": "river", "name": "Humble River" }, "geometry": { "type": "LineString", "coordinates": [ [ 106.7457702, -6.1918091 ], [ 106.7457604, -6.1918726 ], [ 106.7457926, -6.1923205 ], [ 106.7459331, -6.1931416 ], [ 106.7459428, -6.1934298 ], [ 106.7460868, -6.1953711 ], [ 106.7461042, -6.1956419 ], [ 106.7461125, -6.1957707 ], [ 106.746128, -6.1960128 ], [ 106.7461495, -6.1963478 ], [ 106.7461793, -6.1968116 ], [ 106.7461898, -6.1969643 ], [ 106.7461896, -6.197291 ], [ 106.7462244, -6.1979657 ], [ 106.7461842, -6.1987495 ], [ 106.7460823, -6.1989229 ], [ 106.7459321, -6.1990828 ], [ 106.7457175, -6.1990828 ], [ 106.7445159, -6.1990509 ], [ 106.7442691, -6.1991042 ], [ 106.7439902, -6.1993282 ], [ 106.743958, -6.1995309 ], [ 106.7439151, -6.2015787 ], [ 106.743905, -6.2025839 ], [ 106.74384, -6.2052159 ], [ 106.7437756, -6.2076263 ], [ 106.7437219, -6.2095569 ], [ 106.7437496, -6.210001 ], [ 106.7437976, -6.2101941 ], [ 106.7439286, -6.210638 ], [ 106.7453742, -6.2134712 ], [ 106.7466294, -6.2152631 ], [ 106.746996, -6.2155106 ], [ 106.7472743, -6.2157739 ], [ 106.7474505, -6.2159879 ], [ 106.7479657, -6.2175958 ], [ 106.7480181, -6.2187197 ], [ 106.7481231, -6.2187788 ], [ 106.7480092, -6.2191282 ], [ 106.7474878, -6.2199347 ], [ 106.7472517, -6.2202974 ], [ 106.7472436, -6.2207239 ], [ 106.7473174, -6.2209099 ], [ 106.747485, -6.2212192 ] ] } },
{ "type": "Feature", "properties": { "waterway": "river", "name": "Pesanggrahan" }, "geometry": { "type": "LineString", "coordinates": [ [ 106.7570415, -6.1912939 ], [ 106.7571461, -6.1908116 ], [ 106.7571544, -6.1902214 ] ] } },
{ "type": "Feature", "properties": { "waterway": "river", "name": "" }, "geometry": { "type": "LineString", "coordinates": [ [ 106.7717551, -6.211348 ], [ 106.7716777, -6.211193 ], [ 106.7715754, -6.2109698 ], [ 106.7714903, -6.2107036 ], [ 106.7714825, -6.2103078 ], [ 106.7714744, -6.2101371 ], [ 106.7715147, -6.2100305 ], [ 106.7715495, -6.2097718 ], [ 106.7715013, -6.2095638 ], [ 106.7715468, -6.2094038 ], [ 106.7716863, -6.2092412 ], [ 106.7717722, -6.2089945 ], [ 106.7719385, -6.2085626 ], [ 106.7721208, -6.2081999 ], [ 106.7721963, -6.2079676 ], [ 106.772207, -6.207381 ], [ 106.7722177, -6.2072317 ], [ 106.7723036, -6.2071037 ], [ 106.7723673, -6.2068399 ], [ 106.7724037, -6.2066282 ], [ 106.7724149, -6.2065641 ], [ 106.772443, -6.2065171 ], [ 106.7726019, -6.2063552 ], [ 106.7726791, -6.2062801 ], [ 106.7727178, -6.2062458 ], [ 106.7727838, -6.2062041 ], [ 106.772878, -6.206134 ], [ 106.7729892, -6.2060588 ], [ 106.773064, -6.2059985 ], [ 106.7731189, -6.2059198 ], [ 106.7731659, -6.2058489 ], [ 106.7732287, -6.2058376 ], [ 106.7733483, -6.2058585 ], [ 106.7734971, -6.2058664 ], [ 106.7735102, -6.2056801 ], [ 106.7735263, -6.2055814 ], [ 106.7736474, -6.2055252 ], [ 106.773735, -6.2053673 ], [ 106.7738517, -6.2052226 ], [ 106.7739586, -6.2051045 ], [ 106.7740476, -6.2049551 ], [ 106.7740416, -6.2047572 ], [ 106.7740202, -6.2046292 ], [ 106.7740738, -6.2044906 ], [ 106.7739558, -6.2043306 ], [ 106.7739021, -6.2042239 ], [ 106.7738807, -6.2040746 ], [ 106.7738973, -6.203819 ], [ 106.7739169, -6.2037266 ], [ 106.7739821, -6.203652 ], [ 106.7741053, -6.2035486 ], [ 106.7741825, -6.2034773 ], [ 106.7742133, -6.2032533 ], [ 106.7742359, -6.2031411 ], [ 106.7742669, -6.2030827 ], [ 106.7743957, -6.2028267 ], [ 106.7744037, -6.2027606 ], [ 106.7745245, -6.2026626 ], [ 106.7746371, -6.202516 ], [ 106.774745, -6.2025014 ], [ 106.7748248, -6.202368 ], [ 106.7748937, -6.2022531 ], [ 106.774912, -6.2022394 ], [ 106.7749321, -6.2022401 ], [ 106.7751803, -6.2020627 ], [ 106.7752982, -6.2019253 ], [ 106.7753908, -6.2017974 ], [ 106.7755115, -6.2016747 ], [ 106.7756067, -6.2015734 ], [ 106.776056, -6.2010628 ], [ 106.7760855, -6.2009841 ], [ 106.7765763, -6.2004562 ], [ 106.776807, -6.2002829 ], [ 106.7768499, -6.2002241 ], [ 106.7771329, -6.1997815 ], [ 106.7774092, -6.1993562 ], [ 106.7775714, -6.1991776 ], [ 106.7777753, -6.1988162 ], [ 106.7778825, -6.1983789 ], [ 106.7779147, -6.1981123 ], [ 106.7779362, -6.1977603 ], [ 106.7780864, -6.1974936 ], [ 106.7783868, -6.1968643 ], [ 106.7785477, -6.1964803 ], [ 106.7792773, -6.1952537 ], [ 106.7794463, -6.1948297 ], [ 106.7796501, -6.1942991 ], [ 106.7798567, -6.1938778 ], [ 106.780039, -6.1935152 ], [ 106.7806291, -6.1922032 ], [ 106.7809724, -6.1914779 ], [ 106.7810476, -6.1912859 ], [ 106.7811763, -6.1909446 ], [ 106.7813265, -6.1906352 ], [ 106.7815625, -6.1903686 ], [ 106.7817878, -6.1901126 ], [ 106.7819488, -6.1898353 ], [ 106.7822224, -6.1895473 ], [ 106.78285, -6.188518 ], [ 106.7829305, -6.18831 ], [ 106.782968, -6.18799 ], [ 106.7830538, -6.1877607 ], [ 106.7831397, -6.1875473 ], [ 106.7831397, -6.1873981 ], [ 106.7831504, -6.1870407 ], [ 106.7831008, -6.1865474 ], [ 106.7830244, -6.1862394 ], [ 106.7828675, -6.1857954 ], [ 106.7824959, -6.1850034 ], [ 106.7821593, -6.1844948 ], [ 106.7803716, -6.1812062 ], [ 106.7798888, -6.1803422 ], [ 106.7798567, -6.1800009 ], [ 106.7795802, -6.1666858 ], [ 106.7795762, -6.1664913 ] ] } },
{ "type": "Feature", "properties": { "waterway": "river", "name": "Pesanggrahan" }, "geometry": { "type": "LineString", "coordinates": [ [ 106.7571544, -6.1902214 ], [ 106.7571866, -6.1901873 ], [ 106.7574441, -6.1897527 ], [ 106.7577017, -6.1894247 ], [ 106.7577982, -6.1891847 ], [ 106.757833, -6.188942 ], [ 106.7579484, -6.188686 ], [ 106.7579242, -6.1883527 ], [ 106.7579604, -6.1880847 ], [ 106.7581375, -6.1877194 ], [ 106.7581375, -6.1876314 ], [ 106.7580885, -6.187544 ], [ 106.757939, -6.1874261 ], [ 106.7577995, -6.1873847 ], [ 106.7577016, -6.1874033 ], [ 106.7575085, -6.1875421 ], [ 106.757369, -6.1875633 ], [ 106.7572296, -6.187518 ], [ 106.7571464, -6.1874141 ], [ 106.7570364, -6.1869874 ], [ 106.7570069, -6.1867501 ], [ 106.7569238, -6.1866141 ], [ 106.7567253, -6.1864221 ], [ 106.7566824, -6.1862087 ], [ 106.7568004, -6.1859207 ], [ 106.7568862, -6.1857394 ], [ 106.7568969, -6.1855794 ], [ 106.7568111, -6.1853981 ], [ 106.7566395, -6.1852488 ], [ 106.7565, -6.1850461 ], [ 106.7564892, -6.1848861 ], [ 106.7565858, -6.1840222 ], [ 106.7566576, -6.1837358 ], [ 106.7568403, -6.1835929 ], [ 106.7572068, -6.1835405 ], [ 106.7577144, -6.1832947 ], [ 106.7577872, -6.1830947 ], [ 106.7576909, -6.1829022 ], [ 106.7573046, -6.1826248 ], [ 106.7560386, -6.1818889 ], [ 106.7557704, -6.1816115 ], [ 106.7556417, -6.1813235 ], [ 106.7555666, -6.1809608 ], [ 106.7554915, -6.1807795 ], [ 106.7553198, -6.1807048 ], [ 106.7550409, -6.1808009 ], [ 106.7548906, -6.1808328 ], [ 106.7547512, -6.1807902 ], [ 106.7547083, -6.1805768 ], [ 106.7547297, -6.1804276 ], [ 106.7547404, -6.1802676 ], [ 106.7547083, -6.1800755 ], [ 106.7545711, -6.1799903 ], [ 106.7545366, -6.1799689 ], [ 106.7543839, -6.1799832 ], [ 106.7543429, -6.1798542 ], [ 106.7542684, -6.1797342 ], [ 106.754204, -6.1794889 ], [ 106.7544079, -6.1789449 ], [ 106.7546117, -6.1786249 ], [ 106.7547512, -6.1783049 ], [ 106.754728, -6.1780443 ], [ 106.754632, -6.1773771 ], [ 106.7543614, -6.176903 ], [ 106.7543206, -6.1764875 ], [ 106.754257, -6.1762043 ], [ 106.7541772, -6.1760009 ], [ 106.7539553, -6.1758179 ], [ 106.7537078, -6.1757916 ], [ 106.7535348, -6.1757183 ], [ 106.753197, -6.1755235 ], [ 106.7527878, -6.1752703 ], [ 106.7523962, -6.1750996 ], [ 106.7519778, -6.1749182 ], [ 106.7515433, -6.174673 ], [ 106.7511892, -6.174481 ], [ 106.7508191, -6.1742943 ], [ 106.7505884, -6.1741716 ], [ 106.7504167, -6.174081 ], [ 106.7503684, -6.1739796 ], [ 106.7502987, -6.173825 ], [ 106.7501968, -6.1737609 ], [ 106.7500359, -6.1737503 ], [ 106.7499298, -6.1737452 ], [ 106.7499232, -6.1737449 ], [ 106.7498059, -6.1737503 ] ] } },
{ "type": "Feature", "properties": { "waterway": "river", "name": "Kanal Banjir Barat" }, "geometry": { "type": "LineString", "coordinates": [ [ 106.8147387, -6.200811 ], [ 106.8138843, -6.2006148 ], [ 106.8128197, -6.2003762 ], [ 106.8121485, -6.2000637 ], [ 106.8117027, -6.1997736 ], [ 106.8111966, -6.1993354 ], [ 106.8101393, -6.1983082 ], [ 106.8099747, -6.198131 ], [ 106.8098396, -6.1979856 ], [ 106.8097796, -6.1974844 ], [ 106.8097038, -6.1969616 ], [ 106.8095069, -6.1959644 ], [ 106.8093782, -6.1925683 ], [ 106.8097644, -6.1908787 ], [ 106.8104339, -6.1894537 ], [ 106.8107086, -6.1885578 ], [ 106.8106485, -6.1871071 ], [ 106.8103052, -6.1842059 ], [ 106.809985, -6.1804103 ] ] } },
{ "type": "Feature", "properties": { "waterway": "river", "name": "Kali Cideng" }, "geometry": { "type": "LineString", "coordinates": [ [ 106.8200344, -6.1829931 ], [ 106.8198707, -6.1829465 ] ] } },
{ "type": "Feature", "properties": { "waterway": "river", "name": "Kali Cideng" }, "geometry": { "type": "LineString", "coordinates": [ [ 106.8198707, -6.1829465 ], [ 106.8193575, -6.1827925 ], [ 106.8168517, -6.1820815 ] ] } },
{ "type": "Feature", "properties": { "waterway": "river", "name": "Kali Cideng" }, "geometry": { "type": "LineString", "coordinates": [ [ 106.8157041, -6.1821921 ], [ 106.8153251, -6.1820457 ], [ 106.8146975, -6.1818593 ] ] } },
{ "type": "Feature", "properties": { "waterway": "river", "name": "" }, "geometry": { "type": "LineString", "coordinates": [ [ 106.8168517, -6.1820815 ], [ 106.8169158, -6.1819698 ] ] } },
{ "type": "Feature", "properties": { "waterway": "river", "name": "" }, "geometry": { "type": "LineString", "coordinates": [ [ 106.8168517, -6.1820815 ], [ 106.8165759, -6.1819446 ] ] } },
{ "type": "Feature", "properties": { "waterway": "river", "name": "" }, "geometry": { "type": "LineString", "coordinates": [ [ 106.8165759, -6.1819446 ], [ 106.8163264, -6.1817961 ], [ 106.8157041, -6.1821921 ] ] } },
{ "type": "Feature", "properties": { "waterway": "river", "name": "" }, "geometry": { "type": "LineString", "coordinates": [ [ 106.8169158, -6.1819698 ], [ 106.8169702, -6.1818749 ] ] } },
{ "type": "Feature", "properties": { "waterway": "river", "name": "" }, "geometry": { "type": "LineString", "coordinates": [ [ 106.8169702, -6.1818749 ], [ 106.8170427, -6.1817484 ] ] } },
{ "type": "Feature", "properties": { "waterway": "river", "name": "Kali Cideng" }, "geometry": { "type": "LineString", "coordinates": [ [ 106.8146975, -6.1818593 ], [ 106.8142293, -6.1816951 ] ] } },
{ "type": "Feature", "properties": { "waterway": "river", "name": "Kanal Banjir Barat" }, "geometry": { "type": "LineString", "coordinates": [ [ 106.809985, -6.1804103 ], [ 106.8098037, -6.179738 ], [ 106.8088252, -6.1782873 ], [ 106.807336, -6.1760489 ], [ 106.8065384, -6.1748863 ], [ 106.8059231, -6.1740364 ] ] } },
{ "type": "Feature", "properties": { "waterway": "river", "name": "Kali Cideng" }, "geometry": { "type": "LineString", "coordinates": [ [ 106.8142293, -6.1816951 ], [ 106.8136579, -6.1814433 ], [ 106.813491, -6.1813069 ], [ 106.813352, -6.1809922 ], [ 106.8111091, -6.1719686 ], [ 106.8110676, -6.1717936 ] ] } },
{ "type": "Feature", "properties": { "waterway": "river", "name": "Krukut" }, "geometry": { "type": "LineString", "coordinates": [ [ 106.8170427, -6.1817484 ], [ 106.8181063, -6.1799756 ], [ 106.8198591, -6.1770863 ], [ 106.8206316, -6.175729 ], [ 106.821076, -6.1748228 ], [ 106.821467, -6.1739139 ], [ 106.8218319, -6.1728503 ], [ 106.8218708, -6.1721369 ], [ 106.8217018, -6.1713196 ] ] } },
{ "type": "Feature", "properties": { "waterway": "river", "name": "" }, "geometry": { "type": "LineString", "coordinates": [ [ 106.8067667, -6.1734999 ], [ 106.8060676, -6.1739555 ] ] } },
{ "type": "Feature", "properties": { "waterway": "river", "name": "Duri" }, "geometry": { "type": "LineString", "coordinates": [ [ 106.8067667, -6.1734999 ], [ 106.8065707, -6.1731904 ], [ 106.8063904, -6.1732997 ], [ 106.806147, -6.173197 ] ] } },
{ "type": "Feature", "properties": { "waterway": "river", "name": "" }, "geometry": { "type": "LineString", "coordinates": [ [ 106.8110676, -6.1717936 ], [ 106.8109697, -6.1717996 ], [ 106.8089039, -6.1721763 ], [ 106.8083328, -6.1724723 ], [ 106.8067667, -6.1734999 ] ] } },
{ "type": "Feature", "properties": { "waterway": "river", "name": "Cideng" }, "geometry": { "type": "LineString", "coordinates": [ [ 106.8110676, -6.1717936 ], [ 106.8110074, -6.1711496 ] ] } },
{ "type": "Feature", "properties": { "waterway": "river", "name": "Cideng" }, "geometry": { "type": "LineString", "coordinates": [ [ 106.8110074, -6.1711496 ], [ 106.8109803, -6.1708604 ] ] } },
{ "type": "Feature", "properties": { "waterway": "river", "name": "Krukut" }, "geometry": { "type": "LineString", "coordinates": [ [ 106.8212941, -6.1706076 ], [ 106.8203097, -6.1707316 ], [ 106.8200723, -6.1707103 ], [ 106.8200053, -6.1705769 ], [ 106.8196821, -6.1693036 ] ] } },
{ "type": "Feature", "properties": { "waterway": "river", "name": "Cideng" }, "geometry": { "type": "LineString", "coordinates": [ [ 106.8196821, -6.1693036 ], [ 106.8194367, -6.1689717 ] ] } },
{ "type": "Feature", "properties": { "waterway": "river", "name": "Cideng" }, "geometry": { "type": "LineString", "coordinates": [ [ 106.8109803, -6.1708604 ], [ 106.8108308, -6.1692623 ], [ 106.8104738, -6.1655066 ], [ 106.8105585, -6.1637628 ], [ 106.8105631, -6.163687 ] ] } },
{ "type": "Feature", "properties": { "waterway": "river", "name": "Krukut" }, "geometry": { "type": "LineString", "coordinates": [ [ 106.8194367, -6.1689717 ], [ 106.8193388, -6.168833 ], [ 106.8189203, -6.1681503 ], [ 106.8186521, -6.1678943 ], [ 106.8184228, -6.1677543 ], [ 106.8182484, -6.1675889 ], [ 106.8180661, -6.1671796 ], [ 106.8178542, -6.1669583 ], [ 106.8171662, -6.1663342 ], [ 106.8164339, -6.1659477 ], [ 106.8162113, -6.1658089 ], [ 106.8159296, -6.1655209 ], [ 106.8154656, -6.1649502 ], [ 106.8149936, -6.1642569 ], [ 106.8148005, -6.1638623 ], [ 106.8146932, -6.1633716 ], [ 106.8145323, -6.1629236 ], [ 106.8145202, -6.1622409 ], [ 106.8147361, -6.1616009 ], [ 106.8147294, -6.1613569 ], [ 106.8146798, -6.1612782 ], [ 106.8145913, -6.1612275 ], [ 106.8140253, -6.1612809 ], [ 106.8137812, -6.1611982 ], [ 106.8134674, -6.1610622 ], [ 106.8131509, -6.1610756 ], [ 106.8128532, -6.1610222 ], [ 106.8128264, -6.1608715 ], [ 106.8128147, -6.160527 ] ] } },
{ "type": "Feature", "properties": { "waterway": "river", "name": "Cideng" }, "geometry": { "type": "LineString", "coordinates": [ [ 106.8105631, -6.163687 ], [ 106.8105688, -6.1635645 ] ] } },
{ "type": "Feature", "properties": { "waterway": "river", "name": "Cideng" }, "geometry": { "type": "LineString", "coordinates": [ [ 106.8105688, -6.1635645 ], [ 106.8106212, -6.1628907 ] ] } },
{ "type": "Feature", "properties": { "waterway": "canal", "name": "Kali Palis" }, "geometry": { "type": "LineString", "coordinates": [ [ 106.8108704, -6.1608786 ], [ 106.8117574, -6.1607855 ], [ 106.8118575, -6.1607904 ], [ 106.8119161, -6.1608802 ], [ 106.8119918, -6.1611036 ], [ 106.8123516, -6.162417 ], [ 106.8125445, -6.1630883 ], [ 106.8129971, -6.164544 ], [ 106.8132364, -6.1652915 ] ] } },
{ "type": "Feature", "properties": { "waterway": "river", "name": "Cideng" }, "geometry": { "type": "LineString", "coordinates": [ [ 106.8106212, -6.1628907 ], [ 106.8106231, -6.162862 ] ] } },
{ "type": "Feature", "properties": { "waterway": "river", "name": "Cideng" }, "geometry": { "type": "LineString", "coordinates": [ [ 106.8106231, -6.162862 ], [ 106.8106774, -6.1616457 ], [ 106.8106992, -6.1612557 ], [ 106.8107172, -6.1610501 ], [ 106.8107458, -6.1608871 ] ] } },
{ "type": "Feature", "properties": { "waterway": "river", "name": "Cideng" }, "geometry": { "type": "LineString", "coordinates": [ [ 106.8107458, -6.1608871 ], [ 106.8107486, -6.1607467 ] ] } },
{ "type": "Feature", "properties": { "waterway": "river", "name": "Krukut" }, "geometry": { "type": "LineString", "coordinates": [ [ 106.8128147, -6.160527 ], [ 106.8128144, -6.1604725 ] ] } },
{ "type": "Feature", "properties": { "waterway": "river", "name": "Krukut" }, "geometry": { "type": "LineString", "coordinates": [ [ 106.8128144, -6.1604725 ], [ 106.8128152, -6.1603527 ], [ 106.8128158, -6.1601461 ], [ 106.8128011, -6.160027 ], [ 106.8127037, -6.1597217 ], [ 106.8126713, -6.1596461 ], [ 106.8124129, -6.1592713 ], [ 106.8121561, -6.1589586 ] ] } },
{ "type": "Feature", "properties": { "waterway": "river", "name": "Cideng" }, "geometry": { "type": "LineString", "coordinates": [ [ 106.8107486, -6.1607467 ], [ 106.8108587, -6.1585787 ] ] } },
{ "type": "Feature", "properties": { "waterway": "river", "name": "Krukut" }, "geometry": { "type": "LineString", "coordinates": [ [ 106.8121561, -6.1589586 ], [ 106.812146, -6.1589449 ] ] } },
{ "type": "Feature", "properties": { "waterway": "river", "name": "Cideng" }, "geometry": { "type": "LineString", "coordinates": [ [ 106.8108587, -6.1585787 ], [ 106.81086, -6.1585519 ] ] } },
{ "type": "Feature", "properties": { "waterway": "river", "name": "Krukut" }, "geometry": { "type": "LineString", "coordinates": [ [ 106.812146, -6.1589449 ], [ 106.8118433, -6.1586296 ], [ 106.8115287, -6.158249 ], [ 106.8114012, -6.1580715 ] ] } },
{ "type": "Feature", "properties": { "waterway": "river", "name": "Cideng" }, "geometry": { "type": "LineString", "coordinates": [ [ 106.81086, -6.1585519 ], [ 106.8108796, -6.1580751 ], [ 106.8108847, -6.1579444 ] ] } },
{ "type": "Feature", "properties": { "waterway": "river", "name": "Krukut" }, "geometry": { "type": "LineString", "coordinates": [ [ 106.8114012, -6.1580715 ], [ 106.8113743, -6.158017 ] ] } },
{ "type": "Feature", "properties": { "waterway": "river", "name": "Cideng" }, "geometry": { "type": "LineString", "coordinates": [ [ 106.8108847, -6.1579444 ], [ 106.8108897, -6.1578724 ] ] } },
{ "type": "Feature", "properties": { "waterway": "river", "name": "Cideng" }, "geometry": { "type": "LineString", "coordinates": [ [ 106.8108897, -6.1578724 ], [ 106.8108918, -6.1577452 ] ] } },
{ "type": "Feature", "properties": { "waterway": "river", "name": "Cideng" }, "geometry": { "type": "LineString", "coordinates": [ [ 106.8108918, -6.1577452 ], [ 106.8108921, -6.1577344 ] ] } },
{ "type": "Feature", "properties": { "waterway": "river", "name": "Krukut" }, "geometry": { "type": "LineString", "coordinates": [ [ 106.8113743, -6.158017 ], [ 106.8113547, -6.1579766 ], [ 106.811184, -6.1576712 ], [ 106.8110305, -6.1572991 ], [ 106.8109235, -6.1570521 ] ] } },
{ "type": "Feature", "properties": { "waterway": "river", "name": "Humble River" }, "geometry": { "type": "LineString", "coordinates": [ [ 106.7484184, -6.1658382 ], [ 106.7484936, -6.165945 ], [ 106.7485231, -6.1660969 ], [ 106.7484802, -6.1663182 ], [ 106.7483984, -6.1664009 ], [ 106.7483152, -6.166489 ], [ 106.7481744, -6.1665623 ], [ 106.7478981, -6.1667342 ], [ 106.7476512, -6.1669173 ], [ 106.7474992, -6.1670122 ], [ 106.7474086, -6.1670876 ], [ 106.7473818, -6.1672449 ], [ 106.7473617, -6.1674823 ], [ 106.7473697, -6.1679369 ], [ 106.7474394, -6.1703396 ], [ 106.7474095, -6.1705472 ], [ 106.7472557, -6.1707423 ], [ 106.7466724, -6.1714996 ], [ 106.7464041, -6.171969 ], [ 106.7460608, -6.172801 ], [ 106.7458355, -6.1738676 ], [ 106.7458784, -6.1755636 ], [ 106.7459321, -6.1762036 ], [ 106.7460421, -6.1773022 ], [ 106.7460581, -6.1776302 ], [ 106.7460394, -6.1780062 ], [ 106.7460608, -6.1784222 ], [ 106.7461032, -6.1787265 ], [ 106.7461676, -6.1791371 ], [ 106.7461648, -6.1794353 ], [ 106.7461466, -6.1795742 ], [ 106.7461476, -6.1799376 ], [ 106.7462167, -6.1802945 ], [ 106.7462334, -6.1804398 ], [ 106.7462552, -6.1807111 ], [ 106.7463448, -6.1809683 ], [ 106.7463505, -6.1812062 ], [ 106.7464149, -6.1818355 ], [ 106.7464578, -6.1839795 ], [ 106.7465222, -6.1864221 ], [ 106.7465758, -6.1885874 ], [ 106.7460367, -6.1907632 ], [ 106.7457702, -6.1918091 ] ] } },
{ "type": "Feature", "properties": { "waterway": "river", "name": "Sekretaris" }, "geometry": { "type": "LineString", "coordinates": [ [ 106.7875562, -6.1672574 ], [ 106.7873397, -6.1672233 ], [ 106.7865329, -6.1673001 ], [ 106.7849743, -6.167393 ], [ 106.7844129, -6.1672062 ], [ 106.7826791, -6.1664382 ], [ 106.7807307, -6.1660798 ], [ 106.7801814, -6.1660969 ], [ 106.7795762, -6.1664913 ], [ 106.7792317, -6.1664774 ], [ 106.7764042, -6.1663634 ], [ 106.7731373, -6.1648779 ], [ 106.7708681, -6.1638461 ], [ 106.7687653, -6.1633767 ], [ 106.7676067, -6.1630805 ], [ 106.7672632, -6.1629927 ], [ 106.7668341, -6.162694 ], [ 106.7665766, -6.1617554 ], [ 106.7666753, -6.1601584 ] ] } },
{ "type": "Feature", "properties": { "waterway": "river", "name": "Angke" }, "geometry": { "type": "LineString", "coordinates": [ [ 106.7666753, -6.1601584 ], [ 106.7667473, -6.1598835 ], [ 106.767041, -6.1595633 ], [ 106.7672632, -6.15911 ], [ 106.7674778, -6.1584273 ], [ 106.7677307, -6.1577154 ], [ 106.7689734, -6.1557225 ], [ 106.7690046, -6.1556661 ], [ 106.7691215, -6.1554702 ], [ 106.7700695, -6.1538092 ], [ 106.7720418, -6.1504605 ], [ 106.7721632, -6.1501415 ], [ 106.772897, -6.148943 ], [ 106.7737521, -6.1472327 ], [ 106.7743123, -6.1461417 ], [ 106.7748377, -6.1455467 ], [ 106.7751094, -6.1449126 ], [ 106.7753963, -6.1439917 ], [ 106.7754114, -6.1428292 ], [ 106.7755131, -6.1421172 ], [ 106.7756379, -6.1416969 ], [ 106.7758533, -6.1411629 ], [ 106.7758852, -6.1408329 ], [ 106.7759068, -6.140298 ], [ 106.7758997, -6.1400564 ], [ 106.7758516, -6.1397686 ], [ 106.775845, -6.1393201 ], [ 106.7758816, -6.1390053 ], [ 106.7761029, -6.1385512 ], [ 106.7763882, -6.1381137 ], [ 106.776499, -6.1376889 ], [ 106.7764818, -6.1373333 ], [ 106.7764121, -6.1368989 ], [ 106.7761995, -6.1362322 ], [ 106.7760996, -6.1356603 ], [ 106.7760945, -6.1352716 ], [ 106.7761802, -6.1349471 ], [ 106.7762478, -6.1348601 ], [ 106.7763444, -6.1347828 ], [ 106.7769532, -6.1346282 ], [ 106.7772532, -6.1344496 ], [ 106.777359, -6.1343867 ], [ 106.7774266, -6.1342321 ], [ 106.7774073, -6.1339712 ], [ 106.7772936, -6.1336215 ], [ 106.7771124, -6.1334526 ], [ 106.7769091, -6.1330655 ], [ 106.7767866, -6.1327475 ], [ 106.7766978, -6.1325295 ], [ 106.7766122, -6.1322621 ], [ 106.7764765, -6.1316548 ], [ 106.7764686, -6.1314918 ], [ 106.7763091, -6.1309614 ], [ 106.775991, -6.1296839 ], [ 106.7754701, -6.1278005 ], [ 106.7754489, -6.1277417 ], [ 106.7750823, -6.1267245 ], [ 106.7749214, -6.1261164 ], [ 106.7748463, -6.1256363 ], [ 106.7747605, -6.125135 ], [ 106.7746478, -6.1247616 ], [ 106.7745684, -6.1244439 ], [ 106.7744637, -6.1236851 ] ] } },
{ "type": "Feature", "properties": { "waterway": "canal", "name": "" }, "geometry": { "type": "LineString", "coordinates": [ [ 106.7413978, -6.1415028 ], [ 106.741373, -6.1415648 ] ] } },
{ "type": "Feature", "properties": { "waterway": "canal", "name": "" }, "geometry": { "type": "LineString", "coordinates": [ [ 106.7415674, -6.1412753 ], [ 106.7413978, -6.1415028 ] ] } },
{ "type": "Feature", "properties": { "waterway": "canal", "name": "" }, "geometry": { "type": "LineString", "coordinates": [ [ 106.7415897, -6.1412452 ], [ 106.7415674, -6.1412753 ] ] } },
{ "type": "Feature", "properties": { "waterway": "canal", "name": "" }, "geometry": { "type": "LineString", "coordinates": [ [ 106.7419309, -6.1406893 ], [ 106.7417402, -6.1410416 ], [ 106.7415897, -6.1412452 ] ] } },
{ "type": "Feature", "properties": { "waterway": "canal", "name": "" }, "geometry": { "type": "LineString", "coordinates": [ [ 106.7419466, -6.1406603 ], [ 106.7419309, -6.1406893 ] ] } },
{ "type": "Feature", "properties": { "waterway": "canal", "name": "" }, "geometry": { "type": "LineString", "coordinates": [ [ 106.7420092, -6.1405447 ], [ 106.7419466, -6.1406603 ] ] } },
{ "type": "Feature", "properties": { "waterway": "canal", "name": "" }, "geometry": { "type": "LineString", "coordinates": [ [ 106.7420268, -6.1405121 ], [ 106.7420092, -6.1405447 ] ] } },
{ "type": "Feature", "properties": { "waterway": "river", "name": "Cideng" }, "geometry": { "type": "LineString", "coordinates": [ [ 106.8108921, -6.1577344 ], [ 106.810909, -6.1573177 ], [ 106.8109235, -6.1570521 ] ] } },
{ "type": "Feature", "properties": { "waterway": "canal", "name": "Ciliwung Gajah Mada" }, "geometry": { "type": "LineString", "coordinates": [ [ 106.820727, -6.1669962 ], [ 106.8204535, -6.1657893 ], [ 106.820417, -6.165628 ], [ 106.8198425, -6.1630983 ], [ 106.8194584, -6.1612324 ], [ 106.8190448, -6.1596011 ], [ 106.8188146, -6.1584811 ], [ 106.8179468, -6.1546436 ], [ 106.8174662, -6.1525528 ], [ 106.8168537, -6.1499901 ], [ 106.8165538, -6.1487511 ], [ 106.8162431, -6.1473863 ] ] } },
{ "type": "Feature", "properties": { "waterway": "river", "name": "Krukut" }, "geometry": { "type": "LineString", "coordinates": [ [ 106.8109235, -6.1570521 ], [ 106.8109317, -6.1569025 ], [ 106.8109364, -6.1568278 ], [ 106.8109475, -6.1566769 ], [ 106.8109886, -6.1562284 ], [ 106.810997, -6.1561475 ] ] } },
{ "type": "Feature", "properties": { "waterway": "river", "name": "Krukut" }, "geometry": { "type": "LineString", "coordinates": [ [ 106.810997, -6.1561475 ], [ 106.810998, -6.1561354 ] ] } },
{ "type": "Feature", "properties": { "waterway": "river", "name": "Krukut" }, "geometry": { "type": "LineString", "coordinates": [ [ 106.810998, -6.1561354 ], [ 106.8110579, -6.1556305 ], [ 106.8110694, -6.1555128 ], [ 106.8110908, -6.1550257 ], [ 106.811078, -6.154927 ], [ 106.8109866, -6.1543649 ] ] } },
{ "type": "Feature", "properties": { "waterway": "river", "name": "Krukut" }, "geometry": { "type": "LineString", "coordinates": [ [ 106.8109866, -6.1543649 ], [ 106.8109798, -6.1542937 ] ] } },
{ "type": "Feature", "properties": { "waterway": "river", "name": "Krukut" }, "geometry": { "type": "LineString", "coordinates": [ [ 106.8109798, -6.1542937 ], [ 106.8109749, -6.1542307 ], [ 106.8110156, -6.1540657 ], [ 106.8111521, -6.153802 ], [ 106.811317, -6.1535321 ], [ 106.8115899, -6.1527846 ], [ 106.8116715, -6.1526481 ], [ 106.8117469, -6.1525334 ] ] } },
{ "type": "Feature", "properties": { "waterway": "river", "name": "Krukut" }, "geometry": { "type": "LineString", "coordinates": [ [ 106.8117469, -6.1525334 ], [ 106.8117568, -6.1525189 ] ] } },
{ "type": "Feature", "properties": { "waterway": "river", "name": "Krukut" }, "geometry": { "type": "LineString", "coordinates": [ [ 106.8117568, -6.1525189 ], [ 106.8119801, -6.1521528 ], [ 106.8120198, -6.1519023 ], [ 106.8120274, -6.151457 ] ] } },
{ "type": "Feature", "properties": { "waterway": "river", "name": "Krukut" }, "geometry": { "type": "LineString", "coordinates": [ [ 106.8120274, -6.151457 ], [ 106.8120505, -6.1513033 ] ] } },
{ "type": "Feature", "properties": { "waterway": "river", "name": "Duri" }, "geometry": { "type": "LineString", "coordinates": [ [ 106.806147, -6.173197 ], [ 106.8059332, -6.172963 ] ] } },
{ "type": "Feature", "properties": { "waterway": "river", "name": "Duri" }, "geometry": { "type": "LineString", "coordinates": [ [ 106.8059332, -6.172963 ], [ 106.805634, -6.1726451 ], [ 106.8043204, -6.1707133 ] ] } },
{ "type": "Feature", "properties": { "waterway": "river", "name": "Kanal Banjir Barat" }, "geometry": { "type": "LineString", "coordinates": [ [ 106.8054225, -6.1733355 ], [ 106.8049114, -6.1726725 ], [ 106.8037612, -6.1709284 ], [ 106.8035552, -6.1706159 ], [ 106.8012464, -6.1673135 ], [ 106.8005255, -6.1662103 ] ] } },
{ "type": "Feature", "properties": { "waterway": "river", "name": "Duri" }, "geometry": { "type": "LineString", "coordinates": [ [ 106.8043204, -6.1707133 ], [ 106.8028914, -6.1686115 ], [ 106.8024784, -6.1678249 ], [ 106.8023602, -6.1674848 ], [ 106.802296, -6.1671316 ], [ 106.8021821, -6.1663356 ] ] } },
{ "type": "Feature", "properties": { "waterway": "river", "name": "Sekretaris" }, "geometry": { "type": "LineString", "coordinates": [ [ 106.787911, -6.1673064 ], [ 106.7875562, -6.1672574 ] ] } },
{ "type": "Feature", "properties": { "waterway": "river", "name": "Duri" }, "geometry": { "type": "LineString", "coordinates": [ [ 106.8021821, -6.1663356 ], [ 106.8021696, -6.1661508 ], [ 106.8021566, -6.1659093 ] ] } },
{ "type": "Feature", "properties": { "waterway": "river", "name": "Kanal Banjir Barat" }, "geometry": { "type": "LineString", "coordinates": [ [ 106.8005255, -6.1662103 ], [ 106.8003538, -6.165927 ], [ 106.8003055, -6.1658396 ] ] } },
{ "type": "Feature", "properties": { "waterway": "river", "name": "Duri" }, "geometry": { "type": "LineString", "coordinates": [ [ 106.8021566, -6.1659093 ], [ 106.8020233, -6.163528 ], [ 106.8017866, -6.1600141 ], [ 106.8017789, -6.1596735 ], [ 106.8018055, -6.159585 ], [ 106.8018975, -6.1595659 ], [ 106.8019166, -6.1595619 ], [ 106.8020348, -6.1594804 ], [ 106.8019692, -6.1589621 ], [ 106.8018423, -6.1571053 ], [ 106.8018169, -6.1565416 ], [ 106.8017281, -6.1557653 ], [ 106.8016098, -6.1542638 ], [ 106.8015396, -6.1535849 ], [ 106.8013661, -6.1518236 ], [ 106.8011641, -6.1484698 ], [ 106.8010797, -6.1483719 ] ] } },
{ "type": "Feature", "properties": { "waterway": "river", "name": "Kali Grogol" }, "geometry": { "type": "LineString", "coordinates": [ [ 106.787911, -6.1673064 ], [ 106.7880593, -6.1666035 ], [ 106.7880778, -6.1665748 ], [ 106.7888903, -6.1648183 ], [ 106.7904639, -6.1611902 ], [ 106.7921073, -6.1575649 ], [ 106.793103, -6.1551499 ], [ 106.7938239, -6.1539978 ], [ 106.7939184, -6.1534005 ], [ 106.792897, -6.1515146 ], [ 106.7897272, -6.1455363 ], [ 106.788311, -6.1436483 ], [ 106.7882294, -6.1432353 ], [ 106.788193, -6.1430509 ], [ 106.7880964, -6.1423042 ], [ 106.7878604, -6.1417708 ], [ 106.7878098, -6.1416824 ], [ 106.7869806, -6.1402348 ], [ 106.7862832, -6.138912 ], [ 106.7855107, -6.1373866 ], [ 106.7852573, -6.1368852 ], [ 106.7852681, -6.1366091 ], [ 106.7856306, -6.1361726 ] ] } },
{ "type": "Feature", "properties": { "waterway": "river", "name": "" }, "geometry": { "type": "LineString", "coordinates": [ [ 106.788193, -6.1430509 ], [ 106.788032, -6.1431683 ], [ 106.7874586, -6.143205 ], [ 106.7871321, -6.1432255 ], [ 106.7813801, -6.1437656 ], [ 106.7774896, -6.143987 ], [ 106.7772584, -6.1440262 ], [ 106.7770149, -6.144099 ], [ 106.7766768, -6.1442829 ], [ 106.7761337, -6.1447256 ], [ 106.7751789, -6.1453336 ], [ 106.7748377, -6.1455467 ] ] } },
{ "type": "Feature", "properties": { "waterway": "canal", "name": "Ciliwung Gajah Mada" }, "geometry": { "type": "LineString", "coordinates": [ [ 106.8162431, -6.1473863 ], [ 106.816311, -6.1473538 ] ] } },
{ "type": "Feature", "properties": { "waterway": "river", "name": "Krukut" }, "geometry": { "type": "LineString", "coordinates": [ [ 106.8120505, -6.1513033 ], [ 106.812129, -6.1498032 ], [ 106.8119252, -6.1483685 ], [ 106.8116116, -6.1475913 ], [ 106.811343, -6.1467195 ], [ 106.8110722, -6.1460631 ], [ 106.8107094, -6.1453643 ], [ 106.8106804, -6.1449482 ], [ 106.8107622, -6.1445541 ], [ 106.8106209, -6.1438323 ], [ 106.8105718, -6.1433687 ] ] } },
{ "type": "Feature", "properties": { "waterway": "canal", "name": "Ciliwung Gajah Mada" }, "geometry": { "type": "LineString", "coordinates": [ [ 106.816311, -6.1473538 ], [ 106.8164137, -6.1472998 ] ] } },
{ "type": "Feature", "properties": { "waterway": "canal", "name": "Ciliwung Gajah Mada" }, "geometry": { "type": "LineString", "coordinates": [ [ 106.8164137, -6.1472998 ], [ 106.8165357, -6.1472464 ] ] } },
{ "type": "Feature", "properties": { "waterway": "canal", "name": "Ciliwung Gajah Mada" }, "geometry": { "type": "LineString", "coordinates": [ [ 106.8165357, -6.1472464 ], [ 106.8167935, -6.1471798 ], [ 106.8171394, -6.1470831 ], [ 106.8175149, -6.1469658 ], [ 106.8177616, -6.1467844 ], [ 106.817944, -6.1465604 ], [ 106.8180068, -6.1463119 ], [ 106.8180484, -6.1459279 ], [ 106.8179977, -6.145323 ], [ 106.8180023, -6.1447501 ], [ 106.8179811, -6.1445542 ], [ 106.8178689, -6.1439149 ], [ 106.8176039, -6.1424109 ], [ 106.8173354, -6.14081 ] ] } },
{ "type": "Feature", "properties": { "waterway": "river", "name": "Cideng" }, "geometry": { "type": "LineString", "coordinates": [ [ 106.8105718, -6.1433687 ], [ 106.8105603, -6.1432601 ] ] } },
{ "type": "Feature", "properties": { "waterway": "river", "name": "Krukut" }, "geometry": { "type": "LineString", "coordinates": [ [ 106.8105603, -6.1432601 ], [ 106.8105539, -6.1426441 ], [ 106.8106914, -6.1422269 ], [ 106.8110364, -6.1417897 ] ] } },
{ "type": "Feature", "properties": { "waterway": "river", "name": "Krukut" }, "geometry": { "type": "LineString", "coordinates": [ [ 106.8105603, -6.1432601 ], [ 106.8080251, -6.1431396 ], [ 106.8078656, -6.1430482 ], [ 106.8078188, -6.1428727 ], [ 106.807859, -6.1417301 ] ] } },
{ "type": "Feature", "properties": { "waterway": "river", "name": "Krukut" }, "geometry": { "type": "LineString", "coordinates": [ [ 106.807859, -6.1417301 ], [ 106.8078522, -6.1415172 ] ] } },
{ "type": "Feature", "properties": { "waterway": "river", "name": "Krukut" }, "geometry": { "type": "LineString", "coordinates": [ [ 106.8110364, -6.1417897 ], [ 106.8121533, -6.1411155 ], [ 106.8123217, -6.1409331 ] ] } },
{ "type": "Feature", "properties": { "waterway": "canal", "name": "" }, "geometry": { "type": "LineString", "coordinates": [ [ 106.7420669, -6.1405339 ], [ 106.7420268, -6.1405121 ] ] } },
{ "type": "Feature", "properties": { "waterway": "river", "name": "Cengkareng Drain" }, "geometry": { "type": "LineString", "coordinates": [ [ 106.7543839, -6.1799832 ], [ 106.7540726, -6.1800476 ], [ 106.7534825, -6.1801396 ], [ 106.7531835, -6.1801596 ], [ 106.7530091, -6.1801796 ], [ 106.7520556, -6.1802156 ], [ 106.751495, -6.1802902 ], [ 106.7510886, -6.1802716 ], [ 106.7508593, -6.1802382 ], [ 106.750693, -6.1802049 ], [ 106.7505254, -6.1800796 ], [ 106.7504707, -6.1798764 ], [ 106.7505663, -6.1797088 ], [ 106.7505733, -6.1795994 ], [ 106.7505622, -6.1794816 ], [ 106.7505437, -6.1793651 ], [ 106.7505706, -6.1792871 ], [ 106.7506966, -6.1790747 ], [ 106.7507556, -6.1789751 ], [ 106.7507905, -6.1788787 ], [ 106.7509532, -6.1783223 ], [ 106.7512549, -6.1778543 ], [ 106.7513294, -6.1776009 ], [ 106.7512268, -6.1773116 ], [ 106.7510028, -6.177241 ], [ 106.7505656, -6.177557 ], [ 106.7505012, -6.1775436 ], [ 106.7503993, -6.177229 ], [ 106.7503095, -6.1771183 ], [ 106.7500412, -6.1771716 ], [ 106.7499018, -6.177165 ], [ 106.7498689, -6.177123 ], [ 106.7498595, -6.1769716 ], [ 106.7498488, -6.1767583 ], [ 106.7497522, -6.1763529 ], [ 106.7495343, -6.1761796 ], [ 106.749366, -6.1759263 ], [ 106.7493982, -6.1758196 ], [ 106.7495571, -6.1755563 ], [ 106.7497355, -6.1752316 ], [ 106.7497522, -6.1750409 ], [ 106.7495913, -6.1743903 ], [ 106.7498059, -6.1737503 ], [ 106.7498059, -6.1736436 ], [ 106.7497308, -6.1734196 ], [ 106.7494089, -6.172897 ], [ 106.7492201, -6.1720968 ], [ 106.7491622, -6.1718516 ], [ 106.7491259, -6.1710887 ], [ 106.7489046, -6.1663716 ], [ 106.7488823, -6.1658263 ], [ 106.7485994, -6.1645551 ], [ 106.7476151, -6.1607114 ], [ 106.747555, -6.160097 ], [ 106.7479857, -6.1557429 ], [ 106.7481301, -6.15426 ], [ 106.7485163, -6.1528093 ], [ 106.7503102, -6.1501383 ], [ 106.7503874, -6.1496007 ], [ 106.750338, -6.1483936 ], [ 106.7502887, -6.1471898 ], [ 106.7503745, -6.1423788 ], [ 106.7505062, -6.1416359 ], [ 106.7506558, -6.1412333 ], [ 106.7506638, -6.1412119 ], [ 106.7512328, -6.1395627 ], [ 106.7527475, -6.1350634 ], [ 106.7529565, -6.1342881 ], [ 106.7534751, -6.1320209 ], [ 106.7532396, -6.12952 ], [ 106.7525556, -6.121467 ], [ 106.7522989, -6.1195323 ], [ 106.7516405, -6.1124797 ], [ 106.7514969, -6.1103677 ], [ 106.7512479, -6.1082655 ], [ 106.7511684, -6.1075278 ], [ 106.7510075, -6.1062796 ], [ 106.750985746822181, -6.10416494011765 ] ] } },
{ "type": "Feature", "properties": { "waterway": "canal", "name": "" }, "geometry": { "type": "LineString", "coordinates": [ [ 106.7511041, -6.1394772 ], [ 106.7512328, -6.1395627 ] ] } },
{ "type": "Feature", "properties": { "waterway": "canal", "name": "" }, "geometry": { "type": "LineString", "coordinates": [ [ 106.7507579, -6.1393588 ], [ 106.7508728, -6.1394069 ], [ 106.7511041, -6.1394772 ] ] } },
{ "type": "Feature", "properties": { "waterway": "canal", "name": "" }, "geometry": { "type": "LineString", "coordinates": [ [ 106.7504862, -6.1392451 ], [ 106.7507579, -6.1393588 ] ] } },
{ "type": "Feature", "properties": { "waterway": "canal", "name": "" }, "geometry": { "type": "LineString", "coordinates": [ [ 106.7457054, -6.1373066 ], [ 106.7456413, -6.1373616 ], [ 106.7455501, -6.1374096 ], [ 106.7454268, -6.1376017 ], [ 106.7453436, -6.137745 ], [ 106.7458237, -6.137895 ], [ 106.7458827, -6.1379857 ], [ 106.7458023, -6.1382204 ], [ 106.7455662, -6.138535 ], [ 106.7454151, -6.1388253 ], [ 106.7452838, -6.1390249 ], [ 106.7445936, -6.1401214 ], [ 106.7444649, -6.1401748 ], [ 106.7435208, -6.1402174 ], [ 106.7434789, -6.1402385 ], [ 106.7430058, -6.1402921 ], [ 106.7425607, -6.1405205 ], [ 106.7424043, -6.1407168 ], [ 106.7420669, -6.1405339 ] ] } },
{ "type": "Feature", "properties": { "waterway": "canal", "name": "" }, "geometry": { "type": "LineString", "coordinates": [ [ 106.7334381, -6.1367381 ], [ 106.7354954, -6.1367823 ], [ 106.7360242, -6.1367999 ], [ 106.7379152, -6.1368346 ], [ 106.7383389, -6.1368453 ], [ 106.7388841, -6.1368495 ], [ 106.7401836, -6.137931 ], [ 106.7412348, -6.1387829 ], [ 106.741395, -6.1389085 ], [ 106.7414339, -6.1388634 ], [ 106.7417721, -6.1384697 ], [ 106.7422482, -6.1378917 ], [ 106.7425687, -6.1374876 ], [ 106.7428705, -6.1371156 ], [ 106.7429805, -6.1369863 ], [ 106.743109, -6.1368786 ], [ 106.7432847, -6.1368571 ] ] } },
{ "type": "Feature", "properties": { "waterway": "canal", "name": "" }, "geometry": { "type": "LineString", "coordinates": [ [ 106.7414613, -6.1348222 ], [ 106.7411954, -6.1350371 ], [ 106.7402552, -6.1357724 ] ] } },
{ "type": "Feature", "properties": { "waterway": "canal", "name": "" }, "geometry": { "type": "LineString", "coordinates": [ [ 106.7330626, -6.1363069 ], [ 106.7331245, -6.1345317 ], [ 106.733135, -6.134331 ], [ 106.7331782, -6.1341477 ], [ 106.7333069, -6.133977 ], [ 106.7344657, -6.1330263 ], [ 106.735855, -6.1319929 ], [ 106.7368112, -6.1312822 ], [ 106.7368917, -6.1312275 ], [ 106.7372336, -6.1309688 ], [ 106.7374697, -6.1309048 ], [ 106.7383387, -6.1309368 ], [ 106.7385426, -6.1310115 ], [ 106.738682, -6.1311608 ], [ 106.7408922, -6.1340944 ], [ 106.741096, -6.1342437 ], [ 106.7413964, -6.1344464 ], [ 106.7416403, -6.1347114 ], [ 106.7418578, -6.1349477 ], [ 106.742891, -6.1362833 ], [ 106.7432847, -6.1368571 ], [ 106.7442316, -6.1368859 ], [ 106.7448939, -6.1369972 ], [ 106.7452373, -6.1371026 ], [ 106.7453983, -6.1371879 ], [ 106.7456021, -6.1372573 ], [ 106.7457054, -6.1373066 ], [ 106.7458227, -6.1373153 ], [ 106.7460338, -6.1372597 ], [ 106.7464538, -6.1375494 ], [ 106.7465745, -6.1376388 ], [ 106.7469621, -6.1378801 ], [ 106.7473416, -6.1381055 ], [ 106.7476286, -6.1382988 ], [ 106.7479223, -6.1384508 ], [ 106.7480752, -6.1385082 ], [ 106.7483099, -6.1385402 ], [ 106.7486787, -6.1386028 ], [ 106.7492098, -6.1386975 ], [ 106.7494472, -6.1387522 ], [ 106.750048, -6.1390309 ], [ 106.7504235, -6.1392189 ], [ 106.7504862, -6.1392451 ] ] } },
{ "type": "Feature", "properties": { "waterway": "canal", "name": "" }, "geometry": { "type": "LineString", "coordinates": [ [ 106.7415878, -6.1347439 ], [ 106.7414613, -6.1348222 ] ] } },
{ "type": "Feature", "properties": { "waterway": "canal", "name": "Ciliwung Gajah Mada" }, "geometry": { "type": "LineString", "coordinates": [ [ 106.8211187, -6.1674294 ], [ 106.8210276, -6.1674011 ], [ 106.8209164, -6.1673464 ], [ 106.8208589, -6.1673182 ], [ 106.8208142, -6.1672717 ], [ 106.8207512, -6.1671282 ], [ 106.820727, -6.1669962 ] ] } },
{ "type": "Feature", "properties": { "waterway": "drain", "name": "" }, "geometry": { "type": "LineString", "coordinates": [ [ 106.8381964, -6.1636034 ], [ 106.8382933, -6.163973 ], [ 106.8383214, -6.1640805 ], [ 106.8383918, -6.1643492 ], [ 106.8387591, -6.165751 ], [ 106.8389496, -6.1664779 ], [ 106.8397647, -6.1695885 ] ] } },
{ "type": "Feature", "properties": { "waterway": "river", "name": "" }, "geometry": { "type": "LineString", "coordinates": [ [ 106.842969, -6.1573075 ], [ 106.842835, -6.1567816 ], [ 106.8427062, -6.1562274 ], [ 106.8426607, -6.1560189 ], [ 106.8424944, -6.1554962 ], [ 106.8424676, -6.1553362 ], [ 106.842513, -6.1552167 ], [ 106.8426847, -6.1549634 ], [ 106.8429557, -6.1545815 ], [ 106.8434493, -6.1539068 ], [ 106.843594, -6.1536407 ], [ 106.8426284, -6.15295 ], [ 106.842453, -6.1528439 ], [ 106.842363, -6.1527895 ], [ 106.8414644, -6.1521654 ], [ 106.8413625, -6.1520534 ], [ 106.8413382, -6.1519553 ], [ 106.8412928, -6.1514667 ], [ 106.8412459, -6.1508844 ], [ 106.8412876, -6.1508002 ], [ 106.8413141, -6.1507467 ], [ 106.8413865, -6.1506006 ], [ 106.8416065, -6.1503046 ], [ 106.8417058, -6.1501787 ], [ 106.8418184, -6.1499819 ], [ 106.8419097, -6.1497547 ], [ 106.8421511, -6.1491387 ], [ 106.8423843, -6.1484698 ], [ 106.8424577, -6.1483009 ], [ 106.8425455, -6.1481667 ], [ 106.8426248, -6.148089 ], [ 106.8431621, -6.1475791 ], [ 106.8433449, -6.1473328 ], [ 106.8434114, -6.1472432 ], [ 106.843422, -6.1470857 ], [ 106.8434188, -6.1469578 ], [ 106.8431743, -6.1466524 ], [ 106.8431136, -6.1465896 ], [ 106.843104, -6.1464973 ], [ 106.8431091, -6.1464864 ], [ 106.8432748, -6.1461337 ], [ 106.843366, -6.1460002 ], [ 106.8434288, -6.1459082 ], [ 106.8436625, -6.1455989 ], [ 106.8437033, -6.1455348 ], [ 106.8440767, -6.1449485 ] ] } },
{ "type": "Feature", "properties": { "waterway": "river", "name": "" }, "geometry": { "type": "LineString", "coordinates": [ [ 106.8440767, -6.1449485 ], [ 106.8438966, -6.1448518 ] ] } },
{ "type": "Feature", "properties": { "waterway": "river", "name": "" }, "geometry": { "type": "LineString", "coordinates": [ [ 106.8438966, -6.1448518 ], [ 106.8432419, -6.1444786 ], [ 106.8456429, -6.1401481 ], [ 106.8456983, -6.1399691 ] ] } },
{ "type": "Feature", "properties": { "waterway": "canal", "name": "" }, "geometry": { "type": "LineString", "coordinates": [ [ 106.8328632, -6.1384384 ], [ 106.8360527, -6.1403691 ], [ 106.8368146, -6.1408303 ], [ 106.8378153, -6.1414361 ], [ 106.8379792, -6.1415353 ], [ 106.8382434, -6.141683 ], [ 106.8383965, -6.1417687 ], [ 106.8383993, -6.1417747 ], [ 106.8385981, -6.1418859 ], [ 106.8388534, -6.1420337 ], [ 106.8394147, -6.1423286 ], [ 106.8399523, -6.1426388 ], [ 106.8407569, -6.1430888 ], [ 106.8407876, -6.143106 ], [ 106.8414379, -6.1434697 ], [ 106.8417983, -6.1436712 ], [ 106.8421611, -6.1438741 ], [ 106.8431318, -6.144417 ], [ 106.8432419, -6.1444786 ] ] } },
{ "type": "Feature", "properties": { "waterway": "canal", "name": "" }, "geometry": { "type": "LineString", "coordinates": [ [ 106.8325075, -6.1382344 ], [ 106.8328219, -6.1384147 ], [ 106.8328632, -6.1384384 ] ] } },
{ "type": "Feature", "properties": { "waterway": "canal", "name": "" }, "geometry": { "type": "LineString", "coordinates": [ [ 106.8323922, -6.1381645 ], [ 106.8325075, -6.1382344 ] ] } },
{ "type": "Feature", "properties": { "waterway": "river", "name": "Ciliwung" }, "geometry": { "type": "LineString", "coordinates": [ [ 106.8344701, -6.1489878 ], [ 106.8321236, -6.1483805 ], [ 106.8311493, -6.1478772 ], [ 106.8304432, -6.1473555 ], [ 106.8303477, -6.1472031 ], [ 106.8303788, -6.1469758 ], [ 106.8305893, -6.1465338 ], [ 106.8306099, -6.1463815 ], [ 106.8305485, -6.1462074 ], [ 106.8303806, -6.1460712 ], [ 106.8297259, -6.1457053 ], [ 106.8296776, -6.145577 ], [ 106.829808, -6.1451657 ], [ 106.8298482, -6.1446716 ], [ 106.8298261, -6.144592 ], [ 106.8295916, -6.144475 ], [ 106.8292305, -6.1445715 ], [ 106.8290058, -6.1446701 ], [ 106.8288125, -6.1448221 ], [ 106.8284263, -6.1453014 ], [ 106.828064, -6.1457734 ], [ 106.8279579, -6.145865 ], [ 106.8278708, -6.1458877 ], [ 106.8276457, -6.1458046 ], [ 106.8276228, -6.1457878 ], [ 106.8274164, -6.1456372 ], [ 106.8273013, -6.145428 ], [ 106.8272963, -6.1453463 ], [ 106.8272395, -6.1451437 ], [ 106.827184, -6.1449762 ], [ 106.8271146, -6.1448406 ], [ 106.8270649, -6.1446389 ], [ 106.8270728, -6.1444402 ], [ 106.8271079, -6.144259 ], [ 106.8271761, -6.1440895 ], [ 106.8272419, -6.1439496 ], [ 106.827368, -6.1435216 ], [ 106.8274121, -6.1433428 ], [ 106.8274217, -6.1430816 ], [ 106.8274465, -6.1426963 ], [ 106.8273839, -6.1422974 ], [ 106.827305, -6.1419055 ], [ 106.8272627, -6.1416622 ], [ 106.8271985, -6.1415498 ], [ 106.827162, -6.1414774 ], [ 106.8270636, -6.1413822 ], [ 106.8268892, -6.1413141 ], [ 106.8267162, -6.1413075 ], [ 106.8266112, -6.1413654 ], [ 106.8264956, -6.1414402 ], [ 106.8263206, -6.1416022 ], [ 106.8261921, -6.141748 ], [ 106.8261026, -6.1419048 ], [ 106.8260666, -6.1419939 ], [ 106.8260725, -6.1420856 ], [ 106.8260592, -6.1422052 ], [ 106.8260638, -6.1423482 ], [ 106.8261048, -6.1425492 ], [ 106.826127, -6.1426632 ], [ 106.8261509, -6.1427603 ], [ 106.8261598, -6.1429586 ], [ 106.826161, -6.143129 ], [ 106.8261476, -6.1432756 ], [ 106.8260456, -6.1433843 ], [ 106.8258659, -6.143509 ], [ 106.8254564, -6.1435059 ], [ 106.8251391, -6.1435223 ], [ 106.8250554, -6.1434799 ], [ 106.8249922, -6.1434096 ], [ 106.8249608, -6.1432422 ], [ 106.8248999, -6.1427726 ], [ 106.8248844, -6.1426192 ], [ 106.8248401, -6.1421101 ], [ 106.824774, -6.141956 ], [ 106.8247254, -6.1418174 ], [ 106.8246809, -6.1417549 ], [ 106.8245335, -6.1416202 ], [ 106.8244637, -6.1415929 ], [ 106.8243344, -6.1415981 ], [ 106.8241793, -6.1416376 ], [ 106.824052, -6.1417261 ], [ 106.8239862, -6.1418136 ], [ 106.823971, -6.1419582 ], [ 106.823961, -6.1421787 ], [ 106.8239608, -6.1421829 ], [ 106.8239583, -6.1422369 ], [ 106.8239287, -6.1425329 ], [ 106.8237934, -6.1426634 ], [ 106.8236063, -6.1427217 ], [ 106.8234715, -6.1427434 ], [ 106.823329, -6.1427514 ], [ 106.8228404, -6.1426872 ], [ 106.8224626, -6.1426247 ], [ 106.8218198, -6.1424362 ], [ 106.821549, -6.142411 ], [ 106.8210903, -6.1423949 ], [ 106.8209995, -6.1423741 ], [ 106.8203911, -6.1421293 ], [ 106.8203307, -6.1420239 ], [ 106.8203561, -6.1418746 ], [ 106.8208251, -6.1411653 ], [ 106.8210416, -6.1403724 ], [ 106.8209098, -6.1401154 ], [ 106.820766, -6.1400378 ], [ 106.8195587, -6.1398677 ], [ 106.8193884, -6.1398624 ], [ 106.819249, -6.13988 ], [ 106.8181943, -6.1401718 ], [ 106.8180768, -6.1398404 ], [ 106.8179107, -6.1395578 ], [ 106.8179005, -6.1395404 ], [ 106.8176984, -6.1393016 ], [ 106.8176337, -6.1391985 ], [ 106.8174792, -6.1389402 ], [ 106.8172307, -6.1384486 ], [ 106.8172197, -6.1384253 ], [ 106.816969, -6.1378949 ], [ 106.8169593, -6.13786 ], [ 106.816923, -6.13773 ], [ 106.8168583, -6.1374983 ], [ 106.8168298, -6.1373198 ], [ 106.8167373, -6.136692 ], [ 106.8167415, -6.1361235 ], [ 106.8165784, -6.1355405 ], [ 106.8148853, -6.1294892 ], [ 106.8144755, -6.1290322 ], [ 106.8139972, -6.1288336 ], [ 106.8131361, -6.1284192 ], [ 106.8128863, -6.1282428 ], [ 106.8126151, -6.128045 ], [ 106.8122037, -6.1265297 ], [ 106.8119447, -6.1263878 ], [ 106.8115829, -6.1264606 ], [ 106.8109442, -6.1267352 ], [ 106.809852816704378, -6.126987879056191 ] ] } },
{ "type": "Feature", "properties": { "waterway": "river", "name": "" }, "geometry": { "type": "LineString", "coordinates": [ [ 106.8456983, -6.1399691 ], [ 106.8457029, -6.1398579 ], [ 106.845557, -6.1364956 ], [ 106.8455141, -6.1360348 ], [ 106.8449803, -6.1329116 ], [ 106.8449973, -6.1327957 ], [ 106.845075, -6.1327064 ], [ 106.8452007, -6.1326383 ], [ 106.8469191, -6.1317045 ], [ 106.8489069, -6.1305971 ] ] } },
{ "type": "Feature", "properties": { "waterway": "river", "name": "Kali Item Sunter" }, "geometry": { "type": "LineString", "coordinates": [ [ 106.85926, -6.1553128 ], [ 106.8619746, -6.1549176 ], [ 106.862168, -6.1549264 ], [ 106.8622709, -6.1549669 ], [ 106.8669379, -6.1575339 ], [ 106.8678283, -6.1580312 ], [ 106.872004, -6.1603882 ], [ 106.8733075, -6.1611689 ], [ 106.8747937, -6.1621039 ], [ 106.8757859, -6.1626729 ], [ 106.8768628, -6.1634596 ], [ 106.877066, -6.1635239 ], [ 106.8775762, -6.1634756 ], [ 106.8791306, -6.1630689 ], [ 106.8796845, -6.1629344 ] ] } },
{ "type": "Feature", "properties": { "waterway": "river", "name": "Kali Sunter" }, "geometry": { "type": "LineString", "coordinates": [ [ 106.8532164, -6.1634449 ], [ 106.8535544, -6.1628982 ], [ 106.8547641, -6.1608102 ], [ 106.8571591, -6.1569389 ], [ 106.8584399, -6.1554869 ], [ 106.858802, -6.1553349 ], [ 106.8589034, -6.1552701 ], [ 106.8589441, -6.1552442 ], [ 106.8590191, -6.1551598 ], [ 106.8595159, -6.154601 ] ] } },
{ "type": "Feature", "properties": { "waterway": "drain", "name": "" }, "geometry": { "type": "LineString", "coordinates": [ [ 106.8669379, -6.1575339 ], [ 106.8668373, -6.15768 ] ] } },
{ "type": "Feature", "properties": { "waterway": "river", "name": "Kali Item" }, "geometry": { "type": "LineString", "coordinates": [ [ 106.8590191, -6.1551598 ], [ 106.85926, -6.1553128 ] ] } },
{ "type": "Feature", "properties": { "waterway": "drain", "name": "" }, "geometry": { "type": "LineString", "coordinates": [ [ 106.859529, -6.1475524 ], [ 106.8589711, -6.1443843 ], [ 106.8584025, -6.1413868 ], [ 106.8581684, -6.139968 ] ] } },
{ "type": "Feature", "properties": { "waterway": "river", "name": "" }, "geometry": { "type": "LineString", "coordinates": [ [ 106.8560191, -6.1499215 ], [ 106.8560105, -6.1496143 ], [ 106.8559761, -6.1493583 ], [ 106.8555641, -6.148394 ], [ 106.8553749, -6.1478314 ], [ 106.8551701, -6.1472226 ], [ 106.8548782, -6.1464119 ], [ 106.8530844, -6.1411039 ], [ 106.8524836, -6.139363 ], [ 106.8524149, -6.1390728 ], [ 106.8523248, -6.1367852 ], [ 106.8522673, -6.1363905 ], [ 106.851621, -6.1355339 ], [ 106.85143, -6.1353286 ], [ 106.8502208, -6.1343024 ], [ 106.8499821, -6.1340261 ], [ 106.8499044, -6.1337855 ], [ 106.8499213, -6.1332183 ], [ 106.8498936, -6.1326356 ], [ 106.8497175, -6.1322022 ], [ 106.8495352, -6.1313127 ] ] } },
{ "type": "Feature", "properties": { "waterway": "river", "name": "" }, "geometry": { "type": "LineString", "coordinates": [ [ 106.8595159, -6.154601 ], [ 106.8600577, -6.1539924 ], [ 106.8601246, -6.1538987 ], [ 106.8603052, -6.1538118 ], [ 106.8603788, -6.1537449 ], [ 106.8608737, -6.152842 ], [ 106.8609339, -6.1526747 ], [ 106.8612015, -6.1516915 ], [ 106.861248, -6.1511733 ], [ 106.861231, -6.1509625 ], [ 106.8611495, -6.150715 ], [ 106.8609247, -6.1502642 ], [ 106.8608108, -6.1501799 ], [ 106.8606477, -6.1500489 ], [ 106.860407, -6.1499125 ], [ 106.8597371, -6.1497104 ], [ 106.8584629, -6.1490721 ], [ 106.8582518, -6.1489224 ], [ 106.8582117, -6.1488422 ], [ 106.8581782, -6.1487352 ], [ 106.8580645, -6.1482736 ], [ 106.8566148, -6.1402523 ], [ 106.8549083, -6.130977 ], [ 106.8547109, -6.1297396 ], [ 106.8546698, -6.1278695 ], [ 106.8545204, -6.1274012 ], [ 106.8536925, -6.1254923 ] ] } },
{ "type": "Feature", "properties": { "waterway": "river", "name": "Sunter River" }, "geometry": { "type": "LineString", "coordinates": [ [ 106.8566148, -6.1402523 ], [ 106.8570798, -6.1401681 ], [ 106.8581684, -6.139968 ], [ 106.8593511, -6.1397506 ], [ 106.8625129, -6.1391696 ], [ 106.8648818, -6.1387258 ], [ 106.8650659, -6.1386914 ], [ 106.8658088, -6.1385125 ], [ 106.8664267, -6.1383845 ], [ 106.8665301, -6.1383658 ], [ 106.8685725, -6.1380005 ], [ 106.8690836, -6.1379262 ], [ 106.8693364, -6.1378895 ], [ 106.8720148, -6.1374038 ], [ 106.8721711, -6.137386 ], [ 106.8723747, -6.1373688 ], [ 106.8725006, -6.1373542 ], [ 106.8728496, -6.1373367 ], [ 106.8733675, -6.1373209 ], [ 106.8738082, -6.1373263 ], [ 106.8741172, -6.137369 ], [ 106.8744605, -6.1374287 ], [ 106.8747952, -6.1375226 ], [ 106.8754027, -6.1377094 ], [ 106.8756278, -6.1377786 ], [ 106.8764668, -6.1380413 ], [ 106.8791899, -6.1388944 ], [ 106.8796876, -6.1390501 ], [ 106.881284, -6.1395749 ], [ 106.8825146, -6.1399359 ], [ 106.8857208, -6.1408977 ], [ 106.8869802, -6.1412888 ] ] } },
{ "type": "Feature", "properties": { "waterway": "drain", "name": "" }, "geometry": { "type": "LineString", "coordinates": [ [ 106.869073, -6.1378706 ], [ 106.8690836, -6.1379262 ] ] } },
{ "type": "Feature", "properties": { "waterway": "drain", "name": "" }, "geometry": { "type": "LineString", "coordinates": [ [ 106.8690522, -6.1377346 ], [ 106.869073, -6.1378706 ] ] } },
{ "type": "Feature", "properties": { "waterway": "river", "name": "" }, "geometry": { "type": "LineString", "coordinates": [ [ 106.8836178, -6.159766 ], [ 106.8835159, -6.1599431 ] ] } },
{ "type": "Feature", "properties": { "waterway": "river", "name": "" }, "geometry": { "type": "LineString", "coordinates": [ [ 106.9066895, -6.1532088 ], [ 106.9066206, -6.153318 ], [ 106.9048449, -6.1561928 ], [ 106.9030987, -6.1589716 ], [ 106.9029433, -6.1592169 ], [ 106.8988182, -6.1659629 ] ] } },
{ "type": "Feature", "properties": { "waterway": "drain", "name": "" }, "geometry": { "type": "LineString", "coordinates": [ [ 106.8886747, -6.1623731 ], [ 106.8900708, -6.1600709 ], [ 106.8927423, -6.1555801 ], [ 106.8933538, -6.1545668 ], [ 106.8901137, -6.1526254 ], [ 106.8898151, -6.1526537 ] ] } },
{ "type": "Feature", "properties": { "waterway": "drain", "name": "" }, "geometry": { "type": "LineString", "coordinates": [ [ 106.8871748, -6.1550076 ], [ 106.8867039, -6.1547474 ] ] } },
{ "type": "Feature", "properties": { "waterway": "river", "name": "" }, "geometry": { "type": "LineString", "coordinates": [ [ 106.9139996, -6.1549335 ], [ 106.9123845, -6.1548046 ], [ 106.9115144, -6.1547543 ], [ 106.9105589, -6.1547032 ], [ 106.9103529, -6.1546862 ], [ 106.9096662, -6.1545667 ], [ 106.909088, -6.1544286 ], [ 106.9078039, -6.1536381 ], [ 106.9053009, -6.152078 ], [ 106.9027543, -6.1504609 ], [ 106.899886, -6.1486306 ] ] } },
{ "type": "Feature", "properties": { "waterway": "river", "name": "Sunter" }, "geometry": { "type": "LineString", "coordinates": [ [ 106.8836178, -6.159766 ], [ 106.8891955, -6.1503144 ], [ 106.8898287, -6.1488176 ], [ 106.8902815, -6.1472884 ], [ 106.8911583, -6.1436172 ], [ 106.891367, -6.142664 ], [ 106.8924329, -6.1381282 ] ] } },
{ "type": "Feature", "properties": { "waterway": "river", "name": "Sunter River" }, "geometry": { "type": "LineString", "coordinates": [ [ 106.8871643, -6.1413453 ], [ 106.8872448, -6.1413696 ], [ 106.891367, -6.142664 ] ] } },
{ "type": "Feature", "properties": { "waterway": "river", "name": "Sunter River" }, "geometry": { "type": "LineString", "coordinates": [ [ 106.8869802, -6.1412888 ], [ 106.8871643, -6.1413453 ] ] } },
{ "type": "Feature", "properties": { "waterway": "river", "name": "Sunter" }, "geometry": { "type": "LineString", "coordinates": [ [ 106.8924329, -6.1381282 ], [ 106.8927253, -6.1368905 ], [ 106.8943027, -6.1302143 ], [ 106.8945761, -6.1291233 ], [ 106.8948962, -6.128227 ], [ 106.894965, -6.1277472 ], [ 106.8949469, -6.1272004 ], [ 106.8959994, -6.1233599 ], [ 106.8961523, -6.1219502 ], [ 106.8962913, -6.1174009 ], [ 106.896251, -6.116244 ], [ 106.8964055, -6.1149724 ], [ 106.8965257, -6.1143665 ], [ 106.896766, -6.1138544 ], [ 106.8972123, -6.1132485 ], [ 106.8977273, -6.1127364 ], [ 106.8982595, -6.1122926 ], [ 106.8991006, -6.1119939 ], [ 106.9030511, -6.1120322 ], [ 106.9065421, -6.1120136 ], [ 106.9068168, -6.1117976 ], [ 106.9068082, -6.1109698 ], [ 106.9068189, -6.1085268 ], [ 106.906827918821051, -6.10844144154068 ] ] } },
{ "type": "Feature", "properties": { "waterway": "canal", "name": "" }, "geometry": { "type": "LineString", "coordinates": [ [ 106.8676951, -6.122159 ], [ 106.8684645, -6.121644 ], [ 106.8686147, -6.1215533 ], [ 106.8688038, -6.1214797 ], [ 106.8688844, -6.121433 ], [ 106.869407, -6.1213348 ], [ 106.8715169, -6.1209254 ], [ 106.8795638, -6.1147752 ], [ 106.879774, -6.1146392 ], [ 106.8804761, -6.1140731 ], [ 106.8830949, -6.112059 ], [ 106.8835638, -6.1116719 ], [ 106.8840122, -6.111235 ], [ 106.8843287, -6.1110775 ], [ 106.8846822, -6.1110879 ], [ 106.8955462, -6.11146 ], [ 106.89583, -6.1114185 ], [ 106.8960438, -6.1113422 ], [ 106.8961126, -6.1112637 ], [ 106.8961948, -6.1109283 ], [ 106.896255, -6.1103064 ], [ 106.8963131, -6.1077006 ], [ 106.89631, -6.1072782 ] ] } },
{ "type": "Feature", "properties": { "waterway": "drain", "name": "" }, "geometry": { "type": "LineString", "coordinates": [ [ 106.8721711, -6.137386 ], [ 106.8720397, -6.134738 ], [ 106.8720249, -6.1336159 ], [ 106.8718425, -6.1326025 ], [ 106.8714362, -6.1312398 ], [ 106.8707648, -6.1295262 ], [ 106.8705173, -6.1288544 ], [ 106.8704853, -6.1285595 ], [ 106.8704799, -6.1282928 ], [ 106.8704465, -6.128003 ] ] } },
{ "type": "Feature", "properties": { "waterway": "drain", "name": "" }, "geometry": { "type": "LineString", "coordinates": [ [ 106.8672391, -6.1275792 ], [ 106.8672985, -6.1276032 ], [ 106.8672358, -6.1280004 ], [ 106.867217, -6.1281322 ], [ 106.8671887, -6.1283303 ], [ 106.867118, -6.1287074 ], [ 106.8670944, -6.129061 ], [ 106.8671297, -6.1294027 ], [ 106.8674243, -6.1302394 ], [ 106.8682604, -6.1324496 ], [ 106.8684997, -6.1331316 ], [ 106.8685345, -6.133285 ], [ 106.8686163, -6.133709 ], [ 106.8687531, -6.1346397 ], [ 106.8688363, -6.1356798 ], [ 106.8690522, -6.1377346 ] ] } },
{ "type": "Feature", "properties": { "waterway": "river", "name": "" }, "geometry": { "type": "LineString", "coordinates": [ [ 106.8495352, -6.1313127 ], [ 106.8494666, -6.1311089 ], [ 106.8493155, -6.1309007 ], [ 106.8489069, -6.1305971 ], [ 106.8486646, -6.1304003 ], [ 106.8485075, -6.1301938 ], [ 106.8483617, -6.1297187 ], [ 106.8481084, -6.1292249 ], [ 106.8479314, -6.1289716 ], [ 106.8479219, -6.1289494 ], [ 106.8477398, -6.1285222 ], [ 106.8477004, -6.1281379 ], [ 106.8478493, -6.1279405 ], [ 106.8477431, -6.1271593 ] ] } },
{ "type": "Feature", "properties": { "waterway": "canal", "name": "" }, "geometry": { "type": "LineString", "coordinates": [ [ 106.8545204, -6.1274012 ], [ 106.8539017, -6.1275778 ], [ 106.8529522, -6.1277752 ], [ 106.8522066, -6.1279512 ], [ 106.8509405, -6.1280405 ], [ 106.8501023, -6.1283896 ], [ 106.8488236, -6.1285293 ], [ 106.8485306, -6.1285022 ], [ 106.848304, -6.128386 ], [ 106.8480667, -6.1281865 ], [ 106.8478493, -6.1279405 ] ] } },
{ "type": "Feature", "properties": { "waterway": "canal", "name": "" }, "geometry": { "type": "LineString", "coordinates": [ [ 106.865173, -6.1242226 ], [ 106.8651503, -6.1235238 ], [ 106.8651369, -6.1231798 ], [ 106.8652361, -6.1228624 ], [ 106.8654802, -6.1226224 ], [ 106.865768, -6.1225589 ], [ 106.8675094, -6.1222448 ], [ 106.8676951, -6.122159 ] ] } },
{ "type": "Feature", "properties": { "waterway": "canal", "name": "" }, "geometry": { "type": "LineString", "coordinates": [ [ 106.8652361, -6.1228624 ], [ 106.8647021, -6.1227354 ], [ 106.8639159, -6.1225175 ] ] } },
{ "type": "Feature", "properties": { "waterway": "canal", "name": "" }, "geometry": { "type": "LineString", "coordinates": [ [ 106.8641583, -6.124346 ], [ 106.8639159, -6.1225175 ], [ 106.8638028, -6.1216643 ], [ 106.865631, -6.120845 ], [ 106.8663777, -6.1202476 ], [ 106.8662211, -6.1199365 ], [ 106.86618366196754, -6.119862070005245 ] ] } },
{ "type": "Feature", "properties": { "waterway": "river", "name": "Ancol" }, "geometry": { "type": "LineString", "coordinates": [ [ 106.8185031, -6.1317126 ], [ 106.8185879, -6.1317676 ], [ 106.8193037, -6.1320129 ], [ 106.8200469, -6.1321062 ], [ 106.8207335, -6.1320955 ], [ 106.8228042, -6.1317542 ], [ 106.8252826, -6.1311248 ], [ 106.8306243, -6.1303092 ], [ 106.830757, -6.1300767 ] ] } },
{ "type": "Feature", "properties": { "waterway": "river", "name": "Ancol" }, "geometry": { "type": "LineString", "coordinates": [ [ 106.830757, -6.1300767 ], [ 106.8310443, -6.1300376 ] ] } },
{ "type": "Feature", "properties": { "waterway": "river", "name": "Ancol" }, "geometry": { "type": "LineString", "coordinates": [ [ 106.8310443, -6.1300376 ], [ 106.8312076, -6.1300154 ], [ 106.8415612, -6.1282239 ], [ 106.8457418, -6.1275071 ], [ 106.8477431, -6.1271593 ], [ 106.8515226, -6.1263511 ], [ 106.8536925, -6.1254923 ], [ 106.8541901, -6.1252626 ], [ 106.864748837751264, -6.120389754664268 ] ] } },
{ "type": "Feature", "properties": { "waterway": "river", "name": "" }, "geometry": { "type": "LineString", "coordinates": [ [ 106.8272809, -6.1221114 ], [ 106.8252825, -6.12242 ], [ 106.8223916, -6.1219376 ] ] } },
{ "type": "Feature", "properties": { "waterway": "river", "name": "" }, "geometry": { "type": "LineString", "coordinates": [ [ 106.827516, -6.1220751 ], [ 106.8272809, -6.1221114 ] ] } },
{ "type": "Feature", "properties": { "waterway": "river", "name": "" }, "geometry": { "type": "LineString", "coordinates": [ [ 106.8291908, -6.1217876 ], [ 106.8290084, -6.1218187 ], [ 106.827516, -6.1220751 ] ] } },
{ "type": "Feature", "properties": { "waterway": "canal", "name": "" }, "geometry": { "type": "LineString", "coordinates": [ [ 106.8223916, -6.1219376 ], [ 106.8235116, -6.1157321 ] ] } },
{ "type": "Feature", "properties": { "waterway": "canal", "name": "" }, "geometry": { "type": "LineString", "coordinates": [ [ 106.89631, -6.1072782 ], [ 106.8971981, -6.1065316 ] ] } },
{ "type": "Feature", "properties": { "waterway": "canal", "name": "" }, "geometry": { "type": "LineString", "coordinates": [ [ 106.8971981, -6.1065316 ], [ 106.8974783, -6.0989929 ] ] } },
{ "type": "Feature", "properties": { "waterway": "river", "name": "Kali Ireng" }, "geometry": { "type": "LineString", "coordinates": [ [ 106.8010797, -6.1483719 ], [ 106.8007684, -6.1484477 ], [ 106.7997291, -6.1485272 ], [ 106.7982633, -6.1487631 ], [ 106.7965722, -6.1489872 ], [ 106.7950151, -6.1491465 ], [ 106.7940831, -6.1494112 ], [ 106.7938357, -6.1494458 ], [ 106.7936573, -6.1494196 ], [ 106.7935225, -6.1493498 ], [ 106.7933911, -6.1492405 ], [ 106.7911534, -6.1448737 ], [ 106.7908983, -6.144402 ], [ 106.7906573, -6.1438957 ], [ 106.7906263, -6.1437736 ], [ 106.7905909, -6.1434589 ], [ 106.790515, -6.1423279 ], [ 106.7905142, -6.14221 ], [ 106.7904668, -6.1419222 ], [ 106.7903548, -6.1417948 ], [ 106.7900887, -6.1415406 ], [ 106.7899385, -6.141366 ], [ 106.789852, -6.1412961 ], [ 106.7892819, -6.1408028 ], [ 106.7889172, -6.140216 ], [ 106.788488, -6.1394694 ], [ 106.787222, -6.1372078 ], [ 106.7867982, -6.1366238 ], [ 106.7863478, -6.1359293 ], [ 106.7862474, -6.1357186 ] ] } },
{ "type": "Feature", "properties": { "waterway": "river", "name": "" }, "geometry": { "type": "LineString", "coordinates": [ [ 106.7983215, -6.1421485 ], [ 106.7983062, -6.1421508 ], [ 106.7978067, -6.1422249 ], [ 106.7964287, -6.1423671 ], [ 106.7956502, -6.1424475 ], [ 106.7939918, -6.1426015 ], [ 106.7920339, -6.1427082 ], [ 106.7905142, -6.14221 ] ] } },
{ "type": "Feature", "properties": { "waterway": "river", "name": "" }, "geometry": { "type": "LineString", "coordinates": [ [ 106.7901681, -6.1423479 ], [ 106.790515, -6.1423279 ] ] } },
{ "type": "Feature", "properties": { "waterway": "river", "name": "" }, "geometry": { "type": "LineString", "coordinates": [ [ 106.7984347, -6.142129 ], [ 106.7983215, -6.1421485 ] ] } },
{ "type": "Feature", "properties": { "waterway": "river", "name": "" }, "geometry": { "type": "LineString", "coordinates": [ [ 106.79945, -6.1419528 ], [ 106.7984347, -6.142129 ] ] } },
{ "type": "Feature", "properties": { "waterway": "river", "name": "" }, "geometry": { "type": "LineString", "coordinates": [ [ 106.7996715, -6.1419322 ], [ 106.79945, -6.1419528 ] ] } },
{ "type": "Feature", "properties": { "waterway": "river", "name": "" }, "geometry": { "type": "LineString", "coordinates": [ [ 106.8004339, -6.1418454 ], [ 106.7996715, -6.1419322 ] ] } },
{ "type": "Feature", "properties": { "waterway": "river", "name": "" }, "geometry": { "type": "LineString", "coordinates": [ [ 106.8007256, -6.1418616 ], [ 106.8004339, -6.1418454 ] ] } },
{ "type": "Feature", "properties": { "waterway": "river", "name": "" }, "geometry": { "type": "LineString", "coordinates": [ [ 106.8078511, -6.1414656 ], [ 106.806892, -6.141661 ], [ 106.8068277, -6.1416669 ], [ 106.8064796, -6.1416987 ], [ 106.806318, -6.1417135 ], [ 106.8054685, -6.1417738 ], [ 106.8046181, -6.141738 ], [ 106.8007256, -6.1418616 ] ] } },
{ "type": "Feature", "properties": { "waterway": "river", "name": "Kanal Banjir Barat" }, "geometry": { "type": "LineString", "coordinates": [ [ 106.8003055, -6.1658396 ], [ 106.8000105, -6.1653196 ], [ 106.7995679, -6.1645561 ], [ 106.798981, -6.1632068 ], [ 106.7983882, -6.1618692 ], [ 106.7980106, -6.1609049 ], [ 106.7960279, -6.1562883 ], [ 106.7957447, -6.1556397 ], [ 106.7952125, -6.154189 ], [ 106.7947063, -6.1529703 ], [ 106.794337, -6.1520812 ], [ 106.7934272, -6.1505366 ], [ 106.7906721, -6.1452372 ], [ 106.7884748, -6.1411836 ], [ 106.787118, -6.1385071 ], [ 106.7868762, -6.1380869 ], [ 106.7862008, -6.1369477 ], [ 106.7856306, -6.1361726 ], [ 106.7847961, -6.1351208 ], [ 106.7842133, -6.1344528 ], [ 106.782072, -6.1322324 ], [ 106.7802787, -6.1302338 ], [ 106.7771575, -6.1269894 ], [ 106.7764457, -6.1262092 ], [ 106.7757188, -6.1252981 ], [ 106.7749643, -6.1243737 ], [ 106.7744637, -6.1236851 ], [ 106.7739406, -6.1224583 ], [ 106.7737489, -6.1222119 ], [ 106.77365, -6.122084 ], [ 106.7735227, -6.1218362 ], [ 106.7731603, -6.1211305 ], [ 106.7731329, -6.1207198 ], [ 106.7732835, -6.1205144 ], [ 106.7733396, -6.1202795 ], [ 106.7734886, -6.1201591 ], [ 106.7739245, -6.1199426 ], [ 106.7743754, -6.1196024 ], [ 106.7745968, -6.1192714 ], [ 106.7747695, -6.1190159 ], [ 106.7748294, -6.1186612 ], [ 106.7748167, -6.1185021 ], [ 106.7746387, -6.1180504 ], [ 106.7741048, -6.117229 ], [ 106.7739132, -6.1169963 ], [ 106.7735793, -6.1165548 ], [ 106.7730918, -6.1162571 ], [ 106.7724348, -6.1159696 ], [ 106.7720104, -6.1158601 ], [ 106.7713807, -6.1157369 ], [ 106.7706825, -6.1156 ], [ 106.770193718548072, -6.115542516892704 ] ] } },
{ "type": "Feature", "properties": { "waterway": "river", "name": "Krukut" }, "geometry": { "type": "LineString", "coordinates": [ [ 106.8078522, -6.1415172 ], [ 106.8078511, -6.1414656 ], [ 106.8078253, -6.1409216 ], [ 106.8077824, -6.1402475 ], [ 106.8077653, -6.1399882 ] ] } },
{ "type": "Feature", "properties": { "waterway": "river", "name": "Ciliwung Gajah Mada" }, "geometry": { "type": "LineString", "coordinates": [ [ 106.8173354, -6.14081 ], [ 106.8174244, -6.1406611 ], [ 106.8178354, -6.1403591 ], [ 106.8181943, -6.1401718 ] ] } },
{ "type": "Feature", "properties": { "waterway": "river", "name": "Krukut" }, "geometry": { "type": "LineString", "coordinates": [ [ 106.8077653, -6.1399882 ], [ 106.8077581, -6.1397801 ] ] } },
{ "type": "Feature", "properties": { "waterway": "river", "name": "Krukut" }, "geometry": { "type": "LineString", "coordinates": [ [ 106.8077581, -6.1397801 ], [ 106.8077126, -6.1390716 ], [ 106.8076825, -6.1386872 ] ] } },
{ "type": "Feature", "properties": { "waterway": "river", "name": "Krukut" }, "geometry": { "type": "LineString", "coordinates": [ [ 106.8076825, -6.1386872 ], [ 106.8076876, -6.1385849 ] ] } },
{ "type": "Feature", "properties": { "waterway": "river", "name": "Krukut" }, "geometry": { "type": "LineString", "coordinates": [ [ 106.8076876, -6.1385849 ], [ 106.8076756, -6.1384322 ], [ 106.8077084, -6.1380753 ], [ 106.8077711, -6.137915 ], [ 106.807867, -6.1375986 ], [ 106.8078946, -6.1371485 ], [ 106.8077805, -6.1366488 ], [ 106.8075404, -6.1362666 ], [ 106.8073837, -6.1358436 ], [ 106.8073653, -6.1357941 ], [ 106.8069906, -6.1336999 ], [ 106.8066439, -6.1329349 ], [ 106.8064298, -6.132019 ], [ 106.8056855, -6.1295579 ], [ 106.8055436, -6.1289493 ], [ 106.8054433, -6.128798 ], [ 106.8053601, -6.1287102 ], [ 106.8051203, -6.1284696 ] ] } },
{ "type": "Feature", "properties": { "waterway": "river", "name": "Kali Besar" }, "geometry": { "type": "LineString", "coordinates": [ [ 106.8123217, -6.1409331 ], [ 106.8123171, -6.1408325 ], [ 106.8121625, -6.1407082 ], [ 106.8114799, -6.1402335 ], [ 106.8114237, -6.1400253 ], [ 106.8113809, -6.1396591 ], [ 106.8114206, -6.139211 ], [ 106.8116335, -6.1388533 ], [ 106.8118392, -6.1385167 ], [ 106.8119879, -6.138259 ], [ 106.8120601, -6.1378963 ], [ 106.8121475, -6.1372136 ], [ 106.8120781, -6.1367603 ], [ 106.8108635, -6.1322454 ], [ 106.8104345, -6.1304532 ], [ 106.8100734, -6.1293491 ], [ 106.8097292, -6.1286201 ], [ 106.8094998, -6.1280191 ], [ 106.8095064, -6.1278304 ], [ 106.809502948409317, -6.127666524477188 ] ] } },
{ "type": "Feature", "properties": { "waterway": "river", "name": "" }, "geometry": { "type": "LineString", "coordinates": [ [ 106.7923353, -6.1270375 ], [ 106.7921593, -6.1270312 ] ] } },
{ "type": "Feature", "properties": { "waterway": "river", "name": "" }, "geometry": { "type": "LineString", "coordinates": [ [ 106.7921593, -6.1270312 ], [ 106.7920849, -6.1270285 ] ] } },
{ "type": "Feature", "properties": { "waterway": "river", "name": "" }, "geometry": { "type": "LineString", "coordinates": [ [ 106.8025978, -6.1270011 ], [ 106.8021015, -6.126991 ], [ 106.8013813, -6.1269857 ], [ 106.8009374, -6.126991 ], [ 106.8002964, -6.1269883 ], [ 106.7985744, -6.1270456 ], [ 106.7967679, -6.1270297 ], [ 106.7961577, -6.1270377 ], [ 106.7955783, -6.1270497 ], [ 106.7942419, -6.1270423 ], [ 106.7936381, -6.1270481 ], [ 106.7929923, -6.1270561 ], [ 106.7926291, -6.1270481 ], [ 106.7923353, -6.1270375 ] ] } },
{ "type": "Feature", "properties": { "waterway": "river", "name": "" }, "geometry": { "type": "LineString", "coordinates": [ [ 106.7920849, -6.1270285 ], [ 106.7917562, -6.1269597 ] ] } },
{ "type": "Feature", "properties": { "waterway": "river", "name": "" }, "geometry": { "type": "LineString", "coordinates": [ [ 106.7917562, -6.1269597 ], [ 106.7916088, -6.1269286 ] ] } },
{ "type": "Feature", "properties": { "waterway": "river", "name": "" }, "geometry": { "type": "LineString", "coordinates": [ [ 106.7916088, -6.1269286 ], [ 106.7906084, -6.1267192 ] ] } },
{ "type": "Feature", "properties": { "waterway": "river", "name": "" }, "geometry": { "type": "LineString", "coordinates": [ [ 106.8094998, -6.1280191 ], [ 106.8093502, -6.1278932 ], [ 106.8089962, -6.1278612 ], [ 106.8085456, -6.1278826 ], [ 106.8077463, -6.1279986 ], [ 106.8053526, -6.128419 ], [ 106.8051203, -6.1284696 ], [ 106.804889, -6.1284323 ], [ 106.804752, -6.1283611 ], [ 106.8036792, -6.1277921 ], [ 106.8035472, -6.1277019 ], [ 106.8025978, -6.1270011 ], [ 106.8023765, -6.1268173 ], [ 106.8023336, -6.1267838 ], [ 106.8023036, -6.1267225 ], [ 106.8022127, -6.1265767 ], [ 106.802154, -6.1264366 ], [ 106.80211, -6.1262434 ], [ 106.8020975, -6.1255037 ], [ 106.8020989, -6.1250016 ] ] } },
{ "type": "Feature", "properties": { "waterway": "river", "name": "" }, "geometry": { "type": "LineString", "coordinates": [ [ 106.7906084, -6.1267192 ], [ 106.7902983, -6.1266543 ] ] } },
{ "type": "Feature", "properties": { "waterway": "river", "name": "" }, "geometry": { "type": "LineString", "coordinates": [ [ 106.7902983, -6.1266543 ], [ 106.7902462, -6.1266434 ] ] } },
{ "type": "Feature", "properties": { "waterway": "river", "name": "" }, "geometry": { "type": "LineString", "coordinates": [ [ 106.7902462, -6.1266434 ], [ 106.7885939, -6.1263229 ] ] } },
{ "type": "Feature", "properties": { "waterway": "canal", "name": "" }, "geometry": { "type": "LineString", "coordinates": [ [ 106.7416403, -6.1347114 ], [ 106.7415878, -6.1347439 ] ] } },
{ "type": "Feature", "properties": { "waterway": "canal", "name": "" }, "geometry": { "type": "LineString", "coordinates": [ [ 106.7472424, -6.1329889 ], [ 106.7459563, -6.1321056 ], [ 106.7458033, -6.1319995 ], [ 106.7457375, -6.1319534 ], [ 106.7455559, -6.1318263 ], [ 106.7454889, -6.1317794 ], [ 106.744881, -6.1313503 ], [ 106.7444886, -6.1310427 ], [ 106.7438234, -6.1305973 ], [ 106.7436879, -6.1305069 ], [ 106.7429024, -6.1299449 ], [ 106.7428409, -6.1299061 ], [ 106.7424204, -6.1296185 ], [ 106.7419756, -6.1293198 ], [ 106.7417971, -6.1291769 ], [ 106.7386981, -6.1269645 ], [ 106.7386539, -6.1269298 ], [ 106.7384722, -6.1271685 ], [ 106.7381697, -6.1275558 ], [ 106.7381188, -6.1276059 ], [ 106.7380557, -6.1276675 ], [ 106.7377118, -6.1278979 ], [ 106.7375267, -6.1280326 ], [ 106.7373503, -6.1281799 ], [ 106.7367152, -6.1286574 ], [ 106.732498, -6.1319096 ], [ 106.7317729, -6.1324477 ], [ 106.7307286, -6.1332291 ], [ 106.7305072, -6.1335785 ], [ 106.73048, -6.1339478 ], [ 106.7304754, -6.1339769 ], [ 106.7304296, -6.1340019 ], [ 106.7300795, -6.1340489 ], [ 106.7300546, -6.1340634 ], [ 106.7300534, -6.1340904 ], [ 106.7299246, -6.1383467 ], [ 106.7298898, -6.1388748 ], [ 106.7298817, -6.1389973 ], [ 106.7298669, -6.1392032 ] ] } },
{ "type": "Feature", "properties": { "waterway": "drain", "name": "" }, "geometry": { "type": "LineString", "coordinates": [ [ 106.7525137, -6.13192 ], [ 106.7524957, -6.1321295 ] ] } },
{ "type": "Feature", "properties": { "waterway": "river", "name": "" }, "geometry": { "type": "LineString", "coordinates": [ [ 106.7773547, -6.1244763 ], [ 106.7768549, -6.1243508 ] ] } },
{ "type": "Feature", "properties": { "waterway": "river", "name": "" }, "geometry": { "type": "LineString", "coordinates": [ [ 106.7768549, -6.1243508 ], [ 106.775744, -6.1234646 ] ] } },
{ "type": "Feature", "properties": { "waterway": "river", "name": "" }, "geometry": { "type": "LineString", "coordinates": [ [ 106.775744, -6.1234646 ], [ 106.7757115, -6.1234386 ], [ 106.7749721, -6.1226449 ], [ 106.7743766, -6.122187 ], [ 106.7735227, -6.1218362 ] ] } },
{ "type": "Feature", "properties": { "waterway": "river", "name": "" }, "geometry": { "type": "LineString", "coordinates": [ [ 106.7627255, -6.1206097 ], [ 106.7627148, -6.1204017 ], [ 106.7626933, -6.1200337 ], [ 106.7626772, -6.119639 ], [ 106.7625914, -6.1192816 ], [ 106.7625431, -6.1189669 ], [ 106.7625197, -6.1187091 ], [ 106.7626018, -6.1171009 ], [ 106.7633284, -6.1169335 ], [ 106.7648362, -6.1169005 ], [ 106.7649285, -6.1179614 ], [ 106.7650156, -6.1185172 ], [ 106.7650361, -6.1187091 ], [ 106.7650436, -6.1188662 ], [ 106.7650543, -6.1190636 ], [ 106.7650637, -6.1192209 ], [ 106.7650919, -6.1192996 ], [ 106.7650986, -6.1194103 ], [ 106.765104, -6.119557 ], [ 106.765108, -6.119669 ], [ 106.7651214, -6.1197957 ], [ 106.7651093, -6.1198623 ], [ 106.7648921, -6.119889 ], [ 106.7648009, -6.119889 ], [ 106.7645836, -6.1199103 ], [ 106.7644281, -6.1199157 ], [ 106.764302, -6.1199423 ], [ 106.7640338, -6.1199823 ], [ 106.7638541, -6.1200117 ], [ 106.763728, -6.1200197 ], [ 106.7636046, -6.120025 ], [ 106.7635376, -6.1199823 ], [ 106.7635054, -6.119897 ], [ 106.7634759, -6.1198143 ], [ 106.763441, -6.1197317 ], [ 106.7633927, -6.1196383 ] ] } },
{ "type": "Feature", "properties": { "waterway": "river", "name": "" }, "geometry": { "type": "LineString", "coordinates": [ [ 106.7649285, -6.1179614 ], [ 106.7648378, -6.1179575 ], [ 106.7646943, -6.1179881 ], [ 106.7646151, -6.1179908 ], [ 106.7645011, -6.1179948 ], [ 106.7644086, -6.1180015 ], [ 106.7643375, -6.1180108 ], [ 106.7642597, -6.1180308 ], [ 106.7641779, -6.1180255 ], [ 106.7640814, -6.1180455 ], [ 106.7640277, -6.1180668 ], [ 106.7639848, -6.1180548 ], [ 106.7638802, -6.1180362 ], [ 106.7638158, -6.1180375 ], [ 106.7637555, -6.1180508 ], [ 106.763675, -6.1180668 ], [ 106.7636133, -6.1180682 ], [ 106.7635677, -6.1180708 ], [ 106.7634765, -6.1180948 ], [ 106.7633693, -6.1181148 ], [ 106.7633237, -6.1181055 ], [ 106.7632727, -6.1181015 ] ] } },
{ "type": "Feature", "properties": { "waterway": "drain", "name": "" }, "geometry": { "type": "LineString", "coordinates": [ [ 106.7373052, -6.1131213 ], [ 106.7372945, -6.1132866 ], [ 106.7370745, -6.113644 ], [ 106.735804, -6.1155181 ], [ 106.7356699, -6.1159821 ], [ 106.7356262, -6.1163643 ], [ 106.7356806, -6.1167182 ], [ 106.7358684, -6.1170756 ], [ 106.736158, -6.1175236 ], [ 106.7364255, -6.1177778 ], [ 106.7366731, -6.118001 ], [ 106.7371076, -6.1182757 ], [ 106.7380303, -6.1188144 ], [ 106.7395484, -6.1194038 ], [ 106.7421019, -6.1205186 ], [ 106.7441753, -6.1213267 ], [ 106.7451221, -6.1215907 ], [ 106.7460474, -6.121772 ], [ 106.7471364, -6.1218734 ], [ 106.7480189, -6.1218867 ], [ 106.749773, -6.1219587 ], [ 106.7513716, -6.1220307 ], [ 106.7520851, -6.1220426 ] ] } },
{ "type": "Feature", "properties": { "waterway": "river", "name": "" }, "geometry": { "type": "LineString", "coordinates": [ [ 106.770496870492551, -6.112303332267428 ], [ 106.7705663, -6.1123208 ], [ 106.7706404, -6.1123395 ], [ 106.7713165, -6.1125098 ], [ 106.7719066, -6.1125311 ], [ 106.7723679, -6.1122643 ], [ 106.7735374, -6.111379 ], [ 106.7739773, -6.1108562 ], [ 106.774398164819885, -6.11015135015503 ] ] } },
{ "type": "Feature", "properties": { "waterway": "river", "name": "" }, "geometry": { "type": "LineString", "coordinates": [ [ 106.7885939, -6.1263229 ], [ 106.7871291, -6.1260474 ], [ 106.7839885, -6.1254922 ], [ 106.7822327, -6.125169 ], [ 106.7808047, -6.1249577 ], [ 106.7800706, -6.1250186 ], [ 106.7790268, -6.1247871 ], [ 106.7780923, -6.1245991 ], [ 106.777505, -6.1245183 ], [ 106.7773547, -6.1244763 ] ] } },
{ "type": "Feature", "properties": { "waterway": "river", "name": "" }, "geometry": { "type": "LineString", "coordinates": [ [ 106.8020989, -6.1250016 ], [ 106.8021081, -6.1248586 ] ] } },
{ "type": "Feature", "properties": { "waterway": "river", "name": "Kali Grogol" }, "geometry": { "type": "LineString", "coordinates": [ [ 106.7856306, -6.1361726 ], [ 106.7862474, -6.1357186 ], [ 106.7862278, -6.1356465 ], [ 106.7840087, -6.1264791 ], [ 106.7839885, -6.1254922 ], [ 106.7838692, -6.1196625 ], [ 106.7841509, -6.1176413 ], [ 106.7842894, -6.1168535 ], [ 106.7844604, -6.1158804 ], [ 106.7850341, -6.112221 ], [ 106.7852406, -6.1108925 ], [ 106.7851862, -6.1083653 ] ] } },
{ "type": "Feature", "properties": { "waterway": "river", "name": "" }, "geometry": { "type": "LineString", "coordinates": [ [ 106.8021081, -6.1248586 ], [ 106.8020888, -6.124815 ], [ 106.8020166, -6.1246519 ], [ 106.801954, -6.1245599 ], [ 106.8019084, -6.124474 ], [ 106.8017224, -6.1242787 ], [ 106.8013254, -6.1238226 ], [ 106.8010545, -6.1233079 ], [ 106.80062, -6.1225399 ], [ 106.8003357, -6.1222598 ], [ 106.7995793, -6.1215158 ], [ 106.799531, -6.1210731 ], [ 106.7997724, -6.1206144 ], [ 106.7996544, -6.1192382 ], [ 106.799767, -6.1183261 ], [ 106.7997348, -6.1174674 ], [ 106.7995313, -6.1161804 ], [ 106.7993164, -6.1148218 ], [ 106.7975998, -6.1125389 ], [ 106.7973669, -6.1121419 ], [ 106.7973648, -6.1118098 ], [ 106.7974509, -6.1115328 ], [ 106.7974488, -6.1112781 ], [ 106.7974051, -6.1110203 ], [ 106.7973237, -6.1105118 ] ] } },
{ "type": "Feature", "properties": { "waterway": "river", "name": "" }, "geometry": { "type": "LineString", "coordinates": [ [ 106.7845972, -6.1169364 ], [ 106.7846859, -6.1169603 ] ] } },
{ "type": "Feature", "properties": { "waterway": "river", "name": "" }, "geometry": { "type": "LineString", "coordinates": [ [ 106.7842894, -6.1168535 ], [ 106.7845972, -6.1169364 ] ] } },
{ "type": "Feature", "properties": { "waterway": "river", "name": "" }, "geometry": { "type": "LineString", "coordinates": [ [ 106.7846859, -6.1169603 ], [ 106.7848518, -6.117005 ], [ 106.7849872, -6.1171941 ], [ 106.7852639, -6.1172686 ], [ 106.7859354, -6.1172141 ], [ 106.7869585, -6.1169477 ], [ 106.7877078, -6.1169391 ], [ 106.788532, -6.1171654 ], [ 106.7895292, -6.1171884 ], [ 106.7912093, -6.1172084 ], [ 106.7927915, -6.1171712 ], [ 106.7946359, -6.1170565 ], [ 106.7951691, -6.1171167 ], [ 106.7995313, -6.1161804 ] ] } },
{ "type": "Feature", "properties": { "waterway": "drain", "name": "" }, "geometry": { "type": "LineString", "coordinates": [ [ 106.7409745, -6.1021866 ], [ 106.7407331, -6.1041442 ], [ 106.7405668, -6.1054137 ], [ 106.7404917, -6.1058031 ], [ 106.7401591, -6.1070086 ], [ 106.7398962, -6.1076807 ], [ 106.7392686, -6.1088648 ], [ 106.7383896, -6.1103655 ], [ 106.7374616, -6.1119977 ], [ 106.7371926, -6.1124439 ], [ 106.737155, -6.1125666 ] ] } },
{ "type": "Feature", "properties": { "waterway": "drain", "name": "" }, "geometry": { "type": "LineString", "coordinates": [ [ 106.7713293, -6.1066061 ], [ 106.7714694, -6.106205 ], [ 106.7717363, -6.1054169 ], [ 106.7718758, -6.1051129 ], [ 106.771971, -6.1049355 ], [ 106.7721695, -6.1046382 ], [ 106.7722198, -6.1045442 ] ] } },
{ "type": "Feature", "properties": { "waterway": "drain", "name": "" }, "geometry": { "type": "LineString", "coordinates": [ [ 106.747866, -6.0953983 ], [ 106.7480792, -6.0951063 ] ] } },
{ "type": "Feature", "properties": { "waterway": "drain", "name": "" }, "geometry": { "type": "LineString", "coordinates": [ [ 106.7489529, -6.0923065 ], [ 106.7486666, -6.0932233 ] ] } },
{ "type": "Feature", "properties": { "waterway": "drain", "name": "" }, "geometry": { "type": "LineString", "coordinates": [ [ 106.7374056, -6.0910471 ], [ 106.7373585, -6.0911672 ] ] } },
{ "type": "Feature", "properties": { "waterway": "drain", "name": "" }, "geometry": { "type": "LineString", "coordinates": [ [ 106.7512643, -6.0901362 ], [ 106.7515878, -6.090255 ] ] } },
{ "type": "Feature", "properties": { "waterway": "drain", "name": "" }, "geometry": { "type": "LineString", "coordinates": [ [ 106.7479429, -6.0882233 ], [ 106.7482229, -6.0886322 ] ] } },
{ "type": "Feature", "properties": { "waterway": "river", "name": "Angke" }, "geometry": { "type": "MultiLineString", "coordinates": [ [ [ 106.71486820429655, -6.191605296462966 ], [ 106.7148721, -6.1916058 ], [ 106.7149472, -6.1913925 ], [ 106.7150008, -6.1910086 ], [ 106.714945705054731, -6.190655502617408 ] ], [ [ 106.717597627449081, -6.188259551549295 ], [ 106.7177367, -6.1881393 ], [ 106.717776413632393, -6.188073521726878 ] ], [ [ 106.718426164484242, -6.187785097553337 ], [ 106.7186594, -6.1878513 ], [ 106.718842556770795, -6.18780631499469 ] ], [ [ 106.719210160018648, -6.187697510290738 ], [ 106.719228, -6.1876913 ], [ 106.719264607693844, -6.187665064353812 ] ], [ [ 106.719947917830808, -6.187257872723996 ], [ 106.7200648, -6.1872114 ], [ 106.720109329635349, -6.187192032600057 ] ], [ [ 106.721104762666826, -6.186900642545392 ], [ 106.7211822, -6.1869487 ], [ 106.7213094, -6.1870832 ], [ 106.7214972, -6.1870048 ], [ 106.721629158947025, -6.18687601376564 ] ], [ [ 106.723375599529248, -6.185580908636757 ], [ 106.723562281027426, -6.185613719944771 ] ], [ [ 106.723528243727799, -6.184793986110682 ], [ 106.7234765, -6.1847687 ], [ 106.7231977, -6.1846621 ], [ 106.7230582, -6.1844594 ], [ 106.7229831, -6.1842461 ], [ 106.7230904, -6.1841501 ], [ 106.7232299, -6.1839475 ], [ 106.7233371, -6.1837448 ], [ 106.7234122, -6.1836808 ], [ 106.7235732, -6.1836488 ], [ 106.723659, -6.1837128 ], [ 106.7237663, -6.1838408 ], [ 106.7238521, -6.1839901 ], [ 106.7240131, -6.1839688 ], [ 106.7243027, -6.1838301 ], [ 106.7244315, -6.1836382 ], [ 106.7244315, -6.1834782 ], [ 106.7243778, -6.1832328 ], [ 106.7242062, -6.1829981 ], [ 106.7241311, -6.1828168 ], [ 106.7240399, -6.1825421 ], [ 106.7243832, -6.1814488 ], [ 106.7246997, -6.1808328 ], [ 106.7253193, -6.1798676 ], [ 106.7254293, -6.1796755 ], [ 106.7255258, -6.1794995 ], [ 106.7255258, -6.1793715 ], [ 106.7257113, -6.1792014 ], [ 106.7257994, -6.1789849 ], [ 106.7259496, -6.1786676 ], [ 106.726073, -6.1784943 ], [ 106.7262929, -6.1783449 ], [ 106.7266179, -6.1782201 ], [ 106.7266953, -6.1779849 ], [ 106.7266416, -6.1777396 ], [ 106.7266738, -6.1774622 ], [ 106.7268777, -6.1773129 ], [ 106.7271888, -6.1774303 ], [ 106.7274785, -6.1774409 ], [ 106.7276421, -6.1773635 ], [ 106.7277494, -6.1772303 ], [ 106.7277789, -6.1770676 ], [ 106.727736, -6.1768223 ], [ 106.7277789, -6.1766302 ], [ 106.7280284, -6.1763796 ], [ 106.7284441, -6.1760863 ], [ 106.7288518, -6.1758836 ], [ 106.7290369, -6.1757956 ], [ 106.7292487, -6.1758516 ], [ 106.7294526, -6.1759262 ], [ 106.7295544, -6.1759263 ], [ 106.7296457, -6.1758089 ], [ 106.7296618, -6.1757343 ], [ 106.7297832, -6.1756297 ], [ 106.7299132, -6.1755715 ], [ 106.7300373, -6.175565 ], [ 106.7303095, -6.1757703 ], [ 106.7304852, -6.1758743 ], [ 106.7307186, -6.1760863 ], [ 106.7309398, -6.176113 ], [ 106.7310606, -6.1759663 ], [ 106.7310941, -6.1758516 ], [ 106.7310083, -6.1755849 ], [ 106.7308608, -6.175169 ], [ 106.7308876, -6.1750062 ], [ 106.7309788, -6.1749183 ], [ 106.7311773, -6.1748356 ], [ 106.7314669, -6.1747156 ], [ 106.7318559, -6.174477 ], [ 106.7319685, -6.1743384 ], [ 106.7320047, -6.1742356 ], [ 106.7319859, -6.174121 ], [ 106.7319014, -6.1740836 ], [ 106.7317753, -6.1740303 ], [ 106.7317057, -6.1739476 ], [ 106.7316761, -6.1738676 ], [ 106.7317083, -6.1737729 ], [ 106.7317807, -6.1737063 ], [ 106.731876, -6.1735957 ], [ 106.7319095, -6.1734983 ], [ 106.7319337, -6.1730157 ], [ 106.7319564, -6.1729423 ], [ 106.7321308, -6.1727357 ], [ 106.7321952, -6.1726957 ], [ 106.7322743, -6.1726836 ], [ 106.7324714, -6.1727184 ], [ 106.732576, -6.172705 ], [ 106.7326109, -6.1726529 ], [ 106.7326605, -6.1724916 ], [ 106.7327611, -6.1723116 ], [ 106.7328966, -6.1721943 ], [ 106.7333257, -6.171937 ], [ 106.7333364, -6.1717983 ], [ 106.7334115, -6.1716169 ], [ 106.7335188, -6.1714836 ], [ 106.7336436, -6.1714517 ], [ 106.7337508, -6.1714943 ], [ 106.7341679, -6.1717784 ], [ 106.7342846, -6.1717717 ], [ 106.7343905, -6.1716956 ], [ 106.7344227, -6.1716116 ], [ 106.73442, -6.1714889 ], [ 106.7344388, -6.1712969 ], [ 106.7345247, -6.171221 ], [ 106.7346668, -6.171137 ], [ 106.7348921, -6.1710049 ], [ 106.7350142, -6.1709623 ], [ 106.7351241, -6.170973 ], [ 106.7351791, -6.171077 ], [ 106.7352972, -6.1712076 ], [ 106.7354098, -6.1712317 ], [ 106.735568, -6.1711476 ], [ 106.7357075, -6.1710157 ], [ 106.7357518, -6.1708957 ], [ 106.7357209, -6.1707783 ], [ 106.7355399, -6.1706077 ], [ 106.7354285, -6.1704543 ], [ 106.7354192, -6.1703156 ], [ 106.7354527, -6.1702063 ], [ 106.7355063, -6.1700783 ], [ 106.7356431, -6.1699423 ], [ 106.7357719, -6.1699209 ], [ 106.7358604, -6.1699743 ], [ 106.7359462, -6.1700716 ], [ 106.7360441, -6.1702303 ], [ 106.7361796, -6.1703263 ], [ 106.7363084, -6.1704023 ], [ 106.7364384, -6.1703875 ], [ 106.7365873, -6.1703156 ], [ 106.7367254, -6.1702303 ], [ 106.7370271, -6.1700863 ], [ 106.7372685, -6.1699956 ], [ 106.737467, -6.1698996 ], [ 106.73764, -6.1699143 ], [ 106.7377688, -6.1699823 ], [ 106.7378479, -6.1701143 ], [ 106.7378318, -6.1703796 ], [ 106.7378706, -6.170585 ], [ 106.7379699, -6.1706676 ], [ 106.7381215, -6.1706982 ], [ 106.738261, -6.170657 ], [ 106.73832, -6.170537 ], [ 106.7383562, -6.170373 ], [ 106.7383804, -6.1701956 ], [ 106.7383374, -6.170073 ], [ 106.7382355, -6.1699276 ], [ 106.738104, -6.1698276 ], [ 106.7378855, -6.1696916 ], [ 106.7378077, -6.169605 ], [ 106.7377245, -6.169489 ], [ 106.7377406, -6.1693356 ], [ 106.7377903, -6.1692277 ], [ 106.7378251, -6.1690877 ], [ 106.7378854, -6.1688863 ], [ 106.737982, -6.1687156 ], [ 106.7380732, -6.1686623 ], [ 106.7381725, -6.1686663 ], [ 106.7382932, -6.1687263 ], [ 106.7384755, -6.168865 ], [ 106.7385399, -6.1689583 ], [ 106.738603, -6.169061 ], [ 106.7386217, -6.1692129 ], [ 106.7385748, -6.1695543 ], [ 106.7385721, -6.1696823 ], [ 106.7386204, -6.169773 ], [ 106.7387035, -6.1698277 ], [ 106.7388215, -6.1698036 ], [ 106.7388806, -6.1697223 ], [ 106.738961, -6.1695157 ], [ 106.7390347, -6.1693463 ], [ 106.7390332, -6.1691162 ], [ 106.7390267, -6.1689156 ], [ 106.7390656, -6.1687689 ], [ 106.739177, -6.168721 ], [ 106.7392883, -6.1686596 ], [ 106.7393647, -6.1686343 ], [ 106.7394036, -6.1685583 ], [ 106.7393875, -6.1683103 ], [ 106.7393996, -6.1682637 ], [ 106.7394519, -6.1682236 ], [ 106.7395618, -6.1681903 ], [ 106.7397282, -6.168149 ], [ 106.7397992, -6.1681316 ], [ 106.7398649, -6.168081 ], [ 106.7399561, -6.1680543 ], [ 106.7399991, -6.1680503 ], [ 106.7400379, -6.1680782 ], [ 106.74005, -6.168137 ], [ 106.7400554, -6.168337 ], [ 106.7400701, -6.1684863 ], [ 106.7401037, -6.1685863 ], [ 106.7401814, -6.1686089 ], [ 106.7403356, -6.1685984 ], [ 106.740455, -6.1685477 ], [ 106.740506, -6.1684422 ], [ 106.7405194, -6.1683422 ], [ 106.7405181, -6.168221 ], [ 106.7404724, -6.1681263 ], [ 106.7403679, -6.1679942 ], [ 106.7403209, -6.1678516 ], [ 106.7403303, -6.1677116 ], [ 106.7403893, -6.1676316 ], [ 106.7404617, -6.167561 ], [ 106.7405677, -6.1675316 ], [ 106.7406387, -6.1675756 ], [ 106.7407045, -6.1676263 ], [ 106.7407527, -6.1676876 ], [ 106.7408131, -6.1677036 ], [ 106.740911, -6.167713 ], [ 106.7410263, -6.1676957 ], [ 106.7410974, -6.167689 ], [ 106.7411725, -6.1677169 ], [ 106.7411979, -6.1678063 ], [ 106.7412194, -6.1679596 ], [ 106.7412436, -6.1680956 ], [ 106.7413187, -6.1681423 ], [ 106.7414622, -6.1681622 ], [ 106.7415829, -6.1681276 ], [ 106.7416835, -6.1680649 ], [ 106.7417464, -6.1679836 ], [ 106.7417894, -6.1678729 ], [ 106.7418189, -6.1678103 ], [ 106.7418149, -6.167701 ], [ 106.7417411, -6.167569 ], [ 106.7417143, -6.1674649 ], [ 106.7417143, -6.1673636 ], [ 106.7417921, -6.1672449 ], [ 106.7419772, -6.1670569 ], [ 106.7423259, -6.1668036 ], [ 106.7424774, -6.1666529 ], [ 106.7425901, -6.1665275 ], [ 106.7427215, -6.1664516 ], [ 106.7427778, -6.1664662 ], [ 106.7429039, -6.1665196 ], [ 106.7430246, -6.1665716 ], [ 106.743164, -6.1666036 ], [ 106.7433035, -6.1666169 ], [ 106.7434712, -6.1666223 ], [ 106.7435986, -6.1666156 ], [ 106.7437393, -6.1665929 ], [ 106.7438627, -6.1665102 ], [ 106.7439304, -6.1663991 ], [ 106.7439963, -6.166363 ], [ 106.7440704, -6.1663933 ], [ 106.7441136, -6.1664396 ], [ 106.7441323, -6.1665222 ], [ 106.7441994, -6.1666676 ], [ 106.7443013, -6.1667209 ], [ 106.7444032, -6.1667423 ], [ 106.7445065, -6.1667343 ], [ 106.7446259, -6.166693 ], [ 106.7447157, -6.1666236 ], [ 106.7447841, -6.166561 ], [ 106.7448592, -6.1664582 ], [ 106.7449155, -6.166405 ], [ 106.7450094, -6.1664169 ], [ 106.7450778, -6.1664436 ], [ 106.7451703, -6.1664997 ], [ 106.7452911, -6.1665423 ], [ 106.7454439, -6.1665077 ], [ 106.7455418, -6.1664543 ], [ 106.7456545, -6.1663743 ], [ 106.7457014, -6.1662876 ], [ 106.7457121, -6.166197 ], [ 106.7456933, -6.1660222 ], [ 106.7456826, -6.1659462 ], [ 106.7457175, -6.1658049 ], [ 106.7458194, -6.1657476 ], [ 106.7459468, -6.1657516 ], [ 106.7460394, -6.1658036 ], [ 106.7461037, -6.1659742 ], [ 106.7462526, -6.1661009 ], [ 106.7464068, -6.1661103 ], [ 106.7465785, -6.1660422 ], [ 106.7467247, -6.1659503 ], [ 106.746828, -6.165841 ], [ 106.7468131, -6.165717 ], [ 106.7466925, -6.165593 ], [ 106.7465678, -6.1654756 ], [ 106.746498, -6.1653276 ], [ 106.7465289, -6.165189 ], [ 106.7465973, -6.1650889 ], [ 106.7467488, -6.1650369 ], [ 106.7467998, -6.1650343 ], [ 106.746844, -6.1650676 ], [ 106.7468816, -6.1651383 ], [ 106.7469043, -6.1652463 ], [ 106.7469607, -6.1652942 ], [ 106.7470465, -6.1653649 ], [ 106.7471712, -6.1654102 ], [ 106.7473242, -6.1653556 ], [ 106.7474743, -6.1653289 ], [ 106.7475857, -6.1654036 ], [ 106.7477989, -6.1655476 ], [ 106.7480282, -6.165669 ], [ 106.7484184, -6.1658382 ], [ 106.7488823, -6.1658263 ] ] ] } },
{ "type": "Feature", "properties": { "waterway": "river", "name": "" }, "geometry": { "type": "LineString", "coordinates": [ [ 106.701089, -6.176416 ], [ 106.7020355, -6.1756703 ], [ 106.7028359, -6.1750892 ], [ 106.7033386, -6.174785 ], [ 106.7035317, -6.1748703 ], [ 106.703698, -6.1749396 ], [ 106.7039046, -6.1749022 ], [ 106.7040386, -6.1749502 ], [ 106.7042613, -6.1748596 ], [ 106.7044115, -6.1748489 ], [ 106.7045295, -6.1749663 ], [ 106.7047441, -6.1749556 ], [ 106.7048755, -6.174873 ], [ 106.7049828, -6.1748756 ], [ 106.7052054, -6.1748703 ], [ 106.7053879, -6.1747475 ], [ 106.7055487, -6.1746036 ], [ 106.7057636, -6.1743663 ], [ 106.7059672, -6.1742623 ], [ 106.706171, -6.1741449 ], [ 106.7063427, -6.1740915 ], [ 106.7065358, -6.1739956 ], [ 106.706686, -6.1740489 ], [ 106.7070508, -6.174113 ], [ 106.7071688, -6.1740943 ], [ 106.7073512, -6.1741023 ], [ 106.7074263, -6.1741769 ], [ 106.707602, -6.1743196 ], [ 106.7077307, -6.1744317 ], [ 106.7078904, -6.174488 ], [ 106.7082457, -6.1745868 ], [ 106.7085715, -6.1746509 ], [ 106.7088707, -6.1746482 ], [ 106.709509, -6.1744933 ], [ 106.7098803, -6.1744025 ], [ 106.7100726, -6.1743197 ], [ 106.7104011, -6.1742688 ], [ 106.7105599, -6.1742161 ], [ 106.7106845, -6.1741621 ], [ 106.7107563, -6.174082 ], [ 106.7108166, -6.1740276 ], [ 106.7109005, -6.1742343 ], [ 106.711189, -6.1749073 ], [ 106.711288, -6.1752893 ], [ 106.7113521, -6.1756845 ], [ 106.7114056, -6.1760478 ], [ 106.711475, -6.1766033 ], [ 106.7115821, -6.1773773 ] ] } },
{ "type": "Feature", "properties": { "waterway": "river", "name": "Semanan" }, "geometry": { "type": "LineString", "coordinates": [ [ 106.7108166, -6.1740276 ], [ 106.7107522, -6.1738996 ], [ 106.7107629, -6.1736116 ], [ 106.7108381, -6.1732276 ], [ 106.7112243, -6.1725556 ], [ 106.7113101, -6.1724809 ], [ 106.7117822, -6.1717983 ], [ 106.7123723, -6.1716916 ], [ 106.7124903, -6.1716383 ], [ 106.7135283, -6.1688748 ], [ 106.7136227, -6.168525 ], [ 106.7136141, -6.1683372 ], [ 106.7137171, -6.1679276 ], [ 106.7138974, -6.167757 ], [ 106.7141634, -6.1674924 ], [ 106.715523, -6.1666724 ], [ 106.7162577, -6.1662295 ], [ 106.7166182, -6.1659137 ], [ 106.7167212, -6.1655724 ], [ 106.7166439, -6.1650263 ], [ 106.7165152, -6.1639425 ], [ 106.7188344, -6.1635627 ], [ 106.7208411, -6.1632342 ] ] } },
{ "type": "Feature", "properties": { "waterway": "drain", "name": "" }, "geometry": { "type": "LineString", "coordinates": [ [ 106.7056431, -6.1676782 ], [ 106.7056632, -6.1676353 ], [ 106.7056955, -6.1675664 ], [ 106.7058557, -6.1672126 ], [ 106.7059328, -6.1668986 ], [ 106.7059534, -6.1667273 ], [ 106.7059418, -6.166567 ], [ 106.7059278, -6.1664022 ], [ 106.7059464, -6.1663581 ], [ 106.7059768, -6.1663372 ], [ 106.7061613, -6.1662885 ], [ 106.706201, -6.1662652 ], [ 106.7061963, -6.1661817 ], [ 106.7061216, -6.1658799 ], [ 106.7061216, -6.1658265 ], [ 106.7061893, -6.1657243 ], [ 106.7062313, -6.1656849 ], [ 106.706278, -6.1656756 ], [ 106.7065535, -6.1656431 ], [ 106.7070999, -6.1655502 ], [ 106.7075693, -6.1654806 ], [ 106.7080946, -6.165397 ], [ 106.708662, -6.1652856 ], [ 106.7095634, -6.1651347 ], [ 106.7106118, -6.1649768 ], [ 106.7116182, -6.1647957 ], [ 106.7121085, -6.1647145 ], [ 106.7127039, -6.1646193 ], [ 106.7130845, -6.1645682 ], [ 106.7134161, -6.1645055 ], [ 106.7135492, -6.1644591 ], [ 106.7137337, -6.1644104 ], [ 106.7141306, -6.1643384 ], [ 106.7142567, -6.1642989 ], [ 106.7143641, -6.1642896 ], [ 106.7145602, -6.1642688 ], [ 106.7156974, -6.1640645 ], [ 106.7163979, -6.1639553 ], [ 106.7165152, -6.1639425 ] ] } },
{ "type": "Feature", "properties": { "waterway": "river", "name": "Semanan" }, "geometry": { "type": "LineString", "coordinates": [ [ 106.7208411, -6.1632342 ], [ 106.7207295, -6.1627564 ] ] } },
{ "type": "Feature", "properties": { "waterway": "canal", "name": "" }, "geometry": { "type": "LineString", "coordinates": [ [ 106.7375598, -6.1597584 ], [ 106.7371721, -6.1599422 ], [ 106.7363285, -6.1602662 ], [ 106.7357569, -6.1604709 ], [ 106.7351014, -6.1606591 ], [ 106.7343144, -6.160824 ], [ 106.7334327, -6.1609781 ], [ 106.7324714, -6.1611359 ], [ 106.7314127, -6.1613111 ] ] } },
{ "type": "Feature", "properties": { "waterway": "river", "name": "Semanan" }, "geometry": { "type": "LineString", "coordinates": [ [ 106.7207295, -6.1627564 ], [ 106.7205492, -6.162671 ], [ 106.7205578, -6.1625004 ], [ 106.7206608, -6.1622785 ], [ 106.7206549, -6.1620275 ], [ 106.7206657, -6.1619102 ], [ 106.7207128, -6.1617691 ], [ 106.7207449, -6.1617224 ], [ 106.7210412, -6.1614836 ], [ 106.721127, -6.1614302 ], [ 106.7212343, -6.1613875 ], [ 106.7217171, -6.1613875 ], [ 106.7219853, -6.1613875 ], [ 106.7221141, -6.1613448 ], [ 106.7222213, -6.1613129 ], [ 106.7228865, -6.1609396 ], [ 106.7232191, -6.1607582 ], [ 106.7233908, -6.1605235 ], [ 106.7235195, -6.1602889 ], [ 106.7235624, -6.1601395 ], [ 106.723541, -6.1599582 ], [ 106.7234873, -6.1597768 ], [ 106.7234015, -6.1596275 ], [ 106.7232728, -6.1595529 ], [ 106.7231011, -6.1594995 ], [ 106.722908, -6.1594782 ], [ 106.7227363, -6.1594462 ], [ 106.7226076, -6.1594035 ], [ 106.7224252, -6.1592968 ], [ 106.7223394, -6.1591582 ], [ 106.7223072, -6.1590088 ], [ 106.7223179, -6.1588169 ], [ 106.7223608, -6.1586034 ], [ 106.7223501, -6.1584434 ], [ 106.7223072, -6.1582835 ], [ 106.7222321, -6.1581554 ], [ 106.7220604, -6.1581235 ], [ 106.7217064, -6.1581235 ], [ 106.7214703, -6.1581235 ], [ 106.7213738, -6.1581128 ], [ 106.7209875, -6.1579315 ], [ 106.7208481, -6.1578568 ], [ 106.7208051, -6.1577501 ], [ 106.7207622, -6.1576008 ], [ 106.720765, -6.1573421 ], [ 106.7207622, -6.1570567 ], [ 106.7207086, -6.1565874 ], [ 106.7206442, -6.1559367 ], [ 106.7206871, -6.1556808 ], [ 106.7207622, -6.1553607 ], [ 106.7207086, -6.1548807 ], [ 106.7206978, -6.1547101 ], [ 106.7209232, -6.1544433 ], [ 106.7209178, -6.1542407 ], [ 106.7207622, -6.1537874 ], [ 106.7207408, -6.153574 ], [ 106.7208427, -6.153478 ], [ 106.7209446, -6.153382 ], [ 106.7209672, -6.1531971 ] ] } },
{ "type": "Feature", "properties": { "waterway": "canal", "name": "" }, "geometry": { "type": "LineString", "coordinates": [ [ 106.7377574, -6.1601196 ], [ 106.7375598, -6.1597584 ], [ 106.7375395, -6.1597102 ], [ 106.7373539, -6.1594286 ], [ 106.7369087, -6.1590673 ], [ 106.7367343, -6.1589246 ], [ 106.7366163, -6.1574419 ], [ 106.7371635, -6.1571032 ], [ 106.7377964, -6.1565712 ], [ 106.7380143, -6.1562755 ], [ 106.7380486, -6.1561085 ], [ 106.7379976, -6.1559165 ], [ 106.7379311, -6.1557795 ], [ 106.7379091, -6.1550075 ] ] } },
{ "type": "Feature", "properties": { "waterway": "drain", "name": "" }, "geometry": { "type": "LineString", "coordinates": [ [ 106.68920757252647, -6.166837170579575 ], [ 106.6892252, -6.1668165 ], [ 106.6892672, -6.1666795 ], [ 106.6892188, -6.1663284 ], [ 106.6892127, -6.1662253 ], [ 106.6892127, -6.1660717 ], [ 106.6892717, -6.1656857 ], [ 106.6893293, -6.1650874 ], [ 106.6893049, -6.1642831 ], [ 106.6893171, -6.1640648 ] ] } },
{ "type": "Feature", "properties": { "waterway": "drain", "name": "" }, "geometry": { "type": "LineString", "coordinates": [ [ 106.68561698985863, -6.117672188184003 ], [ 106.6857219, -6.117425 ], [ 106.6859016, -6.1170222 ], [ 106.6860545, -6.1167689 ], [ 106.6862208, -6.1165529 ], [ 106.6871944, -6.1155154 ], [ 106.6874278, -6.1152967 ], [ 106.6875511, -6.1151367 ] ] } },
{ "type": "Feature", "properties": { "waterway": "river", "name": "" }, "geometry": { "type": "LineString", "coordinates": [ [ 106.690074256549693, -6.159979078658296 ], [ 106.6908019, -6.1599475 ], [ 106.6914888, -6.1598835 ], [ 106.6920367, -6.1598162 ], [ 106.6925883, -6.1597929 ], [ 106.6930174, -6.1598248 ], [ 106.6934895, -6.1598302 ], [ 106.6940849, -6.1598675 ], [ 106.6948026, -6.1598492 ], [ 106.6949514, -6.1598407 ], [ 106.6957318, -6.1598408 ], [ 106.6975451, -6.1595154 ], [ 106.6996479, -6.1589982 ], [ 106.7010319, -6.1584861 ], [ 106.7016863, -6.1582621 ], [ 106.7026143, -6.1581128 ], [ 106.7033225, -6.1578728 ], [ 106.7041218, -6.1573234 ], [ 106.7065572, -6.1563634 ], [ 106.7070293, -6.1562781 ], [ 106.7080271, -6.1562994 ], [ 106.7091322, -6.1562461 ], [ 106.7108059, -6.1560008 ], [ 106.7134666, -6.1560754 ], [ 106.7140674, -6.1560008 ], [ 106.714518, -6.1558941 ], [ 106.7150116, -6.1557021 ], [ 106.7158113, -6.1551188 ], [ 106.7165537, -6.1545808 ], [ 106.7174085, -6.1540749 ], [ 106.7178322, -6.153877 ], [ 106.7186835, -6.153542 ], [ 106.7194211, -6.1533553 ], [ 106.7209672, -6.1531971 ], [ 106.7210122, -6.1531975 ], [ 106.7218458, -6.153206 ], [ 106.7227041, -6.1533553 ], [ 106.72387, -6.1537474 ], [ 106.7251289, -6.1541127 ], [ 106.7265558, -6.1544113 ], [ 106.7275214, -6.1545927 ], [ 106.7281866, -6.1547527 ], [ 106.7287043, -6.1547954 ], [ 106.7295063, -6.1549674 ], [ 106.730297, -6.1551852 ], [ 106.7308124, -6.1553261 ], [ 106.7309485, -6.1553631 ], [ 106.7313409, -6.1553928 ], [ 106.7330816, -6.155214 ], [ 106.733669, -6.1550834 ], [ 106.7342111, -6.155029 ], [ 106.7348492, -6.1549981 ], [ 106.735709, -6.155001 ], [ 106.7379091, -6.1550075 ], [ 106.7383039, -6.1550087 ], [ 106.7400956, -6.1550087 ], [ 106.7426276, -6.1551687 ], [ 106.7432707, -6.1552181 ], [ 106.7439366, -6.1552967 ], [ 106.7456746, -6.1555314 ], [ 106.7477732, -6.155715 ], [ 106.7479857, -6.1557429 ], [ 106.7481535, -6.1557492 ], [ 106.7484371, -6.1557757 ], [ 106.7486008, -6.155791 ], [ 106.7495906, -6.1558834 ], [ 106.7497709, -6.1559158 ], [ 106.7498993, -6.1559213 ], [ 106.750965, -6.1560192 ], [ 106.7512865, -6.1560633 ], [ 106.7526461, -6.1562565 ], [ 106.7529499, -6.1562984 ], [ 106.7539025, -6.1564182 ], [ 106.7542684, -6.1564381 ], [ 106.7558026, -6.1569058 ], [ 106.7559382, -6.1569462 ], [ 106.7562385, -6.1570328 ], [ 106.7573873, -6.157373 ], [ 106.7575432, -6.1574232 ], [ 106.760906, -6.1585473 ], [ 106.7610385, -6.1585916 ], [ 106.7613948, -6.1587122 ], [ 106.7618242, -6.1588008 ], [ 106.7623526, -6.1588515 ], [ 106.7628407, -6.1588488 ], [ 106.7633772, -6.1588275 ], [ 106.7637935, -6.1589 ], [ 106.7639874, -6.1589568 ], [ 106.7646753, -6.1593182 ], [ 106.76548, -6.1597021 ], [ 106.7662739, -6.1598728 ], [ 106.7666484, -6.1598813 ], [ 106.7667473, -6.1598835 ] ] } },
{ "type": "Feature", "properties": { "waterway": "canal", "name": "" }, "geometry": { "type": "MultiLineString", "coordinates": [ [ [ 106.7298669, -6.1392032 ], [ 106.7298542, -6.1392932 ], [ 106.7297983, -6.1397186 ], [ 106.7296878, -6.1402055 ], [ 106.7295123, -6.1410995 ], [ 106.7292783, -6.1419068 ], [ 106.7290717, -6.1430895 ], [ 106.7282805, -6.1436803 ], [ 106.7280659, -6.1437336 ], [ 106.7278406, -6.143627 ], [ 106.7260167, -6.1429229 ], [ 106.7231092, -6.1418349 ], [ 106.7184743, -6.1401388 ], [ 106.7177984, -6.1399574 ], [ 106.7174766, -6.1399467 ], [ 106.7171762, -6.1400108 ], [ 106.716865, -6.1401307 ], [ 106.7159316, -6.1406721 ], [ 106.7157256, -6.1407586 ], [ 106.7152815, -6.1408344 ], [ 106.7149016, -6.1408215 ], [ 106.7114049, -6.1399941 ], [ 106.7102641, -6.1397014 ], [ 106.7097759, -6.1394614 ], [ 106.7093662, -6.1391384 ], [ 106.7089418, -6.138824 ], [ 106.7087118, -6.1386424 ], [ 106.7084972, -6.1384717 ], [ 106.7080466, -6.1381357 ], [ 106.7071346, -6.1374663 ], [ 106.7053958, -6.1361624 ], [ 106.7050794, -6.1359198 ], [ 106.7048675, -6.1358318 ], [ 106.7046643, -6.1358049 ], [ 106.7044062, -6.1358318 ], [ 106.702188, -6.1362132 ], [ 106.7006376, -6.1364478 ], [ 106.700238, -6.1364478 ], [ 106.6997927, -6.1363919 ], [ 106.6994226, -6.1362771 ], [ 106.6990551, -6.1362106 ], [ 106.6988092, -6.1361206 ], [ 106.6985491, -6.1359739 ], [ 106.6980158, -6.1356585 ], [ 106.697657, -6.1354595 ], [ 106.6972527, -6.1352104 ], [ 106.696495, -6.1349238 ], [ 106.6959411, -6.1348251 ], [ 106.6954764, -6.1348075 ], [ 106.6951418, -6.1347824 ], [ 106.6946644, -6.1348318 ], [ 106.6940153, -6.1350291 ], [ 106.6934493, -6.1353011 ], [ 106.6929183, -6.1357225 ], [ 106.6924247, -6.1362771 ], [ 106.6917917, -6.1371519 ], [ 106.691749, -6.1372078 ], [ 106.6910018, -6.1381866 ], [ 106.6905297, -6.1387606 ], [ 106.6902139, -6.1392194 ], [ 106.6890398, -6.1408815 ], [ 106.6886864, -6.1413126 ], [ 106.6880742, -6.1420696 ], [ 106.687629, -6.1426642 ], [ 106.6874927, -6.1429145 ], [ 106.6873744, -6.1433572 ], [ 106.6873435, -6.1434844 ], [ 106.6873283, -6.1436425 ], [ 106.687316, -6.1438264 ], [ 106.6873175, -6.1440092 ], [ 106.6873696, -6.1452268 ], [ 106.6874581, -6.1464841 ], [ 106.6874992, -6.1477631 ], [ 106.687505572771357, -6.148461817186938 ] ], [ [ 106.687731765047488, -6.153461601512386 ], [ 106.6877141, -6.1535421 ], [ 106.687679968342565, -6.153595209724873 ] ] ] } },
{ "type": "Feature", "properties": { "waterway": "canal", "name": "" }, "geometry": { "type": "LineString", "coordinates": [ [ 106.7332077, -6.1421175 ], [ 106.7329444, -6.1421105 ], [ 106.7329511, -6.1419331 ] ] } },
{ "type": "Feature", "properties": { "waterway": "canal", "name": "" }, "geometry": { "type": "LineString", "coordinates": [ [ 106.741373, -6.1415648 ], [ 106.7412671, -6.1417235 ], [ 106.7411383, -6.1418741 ], [ 106.7409439, -6.1420689 ], [ 106.7406394, -6.1424028 ], [ 106.7405241, -6.1422935 ], [ 106.7404725, -6.1421935 ], [ 106.7402163, -6.1422229 ], [ 106.7389395, -6.1421909 ], [ 106.7341116, -6.1421268 ], [ 106.7338567, -6.1421216 ], [ 106.7332077, -6.1421175 ] ] } },
{ "type": "Feature", "properties": { "waterway": "canal", "name": "" }, "geometry": { "type": "LineString", "coordinates": [ [ 106.7329511, -6.1419331 ], [ 106.7329716, -6.1413188 ], [ 106.7329743, -6.1409855 ], [ 106.733042, -6.137064 ] ] } },
{ "type": "Feature", "properties": { "waterway": "canal", "name": "" }, "geometry": { "type": "LineString", "coordinates": [ [ 106.7330478, -6.1367309 ], [ 106.7334381, -6.1367381 ] ] } },
{ "type": "Feature", "properties": { "waterway": "canal", "name": "" }, "geometry": { "type": "LineString", "coordinates": [ [ 106.733042, -6.137064 ], [ 106.7330478, -6.1367309 ], [ 106.7330626, -6.1363069 ] ] } },
{ "type": "Feature", "properties": { "waterway": "drain", "name": "" }, "geometry": { "type": "LineString", "coordinates": [ [ 106.737155, -6.1125666 ], [ 106.7373052, -6.1131213 ] ] } },
{ "type": "Feature", "properties": { "waterway": "canal", "name": "" }, "geometry": { "type": "LineString", "coordinates": [ [ 106.7043116, -6.1092614 ], [ 106.7042851, -6.1092224 ], [ 106.7042489, -6.1091377 ], [ 106.7041942, -6.10904 ], [ 106.7040065, -6.1087054 ], [ 106.7038952, -6.1085106 ], [ 106.703873, -6.1084713 ], [ 106.7038564, -6.1084598 ], [ 106.7038362, -6.1084333 ] ] } },
{ "type": "Feature", "properties": { "waterway": "canal", "name": "" }, "geometry": { "type": "LineString", "coordinates": [ [ 106.7259657, -6.1072744 ], [ 106.7359829, -6.1000684 ], [ 106.736260217674499, -6.099807113933768 ] ] } },
{ "type": "Feature", "properties": { "waterway": "drain", "name": "" }, "geometry": { "type": "LineString", "coordinates": [ [ 106.7340621, -6.0910824 ], [ 106.7339637, -6.0909882 ] ] } },
{ "type": "Feature", "properties": { "waterway": "drain", "name": "" }, "geometry": { "type": "LineString", "coordinates": [ [ 106.7336493, -6.0906875 ], [ 106.7335514, -6.0905938 ] ] } },
{ "type": "Feature", "properties": { "waterway": "drain", "name": "" }, "geometry": { "type": "LineString", "coordinates": [ [ 106.7370697, -6.0878102 ], [ 106.7371707, -6.0879024 ] ] } },
{ "type": "Feature", "properties": { "waterway": "drain", "name": "" }, "geometry": { "type": "LineString", "coordinates": [ [ 106.7335887, -6.0876009 ], [ 106.7336856, -6.0875006 ] ] } },
{ "type": "Feature", "properties": { "waterway": "drain", "name": "" }, "geometry": { "type": "LineString", "coordinates": [ [ 106.7366678, -6.0874162 ], [ 106.7367654, -6.0875137 ] ] } },
{ "type": "Feature", "properties": { "waterway": "drain", "name": "" }, "geometry": { "type": "LineString", "coordinates": [ [ 106.7348815, -6.0856022 ], [ 106.7349931, -6.0857433 ] ] } },
{ "type": "Feature", "properties": { "waterway": "drain", "name": "" }, "geometry": { "type": "LineString", "coordinates": [ [ 106.7343322, -6.0850196 ], [ 106.734708, -6.0854173 ] ] } },
{ "type": "Feature", "properties": { "waterway": "drain", "name": "" }, "geometry": { "type": "LineString", "coordinates": [ [ 106.7339689, -6.0835523 ], [ 106.7331353, -6.0825563 ] ] } }
]
}
